-- Database Manager 4.2.5 dump

SET NAMES utf8;
SET time_zone = '+00:00';
SET foreign_key_checks = 0;
SET sql_mode = 'NO_AUTO_VALUE_ON_ZERO';

SET NAMES utf8mb4;

DROP TABLE IF EXISTS `abilities`;
CREATE TABLE `abilities` (
  `id` bigint(20) unsigned NOT NULL AUTO_INCREMENT,
  `name` varchar(191) COLLATE utf8mb4_unicode_ci NOT NULL,
  `created_at` timestamp NULL DEFAULT NULL,
  `updated_at` timestamp NULL DEFAULT NULL,
  PRIMARY KEY (`id`)
) ENGINE=InnoDB DEFAULT CHARSET=utf8mb4 COLLATE=utf8mb4_unicode_ci;


DROP TABLE IF EXISTS `announcements`;
CREATE TABLE `announcements` (
  `id` bigint(20) unsigned NOT NULL AUTO_INCREMENT,
  `country_id` bigint(20) unsigned NOT NULL,
  `created_at` timestamp NULL DEFAULT NULL,
  `updated_at` timestamp NULL DEFAULT NULL,
  PRIMARY KEY (`id`),
  KEY `announcements_country_id_foreign` (`country_id`),
  CONSTRAINT `announcements_country_id_foreign` FOREIGN KEY (`country_id`) REFERENCES `countries` (`id`) ON DELETE CASCADE
) ENGINE=InnoDB DEFAULT CHARSET=utf8mb4 COLLATE=utf8mb4_unicode_ci;

INSERT INTO `announcements` (`id`, `country_id`, `created_at`, `updated_at`) VALUES
(1,	117,	'2020-08-04 22:35:11',	'2020-09-12 18:58:49');

DROP TABLE IF EXISTS `announcement_translations`;
CREATE TABLE `announcement_translations` (
  `id` bigint(20) unsigned NOT NULL AUTO_INCREMENT,
  `announcement_id` bigint(20) unsigned NOT NULL,
  `name` varchar(191) COLLATE utf8mb4_unicode_ci NOT NULL,
  `locale` varchar(5) COLLATE utf8mb4_unicode_ci NOT NULL,
  `created_at` timestamp NULL DEFAULT NULL,
  `updated_at` timestamp NULL DEFAULT NULL,
  PRIMARY KEY (`id`),
  UNIQUE KEY `announcement_translations_announcement_id_locale_unique` (`announcement_id`,`locale`),
  KEY `announcement_translations_locale_index` (`locale`),
  CONSTRAINT `announcement_translations_announcement_id_foreign` FOREIGN KEY (`announcement_id`) REFERENCES `announcements` (`id`) ON DELETE CASCADE
) ENGINE=InnoDB DEFAULT CHARSET=utf8mb4 COLLATE=utf8mb4_unicode_ci;

INSERT INTO `announcement_translations` (`id`, `announcement_id`, `name`, `locale`, `created_at`, `updated_at`) VALUES
(1,	1,	'Don\'t Wait in Kuwait',	'en',	'2020-08-04 22:35:11',	'2020-09-12 18:58:49'),
(2,	1,	'Hello Kuwait Announcement',	'ar',	'2020-08-04 22:35:11',	'2020-08-04 22:35:11');

DROP TABLE IF EXISTS `become_a_dealers`;
CREATE TABLE `become_a_dealers` (
  `id` bigint(20) unsigned NOT NULL AUTO_INCREMENT,
  `name` varchar(191) COLLATE utf8mb4_unicode_ci NOT NULL,
  `business_name` varchar(191) COLLATE utf8mb4_unicode_ci NOT NULL,
  `title` varchar(191) COLLATE utf8mb4_unicode_ci DEFAULT NULL,
  `logo` varchar(255) COLLATE utf8mb4_unicode_ci DEFAULT NULL,
  `email` varchar(191) COLLATE utf8mb4_unicode_ci NOT NULL,
  `country_code` varchar(150) COLLATE utf8mb4_unicode_ci DEFAULT NULL,
  `mobile_number` varchar(191) COLLATE utf8mb4_unicode_ci NOT NULL,
  `business_number` varchar(255) COLLATE utf8mb4_unicode_ci DEFAULT NULL,
  `password` varchar(191) COLLATE utf8mb4_unicode_ci NOT NULL,
  `security_deposite` double(10,2) NOT NULL,
  `license_number` varchar(255) COLLATE utf8mb4_unicode_ci NOT NULL,
  `license_expiry_date` date NOT NULL,
  `membership_status` enum('Active','InActive') COLLATE utf8mb4_unicode_ci NOT NULL,
  `bank_name` varchar(255) COLLATE utf8mb4_unicode_ci NOT NULL,
  `bank_address` varchar(255) COLLATE utf8mb4_unicode_ci NOT NULL,
  `bank_contact_number` varchar(191) COLLATE utf8mb4_unicode_ci NOT NULL,
  `beneficiary_name` varchar(255) COLLATE utf8mb4_unicode_ci NOT NULL,
  `bank_code` varchar(255) COLLATE utf8mb4_unicode_ci NOT NULL,
  `bank_iban` varchar(255) COLLATE utf8mb4_unicode_ci NOT NULL,
  `trade_license_doc` varchar(255) COLLATE utf8mb4_unicode_ci DEFAULT NULL,
  `address` varchar(191) COLLATE utf8mb4_unicode_ci DEFAULT NULL,
  `reason` varchar(255) COLLATE utf8mb4_unicode_ci DEFAULT NULL,
  `created_at` timestamp NULL DEFAULT NULL,
  `updated_at` timestamp NULL DEFAULT NULL,
  PRIMARY KEY (`id`)
) ENGINE=InnoDB DEFAULT CHARSET=utf8mb4 COLLATE=utf8mb4_unicode_ci;


DROP TABLE IF EXISTS `bodies`;
CREATE TABLE `bodies` (
  `id` bigint(20) unsigned NOT NULL AUTO_INCREMENT,
  `vehicle_type_id` bigint(20) unsigned NOT NULL,
  `body_order` bigint(20) unsigned NOT NULL,
  `front_image` varchar(255) COLLATE utf8mb4_unicode_ci DEFAULT NULL,
  `back_image` varchar(255) COLLATE utf8mb4_unicode_ci DEFAULT NULL,
  `right_image` varchar(255) COLLATE utf8mb4_unicode_ci DEFAULT NULL,
  `left_image` varchar(255) COLLATE utf8mb4_unicode_ci DEFAULT NULL,
  `created_at` timestamp NULL DEFAULT NULL,
  `updated_at` timestamp NULL DEFAULT NULL,
  `deleted_at` timestamp NULL DEFAULT NULL,
  PRIMARY KEY (`id`),
  KEY `bodies_vehicle_type_id_foreign` (`vehicle_type_id`),
  CONSTRAINT `bodies_vehicle_type_id_foreign` FOREIGN KEY (`vehicle_type_id`) REFERENCES `vehicle_types` (`id`) ON DELETE CASCADE
) ENGINE=InnoDB DEFAULT CHARSET=utf8mb4 COLLATE=utf8mb4_unicode_ci;

INSERT INTO `bodies` (`id`, `vehicle_type_id`, `body_order`, `front_image`, `back_image`, `right_image`, `left_image`, `created_at`, `updated_at`, `deleted_at`) VALUES
(1,	1,	1,	NULL,	NULL,	NULL,	NULL,	'2020-08-04 06:33:22',	'2020-08-04 06:33:22',	NULL),
(2,	1,	2,	NULL,	NULL,	NULL,	NULL,	'2020-08-04 06:33:22',	'2020-08-04 06:33:22',	NULL),
(3,	1,	3,	NULL,	NULL,	NULL,	NULL,	'2020-08-04 06:33:22',	'2020-08-04 06:33:22',	NULL),
(4,	1,	4,	NULL,	NULL,	NULL,	NULL,	'2020-08-04 06:33:22',	'2020-08-04 06:33:22',	NULL),
(5,	1,	5,	NULL,	NULL,	NULL,	NULL,	'2020-08-04 06:33:22',	'2020-08-04 06:33:22',	NULL),
(6,	1,	6,	NULL,	NULL,	NULL,	NULL,	'2020-08-04 06:33:22',	'2020-08-04 06:33:22',	NULL),
(7,	1,	7,	NULL,	NULL,	NULL,	NULL,	'2020-08-04 06:33:22',	'2020-08-04 06:33:22',	NULL),
(8,	1,	8,	NULL,	NULL,	NULL,	NULL,	'2020-08-04 06:33:22',	'2020-08-04 06:33:22',	NULL),
(9,	1,	9,	NULL,	NULL,	NULL,	NULL,	'2020-08-04 06:33:22',	'2020-08-04 06:33:22',	NULL),
(10,	1,	10,	NULL,	NULL,	NULL,	NULL,	'2020-08-04 06:33:22',	'2020-08-04 06:33:22',	NULL),
(11,	1,	11,	NULL,	NULL,	NULL,	NULL,	'2020-08-04 06:33:22',	'2020-08-04 06:33:22',	NULL),
(12,	1,	12,	NULL,	NULL,	NULL,	NULL,	'2020-08-04 06:33:22',	'2020-08-04 06:33:22',	NULL),
(13,	1,	13,	NULL,	NULL,	NULL,	NULL,	'2020-08-04 06:33:22',	'2020-08-04 06:33:22',	NULL),
(14,	1,	14,	NULL,	NULL,	NULL,	NULL,	'2020-08-04 06:33:22',	'2020-08-04 06:33:22',	NULL),
(15,	1,	15,	'uploads/2020/10/5f8bd12792dc2.jpg',	'uploads/2020/10/5f8bd12792dc4.jpg',	'uploads/2020/10/5f8bd12792dc5.jpg',	'uploads/2020/10/5f8bd12792dc6.jpg',	'2020-10-18 05:15:51',	'2020-10-18 05:23:09',	'2020-10-18 05:23:09');

DROP TABLE IF EXISTS `body_translations`;
CREATE TABLE `body_translations` (
  `id` bigint(20) unsigned NOT NULL AUTO_INCREMENT,
  `body_id` bigint(20) unsigned NOT NULL,
  `name` varchar(191) COLLATE utf8mb4_unicode_ci NOT NULL,
  `locale` varchar(5) COLLATE utf8mb4_unicode_ci NOT NULL,
  `created_at` timestamp NULL DEFAULT NULL,
  `updated_at` timestamp NULL DEFAULT NULL,
  PRIMARY KEY (`id`),
  UNIQUE KEY `body_translations_body_id_locale_unique` (`body_id`,`locale`),
  KEY `body_translations_locale_index` (`locale`),
  CONSTRAINT `body_translations_body_id_foreign` FOREIGN KEY (`body_id`) REFERENCES `bodies` (`id`) ON DELETE CASCADE
) ENGINE=InnoDB DEFAULT CHARSET=utf8mb4 COLLATE=utf8mb4_unicode_ci;

INSERT INTO `body_translations` (`id`, `body_id`, `name`, `locale`, `created_at`, `updated_at`) VALUES
(1,	1,	'Cabriolet',	'en',	'2020-08-04 06:33:22',	'2020-08-04 06:33:22'),
(2,	1,	'كابريوليه',	'ar',	'2020-08-04 06:33:22',	'2020-08-04 06:33:22'),
(3,	2,	'Coupe',	'en',	'2020-08-04 06:33:22',	'2020-08-04 06:33:22'),
(4,	2,	'كوبيه',	'ar',	'2020-08-04 06:33:22',	'2020-08-04 06:33:22'),
(5,	3,	'Crossover',	'en',	'2020-08-04 06:33:22',	'2020-08-04 06:33:22'),
(6,	3,	'عبور',	'ar',	'2020-08-04 06:33:22',	'2020-08-04 06:33:22'),
(7,	4,	'Fastback',	'en',	'2020-08-04 06:33:22',	'2020-08-04 06:33:22'),
(8,	4,	'فاستباك',	'ar',	'2020-08-04 06:33:22',	'2020-08-04 06:33:22'),
(9,	5,	'Hardtop',	'en',	'2020-08-04 06:33:22',	'2020-08-04 06:33:22'),
(10,	5,	'سطح صلب',	'ar',	'2020-08-04 06:33:22',	'2020-08-04 06:33:22'),
(11,	6,	'Hatchback',	'en',	'2020-08-04 06:33:22',	'2020-08-04 06:33:22'),
(12,	6,	'هاتشباك',	'ar',	'2020-08-04 06:33:22',	'2020-08-04 06:33:22'),
(13,	7,	'Liftback',	'en',	'2020-08-04 06:33:22',	'2020-08-04 06:33:22'),
(14,	7,	'رفع الظهر',	'ar',	'2020-08-04 06:33:22',	'2020-08-04 06:33:22'),
(15,	8,	'Limousine',	'en',	'2020-08-04 06:33:22',	'2020-08-04 06:33:22'),
(16,	8,	'ليموزين',	'ar',	'2020-08-04 06:33:22',	'2020-08-04 06:33:22'),
(17,	9,	'Minivan',	'en',	'2020-08-04 06:33:22',	'2020-08-04 06:33:22'),
(18,	9,	'حافلة صغيرة',	'ar',	'2020-08-04 06:33:22',	'2020-08-04 06:33:22'),
(19,	10,	'Pickup',	'en',	'2020-08-04 06:33:22',	'2020-08-04 06:33:22'),
(20,	10,	'شاحنة صغيرة',	'ar',	'2020-08-04 06:33:22',	'2020-08-27 10:51:34'),
(21,	11,	'Roadster',	'en',	'2020-08-04 06:33:22',	'2020-08-04 06:33:22'),
(22,	11,	'رودستر',	'ar',	'2020-08-04 06:33:22',	'2020-08-04 06:33:22'),
(23,	12,	'Sedan',	'en',	'2020-08-04 06:33:22',	'2020-08-04 06:33:22'),
(24,	12,	'سيدان',	'ar',	'2020-08-04 06:33:22',	'2020-08-27 10:52:21'),
(25,	13,	'Targa',	'en',	'2020-08-04 06:33:22',	'2020-08-04 06:33:22'),
(26,	13,	'تارجا',	'ar',	'2020-08-04 06:33:22',	'2020-08-04 06:33:22'),
(27,	14,	'Wagon',	'en',	'2020-08-04 06:33:22',	'2020-08-04 06:33:22'),
(28,	14,	'عربة',	'ar',	'2020-08-04 06:33:22',	'2020-08-04 06:33:22'),
(29,	15,	'testssssssd',	'en',	'2020-10-18 05:15:51',	'2020-10-18 05:15:51'),
(30,	15,	'ATest',	'ar',	'2020-10-18 05:15:51',	'2020-10-18 05:15:51');

DROP TABLE IF EXISTS `bookings`;
CREATE TABLE `bookings` (
  `id` bigint(20) unsigned NOT NULL AUTO_INCREMENT,
  `company_id` bigint(20) unsigned NOT NULL,
  `company_address_id` bigint(20) unsigned NOT NULL,
  `vehicle_id` bigint(20) unsigned NOT NULL,
  `user_id` bigint(20) unsigned NOT NULL,
  `start_date` datetime NOT NULL,
  `end_date` datetime NOT NULL,
  `transaction_id` varchar(191) COLLATE utf8mb4_unicode_ci DEFAULT NULL,
  `total_day_rent` double(10,2) NOT NULL,
  `tax_percentage` float(10,2) DEFAULT NULL,
  `total_tax` float(10,2) DEFAULT NULL,
  `sub_total` double(10,2) NOT NULL,
  `adjustment` float(10,2) DEFAULT NULL,
  `pick_up_location` varchar(191) COLLATE utf8mb4_unicode_ci NOT NULL,
  `pick_up_latitude` varchar(191) COLLATE utf8mb4_unicode_ci NOT NULL,
  `pick_up_longitude` varchar(191) COLLATE utf8mb4_unicode_ci NOT NULL,
  `message` text COLLATE utf8mb4_unicode_ci NOT NULL,
  `parent_id` bigint(20) DEFAULT NULL,
  `is_pickup` tinyint(3) unsigned DEFAULT '0',
  `is_return` tinyint(3) unsigned DEFAULT '0',
  `is_show` tinyint(3) unsigned DEFAULT '1',
  `status` enum('Booked','Completed','Cancelled','Review') COLLATE utf8mb4_unicode_ci NOT NULL,
  `created_at` timestamp NULL DEFAULT NULL,
  `updated_at` timestamp NULL DEFAULT NULL,
  PRIMARY KEY (`id`),
  KEY `bookings_company_id_foreign` (`company_id`),
  KEY `bookings_company_address_id_foreign` (`company_address_id`),
  KEY `bookings_vehicle_id_foreign` (`vehicle_id`),
  KEY `bookings_user_id_foreign` (`user_id`),
  CONSTRAINT `bookings_company_address_id_foreign` FOREIGN KEY (`company_address_id`) REFERENCES `company_addresses` (`id`) ON DELETE CASCADE,
  CONSTRAINT `bookings_company_id_foreign` FOREIGN KEY (`company_id`) REFERENCES `companies` (`id`) ON DELETE CASCADE,
  CONSTRAINT `bookings_user_id_foreign` FOREIGN KEY (`user_id`) REFERENCES `users` (`id`) ON DELETE CASCADE,
  CONSTRAINT `bookings_vehicle_id_foreign` FOREIGN KEY (`vehicle_id`) REFERENCES `vehicles` (`id`) ON DELETE CASCADE
) ENGINE=InnoDB DEFAULT CHARSET=utf8mb4 COLLATE=utf8mb4_unicode_ci;

INSERT INTO `bookings` (`id`, `company_id`, `company_address_id`, `vehicle_id`, `user_id`, `start_date`, `end_date`, `transaction_id`, `total_day_rent`, `tax_percentage`, `total_tax`, `sub_total`, `adjustment`, `pick_up_location`, `pick_up_latitude`, `pick_up_longitude`, `message`, `parent_id`, `is_pickup`, `is_return`, `is_show`, `status`, `created_at`, `updated_at`) VALUES
(1,	2,	1,	1,	17,	'2020-08-21 10:00:00',	'2020-08-15 10:00:00',	'626768',	100.00,	NULL,	NULL,	610.00,	-122.00,	'Kuwait',	'29.31166',	'47.481766',	'Test',	NULL,	0,	0,	1,	'Review',	'2020-08-18 18:02:22',	'2020-09-03 16:39:42'),
(2,	2,	1,	2,	17,	'2020-10-21 10:00:00',	'2020-10-23 10:00:00',	'626774',	100.00,	NULL,	NULL,	100.00,	NULL,	'Kuwait',	'29.31166',	'47.481766',	'',	NULL,	0,	0,	1,	'Booked',	'2020-08-18 18:05:36',	'2020-08-18 18:05:36'),
(3,	2,	1,	1,	18,	'2020-08-19 10:00:00',	'2020-08-27 10:00:00',	'627241',	3200.00,	NULL,	NULL,	3710.00,	NULL,	'Arabian Gulf Street',	'29.3799965',	'47.97389889999999',	'',	NULL,	0,	0,	1,	'Booked',	'2020-08-19 07:56:23',	'2020-08-19 07:56:23'),
(4,	2,	1,	1,	18,	'2020-08-19 10:00:00',	'2020-08-27 10:00:00',	'627242',	3200.00,	NULL,	NULL,	3200.00,	NULL,	'Arabian Gulf Street',	'29.3799965',	'47.97389889999999',	'',	NULL,	0,	0,	1,	'Booked',	'2020-08-19 07:57:27',	'2020-08-19 07:57:27'),
(5,	2,	2,	2,	17,	'2020-08-19 10:00:00',	'2020-08-19 10:00:00',	'627630',	100.00,	NULL,	NULL,	320.00,	NULL,	'Kuwait',	'29.31166',	'47.481766',	'',	NULL,	0,	0,	1,	'Booked',	'2020-08-19 15:07:17',	'2020-08-19 15:07:17'),
(6,	2,	2,	2,	17,	'2020-08-19 10:00:00',	'2020-08-19 10:00:00',	'627632',	100.00,	NULL,	NULL,	100.00,	NULL,	'Kuwait',	'29.31166',	'47.481766',	'',	NULL,	0,	0,	1,	'Booked',	'2020-08-19 15:07:52',	'2020-08-19 15:07:52'),
(7,	2,	1,	1,	17,	'2020-08-21 10:00:00',	'2020-08-24 10:00:00',	'629066',	1500.00,	NULL,	NULL,	2030.00,	NULL,	'طريق الغزالي جليب الشيوخ Kuwait',	'29.2404414',	'47.97104580000001',	'',	NULL,	0,	0,	1,	'Booked',	'2020-08-21 14:07:02',	'2020-08-21 14:07:02'),
(8,	2,	2,	2,	18,	'2020-08-21 10:00:00',	'2020-08-26 10:00:00',	'629253',	1000.00,	NULL,	NULL,	2020.00,	NULL,	'طريق الغزالي جليب الشيوخ Kuwait',	'29.312091',	'47.972728',	'',	NULL,	0,	0,	1,	'Booked',	'2020-08-21 17:56:20',	'2020-08-21 17:56:20'),
(9,	2,	1,	1,	21,	'2020-08-22 10:00:00',	'2020-08-22 10:00:00',	'629521',	100.00,	NULL,	NULL,	110.00,	NULL,	'طريق الغزالي جليب الشيوخ Kuwait',	'29.2404414',	'47.97104580000001',	'kkk',	NULL,	0,	0,	1,	'Review',	'2020-08-22 18:13:31',	'2020-08-25 02:03:34'),
(10,	2,	2,	2,	20,	'2020-08-22 10:00:00',	'2020-08-23 10:00:00',	'629532',	200.00,	NULL,	NULL,	420.00,	NULL,	'طريق الغزالي جليب الشيوخ Kuwait',	'29.312091',	'47.972728',	'Cancel this shit',	NULL,	0,	0,	1,	'Review',	'2020-08-22 19:56:33',	'2020-08-29 03:26:25'),
(11,	2,	2,	2,	23,	'2020-08-24 10:00:00',	'2020-08-24 10:00:00',	'630064',	100.00,	NULL,	NULL,	320.00,	NULL,	'طريق الغزالي جليب الشيوخ Kuwait',	'29.312091',	'47.972728',	'De',	NULL,	0,	0,	1,	'Review',	'2020-08-24 06:16:31',	'2020-08-28 05:16:08'),
(12,	2,	2,	2,	23,	'2020-08-24 10:00:00',	'2020-08-24 10:00:00',	'630921',	100.00,	NULL,	NULL,	100.00,	NULL,	'طريق الغزالي جليب الشيوخ Kuwait',	'29.312091',	'47.972728',	'',	NULL,	0,	0,	1,	'Booked',	'2020-08-24 23:38:57',	'2020-08-24 23:38:57'),
(13,	2,	1,	3,	21,	'2020-08-24 10:00:00',	'2020-08-24 10:00:00',	'630979',	300.00,	NULL,	NULL,	300.00,	NULL,	'طريق الغزالي جليب الشيوخ Kuwait',	'29.2404414',	'47.97104580000001',	'kkk',	NULL,	0,	0,	1,	'Review',	'2020-08-25 01:54:47',	'2020-08-25 02:00:52'),
(14,	2,	1,	3,	21,	'2020-08-24 10:00:00',	'2020-08-26 10:00:00',	'630981',	800.00,	NULL,	NULL,	800.00,	NULL,	'طريق الغزالي جليب الشيوخ Kuwait',	'29.2404414',	'47.97104580000001',	'kkk',	NULL,	0,	0,	1,	'Review',	'2020-08-25 01:57:40',	'2020-09-03 15:52:34'),
(15,	2,	1,	1,	21,	'2020-08-25 10:00:00',	'2020-08-25 10:00:00',	'631004',	100.00,	NULL,	NULL,	100.00,	NULL,	'طريق الغزالي جليب الشيوخ Kuwait',	'29.2404414',	'47.97104580000001',	'kkkk',	NULL,	0,	0,	1,	'Review',	'2020-08-25 08:13:54',	'2020-08-25 08:14:24'),
(16,	2,	1,	3,	21,	'2020-08-25 10:00:00',	'2020-08-25 10:00:00',	'631005',	300.00,	NULL,	NULL,	300.00,	NULL,	'طريق الغزالي جليب الشيوخ Kuwait',	'29.2404414',	'47.97104580000001',	'kk',	NULL,	0,	0,	1,	'Review',	'2020-08-25 08:15:20',	'2020-08-25 08:15:34'),
(17,	2,	1,	1,	15,	'2020-08-25 10:00:00',	'2020-08-26 10:00:00',	'631213',	500.00,	NULL,	NULL,	1010.00,	NULL,	'طريق الغزالي جليب الشيوخ Kuwait',	'29.2404414',	'47.97104580000001',	'demo',	NULL,	0,	0,	1,	'Review',	'2020-08-25 12:41:44',	'2020-09-03 15:52:45'),
(18,	2,	1,	1,	17,	'2021-08-26 10:00:00',	'2021-08-28 10:00:00',	'632162',	1000.00,	NULL,	NULL,	1520.00,	NULL,	'طريق الغزالي جليب الشيوخ Kuwait',	'29.2404414',	'47.97104580000001',	'',	NULL,	0,	0,	1,	'Booked',	'2020-08-26 14:16:10',	'2020-08-26 14:16:10'),
(19,	2,	1,	3,	17,	'2020-10-21 10:00:00',	'2020-10-26 10:00:00',	'632328',	300.00,	NULL,	NULL,	300.00,	NULL,	'طريق الغزالي جليب الشيوخ Kuwait',	'29.2404414',	'47.97104580000001',	'',	NULL,	0,	0,	1,	'Booked',	'2020-08-26 17:11:23',	'2020-08-26 17:11:23'),
(20,	2,	1,	1,	23,	'2020-08-28 10:00:00',	'2020-08-29 05:17:55',	'633369',	500.00,	NULL,	NULL,	1010.00,	NULL,	'طريق الغزالي جليب الشيوخ Kuwait',	'29.2404414',	'47.97104580000001',	'',	NULL,	0,	0,	1,	'Booked',	'2020-08-28 05:19:18',	'2020-08-28 05:19:18'),
(21,	2,	1,	1,	17,	'2020-08-31 10:00:00',	'2020-09-02 10:00:00',	'635526',	1000.00,	NULL,	NULL,	1520.00,	NULL,	'طريق الغزالي جليب الشيوخ Kuwait',	'29.2404414',	'47.97104580000001',	'',	NULL,	0,	0,	1,	'Booked',	'2020-08-31 15:09:47',	'2020-08-31 15:09:47'),
(22,	2,	1,	3,	15,	'2020-09-03 10:00:00',	'2020-09-03 10:00:00',	'637433',	300.00,	NULL,	NULL,	300.00,	NULL,	'طريق الغزالي جليب الشيوخ Kuwait',	'29.2404414',	'47.97104580000001',	'',	NULL,	0,	0,	1,	'Booked',	'2020-09-03 06:20:09',	'2020-09-03 06:20:09'),
(23,	2,	1,	1,	15,	'2020-08-21 12:24:04',	'2020-08-29 12:24:04',	'638995',	3500.00,	NULL,	NULL,	4070.00,	NULL,	'طريق الغزالي جليب الشيوخ Kuwait',	'29.2404414',	'47.97104580000001',	'',	NULL,	0,	0,	1,	'Booked',	'2020-09-06 12:25:54',	'2020-09-06 12:25:54'),
(24,	2,	1,	1,	15,	'2020-09-06 12:24:04',	'2020-09-13 12:24:04',	'638996',	3500.00,	NULL,	NULL,	3500.00,	NULL,	'طريق الغزالي جليب الشيوخ Kuwait',	'29.2404414',	'47.97104580000001',	'',	NULL,	0,	0,	1,	'Booked',	'2020-09-06 12:27:32',	'2020-09-06 12:27:32'),
(25,	2,	1,	1,	15,	'2020-09-13 12:24:05',	'2020-09-20 00:00:00',	'638997',	3500.00,	NULL,	NULL,	3500.00,	NULL,	'طريق الغزالي جليب الشيوخ Kuwait',	'29.2404414',	'47.97104580000001',	'تجربة',	24,	0,	0,	1,	'Review',	'2020-09-06 12:28:46',	'2020-09-06 12:30:48'),
(26,	2,	1,	3,	15,	'2020-09-06 10:00:00',	'2020-09-07 22:00:00',	'639001',	800.00,	NULL,	NULL,	800.00,	NULL,	'طريق الغزالي جليب الشيوخ Kuwait',	'29.2404414',	'47.97104580000001',	'',	NULL,	0,	0,	1,	'Booked',	'2020-09-06 12:35:31',	'2020-09-06 12:35:31'),
(27,	2,	1,	3,	15,	'2020-09-06 10:00:00',	'2020-09-07 22:00:00',	'639003',	800.00,	NULL,	NULL,	800.00,	NULL,	'طريق الغزالي جليب الشيوخ Kuwait',	'29.2404414',	'47.97104580000001',	'',	NULL,	0,	0,	1,	'Booked',	'2020-09-06 12:36:05',	'2020-09-06 12:36:05'),
(28,	2,	2,	2,	31,	'2020-09-06 10:00:00',	'2020-09-06 17:11:00',	'639027',	800.00,	NULL,	NULL,	820.00,	NULL,	'طريق الغزالي جليب الشيوخ Kuwait',	'29.312091',	'47.972728',	'demo',	NULL,	0,	0,	1,	'Review',	'2020-09-06 13:12:32',	'2020-09-12 08:51:42'),
(29,	2,	2,	2,	31,	'2020-09-06 10:00:00',	'2020-09-06 17:11:00',	'639030',	800.00,	NULL,	NULL,	800.00,	NULL,	'طريق الغزالي جليب الشيوخ Kuwait',	'29.312091',	'47.972728',	'',	NULL,	0,	0,	1,	'Booked',	'2020-09-06 13:13:13',	'2020-09-06 13:13:13'),
(30,	2,	1,	3,	32,	'2020-10-15 10:00:00',	'2020-10-17 10:00:00',	'641539',	800.00,	NULL,	NULL,	800.00,	NULL,	'طريق الغزالي جليب الشيوخ Kuwait',	'29.2404414',	'47.97104580000001',	'',	NULL,	0,	0,	1,	'Booked',	'2020-09-08 21:47:21',	'2020-09-08 21:47:21'),
(31,	2,	1,	3,	32,	'2020-10-17 10:00:01',	'2020-10-18 00:00:00',	'641561',	400.00,	NULL,	NULL,	400.00,	NULL,	'طريق الغزالي جليب الشيوخ Kuwait',	'29.2404414',	'47.97104580000001',	'',	30,	0,	0,	1,	'Booked',	'2020-09-08 23:11:35',	'2020-09-08 23:11:35'),
(32,	2,	1,	1,	32,	'2020-10-28 10:00:00',	'2020-10-29 10:00:00',	'641562',	500.00,	NULL,	NULL,	1010.00,	NULL,	'طريق الغزالي جليب الشيوخ Kuwait',	'29.2404414',	'47.97104580000001',	'',	NULL,	0,	0,	1,	'Booked',	'2020-09-08 23:12:46',	'2020-09-08 23:12:46'),
(33,	2,	2,	2,	32,	'2020-09-22 10:00:00',	'2020-09-24 10:00:00',	'641564',	400.00,	NULL,	NULL,	820.00,	NULL,	'طريق الغزالي جليب الشيوخ Kuwait',	'29.312091',	'47.972728',	'',	NULL,	0,	0,	1,	'Booked',	'2020-09-08 23:17:01',	'2020-09-08 23:17:01'),
(34,	2,	1,	4,	32,	'2020-10-01 10:00:00',	'2020-10-02 10:00:00',	'641567',	500.00,	NULL,	NULL,	1010.00,	NULL,	'طريق الغزالي جليب الشيوخ Kuwait',	'29.2404414',	'47.97104580000001',	'',	NULL,	0,	0,	1,	'Booked',	'2020-09-08 23:26:22',	'2020-09-08 23:26:22'),
(35,	2,	1,	1,	21,	'2020-09-10 20:44:54',	'2020-09-11 20:44:54',	'643009',	500.00,	NULL,	NULL,	1000.00,	NULL,	'طريق الغزالي جليب الشيوخ Kuwait',	'29.2404414',	'47.97104580000001',	'',	NULL,	0,	0,	1,	'Booked',	'2020-09-11 04:47:33',	'2020-09-11 04:47:33'),
(36,	2,	1,	1,	21,	'2020-09-10 20:55:21',	'2020-09-11 20:55:21',	'643013',	500.00,	NULL,	NULL,	1000.00,	NULL,	'طريق الغزالي جليب الشيوخ Kuwait',	'29.2404414',	'47.97104580000001',	'',	NULL,	0,	0,	1,	'Booked',	'2020-09-11 04:56:38',	'2020-09-11 04:56:38'),
(37,	2,	1,	3,	31,	'2020-09-12 08:38:00',	'2020-09-12 09:38:00',	'643564',	300.00,	NULL,	NULL,	300.00,	NULL,	'طريق الغزالي جليب الشيوخ Kuwait',	'29.2404414',	'47.97104580000001',	'',	NULL,	0,	0,	1,	'Booked',	'2020-09-12 08:52:36',	'2020-09-12 08:52:36'),
(38,	2,	1,	3,	31,	'2020-09-12 08:38:00',	'2020-09-12 09:38:00',	'643565',	300.00,	NULL,	NULL,	300.00,	NULL,	'طريق الغزالي جليب الشيوخ Kuwait',	'29.2404414',	'47.97104580000001',	'',	NULL,	0,	0,	1,	'Booked',	'2020-09-12 08:53:45',	'2020-09-12 08:53:45'),
(39,	2,	1,	4,	31,	'2020-09-12 10:00:00',	'2020-09-12 10:54:00',	'643566',	200.00,	NULL,	NULL,	700.00,	NULL,	'طريق الغزالي جليب الشيوخ Kuwait',	'29.2404414',	'47.97104580000001',	'',	NULL,	0,	0,	1,	'Booked',	'2020-09-12 08:55:44',	'2020-09-12 08:55:44'),
(40,	2,	2,	2,	17,	'2020-09-12 10:00:00',	'2020-09-14 10:00:00',	'643603',	400.00,	5.00,	21.00,	420.00,	NULL,	'طريق الغزالي جليب الشيوخ Kuwait',	'29.312091',	'47.972728',	'',	NULL,	0,	0,	1,	'Booked',	'2020-09-12 10:09:34',	'2020-09-12 10:09:34'),
(41,	2,	2,	2,	17,	'2020-09-14 10:00:01',	'2020-09-16 13:00:00',	'643629',	600.00,	5.00,	31.00,	620.00,	NULL,	'طريق الغزالي جليب الشيوخ Kuwait',	'29.312091',	'47.972728',	'',	40,	0,	0,	1,	'Booked',	'2020-09-12 11:32:17',	'2020-09-12 11:32:17'),
(42,	2,	1,	1,	17,	'2020-09-12 10:00:00',	'2020-09-12 10:00:00',	'643633',	100.00,	5.00,	5.00,	100.00,	NULL,	'طريق الغزالي جليب الشيوخ Kuwait',	'29.2404414',	'47.97104580000001',	'',	NULL,	0,	0,	1,	'Booked',	'2020-09-12 11:33:53',	'2020-09-12 11:33:53'),
(43,	2,	1,	4,	26,	'2020-09-13 10:00:00',	'2020-09-14 10:00:00',	'644216',	500.00,	NULL,	NULL,	510.00,	NULL,	'طريق الغزالي جليب الشيوخ Kuwait',	'29.2404414',	'47.97104580000001',	'Thank you',	NULL,	0,	0,	1,	'Review',	'2020-09-13 22:42:27',	'2020-09-13 22:43:42'),
(44,	2,	1,	1,	15,	'2020-09-14 05:09:01',	'2020-09-15 05:09:01',	'644284',	500.00,	NULL,	NULL,	1010.00,	NULL,	'طريق الغزالي جليب الشيوخ Kuwait',	'29.2404414',	'47.97104580000001',	'',	NULL,	0,	0,	1,	'Booked',	'2020-09-14 05:12:49',	'2020-09-14 05:12:49'),
(45,	2,	1,	3,	15,	'2020-09-14 05:13:12',	'2020-09-15 05:13:12',	'644285',	400.00,	NULL,	NULL,	400.00,	NULL,	'طريق الغزالي جليب الشيوخ Kuwait',	'29.2404414',	'47.97104580000001',	'Cancel',	NULL,	0,	0,	1,	'Review',	'2020-09-14 05:14:30',	'2020-09-14 05:18:52'),
(46,	2,	1,	1,	15,	'2020-09-14 05:21:00',	'2020-09-14 17:21:00',	'644286',	500.00,	NULL,	NULL,	1010.00,	NULL,	'طريق الغزالي جليب الشيوخ Kuwait',	'29.2404414',	'47.97104580000001',	'',	NULL,	0,	0,	1,	'Booked',	'2020-09-14 05:23:45',	'2020-09-14 05:23:45'),
(47,	2,	1,	1,	15,	'2020-09-14 05:27:16',	'2020-09-15 05:27:16',	'644287',	500.00,	NULL,	NULL,	500.00,	NULL,	'طريق الغزالي جليب الشيوخ Kuwait',	'29.2404414',	'47.97104580000001',	'test',	NULL,	0,	0,	1,	'Review',	'2020-09-14 05:31:03',	'2020-09-14 05:37:46'),
(48,	2,	1,	1,	18,	'2020-09-15 10:00:00',	'2020-09-17 10:00:00',	'645131',	1000.00,	5.00,	76.00,	1520.00,	NULL,	'طريق الغزالي جليب الشيوخ Kuwait',	'29.2404414',	'47.97104580000001',	'',	NULL,	0,	0,	1,	'Booked',	'2020-09-15 07:50:25',	'2020-09-15 07:50:25'),
(49,	2,	1,	1,	18,	'2020-09-17 10:00:01',	'2020-09-18 00:00:00',	'645132',	500.00,	5.00,	50.50,	1010.00,	NULL,	'طريق الغزالي جليب الشيوخ Kuwait',	'29.2404414',	'47.97104580000001',	'',	48,	0,	0,	1,	'Booked',	'2020-09-15 07:55:45',	'2020-09-15 07:55:45'),
(50,	2,	2,	2,	17,	'2020-09-15 10:00:00',	'2020-09-16 10:00:00',	'645357',	200.00,	5.00,	11.00,	220.00,	NULL,	'طريق الغزالي جليب الشيوخ Kuwait',	'29.312091',	'47.972728',	'',	NULL,	0,	0,	1,	'Booked',	'2020-09-15 14:10:31',	'2020-09-15 14:10:31'),
(52,	2,	1,	1,	17,	'2020-10-10 10:00:00',	'2020-10-11 10:00:00',	'660375',	500.00,	5.00,	50.00,	1000.00,	NULL,	'طريق الغزالي جليب الشيوخ Kuwait',	'29.2404414',	'47.97104580000001',	'',	NULL,	0,	0,	1,	'Booked',	'2020-10-10 06:10:30',	'2020-10-10 06:10:30'),
(53,	2,	1,	1,	15,	'2020-10-22 13:00:00',	'2020-10-23 15:47:00',	'662597',	1000.00,	5.00,	50.00,	1000.00,	NULL,	'طريق الغزالي جليب الشيوخ Kuwait',	'29.2404414',	'47.97104580000001',	'',	NULL,	0,	0,	1,	'Booked',	'2020-10-12 04:00:03',	'2020-10-12 04:00:03'),
(56,	2,	1,	1,	15,	'2020-10-13 15:47:01',	'2020-10-14 00:00:00',	'664244',	500.00,	NULL,	NULL,	500.00,	NULL,	'طريق الغزالي جليب الشيوخ Kuwait',	'29.2404414',	'47.97104580000001',	'',	53,	0,	0,	1,	'Booked',	'2020-10-14 02:22:33',	'2020-10-14 02:22:33'),
(57,	2,	1,	1,	15,	'2020-10-14 00:00:01',	'2020-10-14 06:47:00',	'664247',	500.00,	NULL,	0.00,	500.00,	NULL,	'طريق الغزالي جليب الشيوخ Kuwait',	'29.2404414',	'47.97104580000001',	'Text not clearing',	56,	0,	0,	1,	'Review',	'2020-10-14 02:48:12',	'2020-10-14 02:55:58'),
(58,	2,	1,	1,	15,	'2020-10-16 06:50:00',	'2020-10-17 20:50:00',	'664250',	1000.00,	5.00,	100.50,	2010.00,	NULL,	'طريق الغزالي جليب الشيوخ Kuwait',	'29.2404414',	'47.97104580000001',	'testing android',	NULL,	0,	0,	1,	'Review',	'2020-10-14 02:53:20',	'2020-10-14 03:01:34'),
(59,	2,	1,	1,	15,	'2020-10-15 06:22:00',	'2020-10-16 18:22:00',	'664883',	1000.00,	5.00,	100.50,	2010.00,	NULL,	'طريق الغزالي جليب الشيوخ Kuwait',	'29.2404414',	'47.97104580000001',	'',	NULL,	0,	0,	1,	'Booked',	'2020-10-15 02:23:44',	'2020-10-15 02:23:44'),
(60,	2,	1,	1,	15,	'2020-10-16 18:22:01',	'2020-10-16 18:23:00',	'664885',	100.00,	5.00,	30.50,	610.00,	NULL,	'طريق الغزالي جليب الشيوخ Kuwait',	'29.2404414',	'47.97104580000001',	'Testing',	59,	0,	0,	1,	'Review',	'2020-10-15 02:24:54',	'2020-10-15 02:25:16'),
(61,	2,	2,	2,	18,	'2020-10-15 10:00:00',	'2020-10-17 10:00:00',	'664915',	400.00,	NULL,	NULL,	800.00,	NULL,	'طريق الغزالي جليب الشيوخ Kuwait',	'29.312091',	'47.972728',	'',	NULL,	0,	0,	1,	'Booked',	'2020-10-15 03:38:20',	'2020-10-15 03:38:20'),
(62,	2,	1,	6,	15,	'2020-10-15 10:00:00',	'2020-10-16 10:00:00',	'664940',	80.00,	NULL,	NULL,	80.00,	NULL,	'طريق الغزالي جليب الشيوخ Kuwait',	'29.2404414',	'47.97104580000001',	'',	NULL,	0,	0,	1,	'Booked',	'2020-10-15 05:10:05',	'2020-10-15 05:10:05'),
(63,	2,	1,	6,	15,	'2020-10-15 10:00:00',	'2020-10-16 10:00:00',	'664941',	80.00,	NULL,	NULL,	80.00,	NULL,	'طريق الغزالي جليب الشيوخ Kuwait',	'29.2404414',	'47.97104580000001',	'',	NULL,	0,	0,	1,	'Booked',	'2020-10-15 05:10:41',	'2020-10-15 05:10:41'),
(64,	2,	1,	5,	15,	'2020-10-15 10:00:00',	'2020-10-16 10:00:00',	'664943',	80.00,	NULL,	NULL,	80.00,	NULL,	'طريق الغزالي جليب الشيوخ Kuwait',	'29.2404414',	'47.97104580000001',	'',	NULL,	0,	0,	1,	'Booked',	'2020-10-15 05:13:50',	'2020-10-15 05:13:50'),
(65,	2,	1,	4,	15,	'2020-10-21 10:00:00',	'2020-10-26 10:00:00',	'664946',	500.00,	NULL,	NULL,	1010.00,	NULL,	'طريق الغزالي جليب الشيوخ Kuwait',	'29.2404414',	'47.97104580000001',	'',	NULL,	0,	0,	1,	'Booked',	'2020-10-15 05:18:30',	'2020-10-15 05:18:30'),
(66,	2,	1,	4,	15,	'2020-10-15 10:00:00',	'2020-10-16 10:00:00',	'664948',	500.00,	NULL,	NULL,	500.00,	NULL,	'طريق الغزالي جليب الشيوخ Kuwait',	'29.2404414',	'47.97104580000001',	'',	NULL,	0,	0,	1,	'Booked',	'2020-10-15 05:19:11',	'2020-10-15 05:19:11'),
(67,	2,	2,	2,	18,	'2020-10-27 10:00:00',	'2020-10-29 10:00:00',	'665011',	400.00,	NULL,	NULL,	800.00,	NULL,	'طريق الغزالي جليب الشيوخ Kuwait',	'29.312091',	'47.972728',	'',	NULL,	0,	0,	1,	'Booked',	'2020-10-15 06:45:42',	'2020-10-15 06:45:42'),
(68,	2,	1,	1,	15,	'2020-10-15 10:00:00',	'2020-10-16 05:44:00',	'665054',	500.00,	NULL,	NULL,	1000.00,	NULL,	'طريق الغزالي جليب الشيوخ Kuwait',	'29.2404414',	'47.97104580000001',	'',	NULL,	0,	0,	1,	'Booked',	'2020-10-15 07:45:05',	'2020-10-15 07:45:05'),
(69,	2,	1,	1,	15,	'2020-10-20 08:10:00',	'2020-10-21 08:10:00',	'667894',	500.00,	5.00,	50.50,	1010.00,	NULL,	'طريق الغزالي جليب الشيوخ Kuwait',	'29.2404414',	'47.97104580000001',	'',	NULL,	0,	0,	1,	'Booked',	'2020-10-20 04:12:54',	'2020-10-20 04:12:54'),
(70,	2,	1,	1,	15,	'2020-10-21 08:10:01',	'2020-10-21 08:09:00',	'667895',	100.00,	5.00,	30.50,	610.00,	NULL,	'طريق الغزالي جليب الشيوخ Kuwait',	'29.2404414',	'47.97104580000001',	'Test',	69,	0,	0,	1,	'Review',	'2020-10-20 04:15:06',	'2020-10-20 04:15:23'),
(71,	2,	2,	2,	15,	'2020-10-20 10:00:00',	'2020-10-21 10:00:00',	'668176',	200.00,	NULL,	NULL,	420.00,	NULL,	'طريق الغزالي جليب الشيوخ Kuwait',	'29.312091',	'47.972728',	'',	NULL,	0,	0,	1,	'Booked',	'2020-10-20 10:57:06',	'2020-10-20 10:57:06'),
(72,	2,	2,	2,	15,	'2020-10-21 10:00:01',	'2020-10-21 00:00:00',	'668179',	100.00,	NULL,	NULL,	120.00,	NULL,	'طريق الغزالي جليب الشيوخ Kuwait',	'29.312091',	'47.972728',	'test',	71,	0,	0,	1,	'Review',	'2020-10-20 10:58:31',	'2020-10-21 11:15:37'),
(73,	2,	2,	2,	15,	'2020-10-21 10:00:01',	'2020-10-21 00:00:00',	'669006',	100.00,	NULL,	NULL,	120.00,	NULL,	'طريق الغزالي جليب الشيوخ Kuwait',	'29.312091',	'47.972728',	'',	71,	0,	0,	1,	'Booked',	'2020-10-21 11:16:21',	'2020-10-21 11:16:21');

DROP TABLE IF EXISTS `booking_details`;
CREATE TABLE `booking_details` (
  `id` bigint(20) unsigned NOT NULL AUTO_INCREMENT,
  `booking_id` bigint(20) unsigned NOT NULL,
  `type` tinyint(3) unsigned NOT NULL,
  `extra_service_id` bigint(20) unsigned NOT NULL,
  `amount` double(10,2) NOT NULL,
  PRIMARY KEY (`id`),
  KEY `booking_details_booking_id_foreign` (`booking_id`),
  KEY `booking_details_extra_service_id_foreign` (`extra_service_id`),
  CONSTRAINT `booking_details_booking_id_foreign` FOREIGN KEY (`booking_id`) REFERENCES `bookings` (`id`) ON DELETE CASCADE,
  CONSTRAINT `booking_details_extra_service_id_foreign` FOREIGN KEY (`extra_service_id`) REFERENCES `vehicle_extras` (`id`) ON DELETE CASCADE
) ENGINE=InnoDB DEFAULT CHARSET=utf8mb4 COLLATE=utf8mb4_unicode_ci;

INSERT INTO `booking_details` (`id`, `booking_id`, `type`, `extra_service_id`, `amount`) VALUES
(1,	7,	0,	1,	500.00),
(2,	7,	1,	2,	10.00),
(3,	8,	1,	5,	200.00),
(4,	8,	0,	6,	20.00),
(5,	9,	1,	2,	10.00),
(6,	10,	1,	5,	200.00),
(7,	10,	0,	6,	20.00),
(8,	11,	1,	5,	200.00),
(9,	11,	0,	6,	20.00),
(10,	17,	0,	1,	500.00),
(11,	17,	1,	2,	10.00),
(12,	18,	0,	1,	500.00),
(13,	18,	1,	2,	10.00),
(14,	20,	0,	1,	500.00),
(15,	20,	1,	2,	10.00),
(16,	21,	1,	2,	10.00),
(17,	21,	0,	1,	500.00),
(18,	23,	0,	1,	500.00),
(19,	23,	1,	2,	10.00),
(20,	28,	1,	5,	200.00),
(21,	28,	0,	6,	20.00),
(22,	32,	0,	1,	500.00),
(23,	32,	1,	2,	10.00),
(24,	33,	1,	5,	200.00),
(25,	33,	0,	6,	20.00),
(26,	34,	0,	10,	500.00),
(27,	34,	1,	11,	10.00),
(28,	35,	0,	1,	500.00),
(29,	36,	0,	1,	500.00),
(30,	39,	0,	10,	500.00),
(31,	39,	1,	11,	10.00),
(32,	40,	0,	6,	20.00),
(33,	41,	0,	6,	20.00),
(34,	43,	1,	11,	10.00),
(35,	44,	0,	1,	500.00),
(36,	44,	1,	2,	10.00),
(37,	46,	0,	1,	500.00),
(38,	46,	1,	2,	10.00),
(39,	48,	0,	1,	500.00),
(40,	48,	1,	2,	10.00),
(41,	49,	0,	1,	500.00),
(42,	49,	1,	2,	10.00),
(43,	50,	0,	6,	20.00),
(44,	52,	0,	1,	500.00),
(47,	58,	1,	1,	500.00),
(48,	58,	0,	2,	10.00),
(49,	59,	1,	1,	500.00),
(50,	59,	0,	2,	10.00),
(51,	60,	1,	1,	500.00),
(52,	60,	0,	2,	10.00),
(53,	61,	1,	5,	200.00),
(54,	62,	0,	16,	0.00),
(55,	62,	1,	17,	0.00),
(56,	62,	1,	18,	0.00),
(57,	64,	0,	13,	0.00),
(58,	64,	1,	14,	0.00),
(59,	64,	1,	15,	0.00),
(60,	65,	0,	10,	500.00),
(61,	65,	1,	11,	10.00),
(62,	67,	1,	5,	200.00),
(63,	68,	1,	1,	500.00),
(64,	69,	1,	1,	500.00),
(65,	69,	0,	2,	10.00),
(66,	70,	1,	1,	500.00),
(67,	70,	0,	2,	10.00),
(68,	71,	1,	5,	200.00),
(69,	71,	0,	6,	20.00),
(70,	72,	1,	5,	200.00),
(71,	72,	0,	6,	20.00),
(72,	73,	1,	5,	200.00),
(73,	73,	0,	6,	20.00);

DROP TABLE IF EXISTS `booking_inspections`;
CREATE TABLE `booking_inspections` (
  `id` bigint(20) NOT NULL AUTO_INCREMENT,
  `booking_id` bigint(20) unsigned NOT NULL,
  `inspection_type` enum('pickup','return') NOT NULL,
  `front_image` varchar(191) DEFAULT NULL,
  `back_image` varchar(191) DEFAULT NULL,
  `left_image` varchar(191) DEFAULT NULL,
  `right_image` varchar(191) DEFAULT NULL,
  `created_at` timestamp NULL DEFAULT NULL,
  `updated_at` timestamp NULL DEFAULT NULL,
  PRIMARY KEY (`id`),
  KEY `booking_id` (`booking_id`),
  CONSTRAINT `booking_inspections_ibfk_1` FOREIGN KEY (`booking_id`) REFERENCES `bookings` (`id`)
) ENGINE=InnoDB DEFAULT CHARSET=latin1;

INSERT INTO `booking_inspections` (`id`, `booking_id`, `inspection_type`, `front_image`, `back_image`, `left_image`, `right_image`, `created_at`, `updated_at`) VALUES
(1,	1,	'pickup',	'uploads/2020/10/5f9422d8482ce.png',	'uploads/2020/10/5f9422d84834b.png',	'uploads/2020/10/5f9422d84837a.png',	'uploads/2020/10/5f9422d8483a4.png',	'2020-10-24 12:49:28',	'2020-10-24 12:49:28');

DROP TABLE IF EXISTS `branch_extras`;
CREATE TABLE `branch_extras` (
  `id` bigint(20) unsigned NOT NULL AUTO_INCREMENT,
  `company_id` bigint(20) unsigned NOT NULL,
  `company_address_id` bigint(20) unsigned NOT NULL,
  `global_extra_id` bigint(20) unsigned NOT NULL,
  `type` tinyint(3) unsigned NOT NULL COMMENT '1 For Daily,0 For 1 Time',
  `created_at` timestamp NULL DEFAULT NULL,
  `updated_at` timestamp NULL DEFAULT NULL,
  PRIMARY KEY (`id`),
  KEY `branch_extras_company_id_foreign` (`company_id`),
  KEY `branch_extras_company_address_id_foreign` (`company_address_id`),
  KEY `branch_extras_global_extra_id_foreign` (`global_extra_id`),
  CONSTRAINT `branch_extras_company_address_id_foreign` FOREIGN KEY (`company_address_id`) REFERENCES `company_addresses` (`id`) ON DELETE CASCADE,
  CONSTRAINT `branch_extras_company_id_foreign` FOREIGN KEY (`company_id`) REFERENCES `companies` (`id`) ON DELETE CASCADE,
  CONSTRAINT `branch_extras_global_extra_id_foreign` FOREIGN KEY (`global_extra_id`) REFERENCES `global_extras` (`id`) ON DELETE CASCADE
) ENGINE=InnoDB DEFAULT CHARSET=utf8mb4 COLLATE=utf8mb4_unicode_ci;

INSERT INTO `branch_extras` (`id`, `company_id`, `company_address_id`, `global_extra_id`, `type`, `created_at`, `updated_at`) VALUES
(1,	2,	1,	1,	1,	'2020-08-04 08:29:52',	'2020-08-11 06:01:10'),
(2,	2,	1,	2,	0,	'2020-08-04 08:29:52',	'2020-08-11 06:01:10'),
(3,	2,	1,	5,	0,	'2020-08-04 23:09:49',	'2020-08-11 06:01:10'),
(4,	2,	2,	1,	2,	'2020-08-11 06:22:45',	'2020-08-11 07:17:37'),
(5,	2,	2,	2,	2,	'2020-08-11 06:22:45',	'2020-08-11 07:17:37'),
(6,	2,	2,	5,	2,	'2020-08-11 06:22:45',	'2020-08-11 07:17:37'),
(7,	2,	3,	1,	1,	'2020-10-05 12:38:29',	'2020-10-05 12:38:29'),
(8,	2,	3,	2,	1,	'2020-10-05 12:38:29',	'2020-10-05 12:38:29'),
(9,	2,	3,	5,	1,	'2020-10-05 12:38:29',	'2020-10-05 12:38:29');

DROP TABLE IF EXISTS `brands`;
CREATE TABLE `brands` (
  `id` bigint(20) unsigned NOT NULL AUTO_INCREMENT,
  `vehicle_type_id` bigint(20) unsigned NOT NULL,
  `brand_order` bigint(20) unsigned NOT NULL,
  `image` varchar(191) COLLATE utf8mb4_unicode_ci NOT NULL,
  `created_at` timestamp NULL DEFAULT NULL,
  `updated_at` timestamp NULL DEFAULT NULL,
  `deleted_at` timestamp NULL DEFAULT NULL,
  PRIMARY KEY (`id`),
  KEY `brands_vehicle_type_id_foreign` (`vehicle_type_id`),
  CONSTRAINT `brands_vehicle_type_id_foreign` FOREIGN KEY (`vehicle_type_id`) REFERENCES `vehicle_types` (`id`) ON DELETE CASCADE
) ENGINE=InnoDB DEFAULT CHARSET=utf8mb4 COLLATE=utf8mb4_unicode_ci;

INSERT INTO `brands` (`id`, `vehicle_type_id`, `brand_order`, `image`, `created_at`, `updated_at`, `deleted_at`) VALUES
(1,	1,	2,	'uploads/default/brand/1.png',	'2020-08-04 06:33:22',	'2020-08-04 06:33:22',	NULL),
(2,	1,	3,	'uploads/default/brand/2.png',	'2020-08-04 06:33:22',	'2020-08-04 06:33:22',	NULL),
(3,	1,	4,	'uploads/default/brand/3.png',	'2020-08-04 06:33:22',	'2020-08-04 06:33:22',	NULL),
(4,	1,	5,	'uploads/default/brand/4.png',	'2020-08-04 06:33:22',	'2020-08-04 06:33:22',	NULL),
(5,	1,	6,	'uploads/default/brand/5.png',	'2020-08-04 06:33:22',	'2020-08-04 06:33:22',	NULL),
(6,	1,	7,	'uploads/default/brand/6.png',	'2020-08-04 06:33:22',	'2020-08-04 06:33:22',	NULL),
(7,	1,	8,	'uploads/default/brand/7.png',	'2020-08-04 06:33:22',	'2020-08-04 06:33:22',	NULL),
(8,	1,	9,	'uploads/default/brand/8.png',	'2020-08-04 06:33:22',	'2020-08-04 06:33:22',	NULL);

DROP TABLE IF EXISTS `brand_translations`;
CREATE TABLE `brand_translations` (
  `id` bigint(20) unsigned NOT NULL AUTO_INCREMENT,
  `brand_id` bigint(20) unsigned NOT NULL,
  `name` varchar(191) COLLATE utf8mb4_unicode_ci NOT NULL,
  `locale` varchar(5) COLLATE utf8mb4_unicode_ci NOT NULL,
  `created_at` timestamp NULL DEFAULT NULL,
  `updated_at` timestamp NULL DEFAULT NULL,
  PRIMARY KEY (`id`),
  UNIQUE KEY `brand_translations_brand_id_locale_unique` (`brand_id`,`locale`),
  KEY `brand_translations_locale_index` (`locale`),
  CONSTRAINT `brand_translations_brand_id_foreign` FOREIGN KEY (`brand_id`) REFERENCES `brands` (`id`) ON DELETE CASCADE
) ENGINE=InnoDB DEFAULT CHARSET=utf8mb4 COLLATE=utf8mb4_unicode_ci;

INSERT INTO `brand_translations` (`id`, `brand_id`, `name`, `locale`, `created_at`, `updated_at`) VALUES
(1,	1,	'Hyundai',	'en',	'2020-08-04 06:33:22',	'2020-08-04 06:33:22'),
(2,	1,	'Hyundai',	'ar',	'2020-08-04 06:33:22',	'2020-08-04 06:33:22'),
(3,	2,	'Mahindra',	'en',	'2020-08-04 06:33:22',	'2020-08-04 06:33:22'),
(4,	2,	'Mahindra',	'ar',	'2020-08-04 06:33:22',	'2020-08-04 06:33:22'),
(5,	3,	'Tata',	'en',	'2020-08-04 06:33:22',	'2020-08-04 06:33:22'),
(6,	3,	'Tata',	'ar',	'2020-08-04 06:33:22',	'2020-08-04 06:33:22'),
(7,	4,	'Toyota',	'en',	'2020-08-04 06:33:22',	'2020-08-04 06:33:22'),
(8,	4,	'Toyota',	'ar',	'2020-08-04 06:33:22',	'2020-08-04 06:33:22'),
(9,	5,	'Renault',	'en',	'2020-08-04 06:33:22',	'2020-08-04 06:33:22'),
(10,	5,	'Renault',	'ar',	'2020-08-04 06:33:22',	'2020-08-04 06:33:22'),
(11,	6,	'Ford',	'en',	'2020-08-04 06:33:22',	'2020-08-04 06:33:22'),
(12,	6,	'Ford',	'ar',	'2020-08-04 06:33:22',	'2020-08-04 06:33:22'),
(13,	7,	'Nissan',	'en',	'2020-08-04 06:33:22',	'2020-08-04 06:33:22'),
(14,	7,	'Nissan',	'ar',	'2020-08-04 06:33:22',	'2020-08-04 06:33:22'),
(15,	8,	'Volkswagen',	'en',	'2020-08-04 06:33:22',	'2020-08-04 06:33:22'),
(16,	8,	'Volkswagen',	'ar',	'2020-08-04 06:33:22',	'2020-08-04 06:33:22');

DROP TABLE IF EXISTS `categories`;
CREATE TABLE `categories` (
  `id` bigint(20) unsigned NOT NULL AUTO_INCREMENT,
  `image` varchar(191) COLLATE utf8mb4_unicode_ci NOT NULL,
  `category_order` bigint(20) unsigned NOT NULL,
  `created_at` timestamp NULL DEFAULT NULL,
  `updated_at` timestamp NULL DEFAULT NULL,
  `deleted_at` timestamp NULL DEFAULT NULL,
  PRIMARY KEY (`id`)
) ENGINE=InnoDB DEFAULT CHARSET=utf8mb4 COLLATE=utf8mb4_unicode_ci;

INSERT INTO `categories` (`id`, `image`, `category_order`, `created_at`, `updated_at`, `deleted_at`) VALUES
(1,	'uploads/2020/08/5f42adae7fee8.jpg',	2,	'2020-08-04 06:33:22',	'2020-08-23 21:55:58',	NULL),
(2,	'uploads/2020/08/5f411d0e4c6c4.jpg',	3,	'2020-08-04 06:33:22',	'2020-08-22 17:26:38',	NULL),
(3,	'uploads/2020/08/5f4117e31f0f4.png',	4,	'2020-08-04 06:33:22',	'2020-08-22 17:04:35',	NULL);

DROP TABLE IF EXISTS `category_translations`;
CREATE TABLE `category_translations` (
  `id` bigint(20) unsigned NOT NULL AUTO_INCREMENT,
  `category_id` bigint(20) unsigned NOT NULL,
  `name` varchar(191) COLLATE utf8mb4_unicode_ci NOT NULL,
  `locale` varchar(5) COLLATE utf8mb4_unicode_ci NOT NULL,
  `created_at` timestamp NULL DEFAULT NULL,
  `updated_at` timestamp NULL DEFAULT NULL,
  PRIMARY KEY (`id`),
  UNIQUE KEY `category_translations_category_id_locale_unique` (`category_id`,`locale`),
  KEY `category_translations_locale_index` (`locale`),
  CONSTRAINT `category_translations_category_id_foreign` FOREIGN KEY (`category_id`) REFERENCES `categories` (`id`) ON DELETE CASCADE
) ENGINE=InnoDB DEFAULT CHARSET=utf8mb4 COLLATE=utf8mb4_unicode_ci;

INSERT INTO `category_translations` (`id`, `category_id`, `name`, `locale`, `created_at`, `updated_at`) VALUES
(1,	1,	'All Eyez On Me',	'en',	'2020-08-04 06:33:22',	'2020-09-12 18:57:08'),
(2,	1,	'They See Me Rollin\r\nThey Hatin',	'ar',	'2020-08-04 06:33:22',	'2020-08-22 17:03:50'),
(3,	2,	'Fazt & Furiouz',	'en',	'2020-08-04 06:33:22',	'2020-09-12 18:58:03'),
(4,	2,	'Drive Too Fast\r\nDrive Too Furious',	'ar',	'2020-08-04 06:33:22',	'2020-08-22 17:02:12'),
(5,	3,	'They See Me Rydin\'\r\nThey Hatin\'',	'en',	'2020-08-04 06:33:22',	'2020-09-12 18:56:50'),
(6,	3,	'They See Me Rydin\'\r\nThey Hatin\' 1',	'ar',	'2020-08-04 06:33:22',	'2020-09-12 18:55:52');

DROP TABLE IF EXISTS `category_vehicles`;
CREATE TABLE `category_vehicles` (
  `id` bigint(20) unsigned NOT NULL AUTO_INCREMENT,
  `company_id` bigint(20) unsigned NOT NULL,
  `company_address_id` bigint(20) unsigned NOT NULL,
  `category_id` bigint(20) unsigned NOT NULL,
  `vehicle_id` bigint(20) unsigned NOT NULL,
  `created_at` timestamp NULL DEFAULT NULL,
  `updated_at` timestamp NULL DEFAULT NULL,
  PRIMARY KEY (`id`),
  KEY `category_vehicles_category_id_foreign` (`category_id`),
  KEY `category_vehicles_vehicle_id_foreign` (`vehicle_id`),
  KEY `category_vehicles_company_id_foreign` (`company_id`),
  KEY `category_vehicles_company_address_id_foreign` (`company_address_id`),
  CONSTRAINT `category_vehicles_category_id_foreign` FOREIGN KEY (`category_id`) REFERENCES `categories` (`id`) ON DELETE CASCADE,
  CONSTRAINT `category_vehicles_company_address_id_foreign` FOREIGN KEY (`company_address_id`) REFERENCES `company_addresses` (`id`) ON DELETE CASCADE,
  CONSTRAINT `category_vehicles_company_id_foreign` FOREIGN KEY (`company_id`) REFERENCES `companies` (`id`) ON DELETE CASCADE,
  CONSTRAINT `category_vehicles_vehicle_id_foreign` FOREIGN KEY (`vehicle_id`) REFERENCES `vehicles` (`id`) ON DELETE CASCADE
) ENGINE=InnoDB DEFAULT CHARSET=utf8mb4 COLLATE=utf8mb4_unicode_ci;

INSERT INTO `category_vehicles` (`id`, `company_id`, `company_address_id`, `category_id`, `vehicle_id`, `created_at`, `updated_at`) VALUES
(1,	2,	1,	1,	1,	'2020-08-20 08:04:15',	'2020-08-20 08:04:15'),
(2,	2,	2,	1,	2,	'2020-08-20 08:04:27',	'2020-08-20 08:04:27'),
(3,	2,	1,	1,	3,	'2020-08-20 08:04:51',	'2020-08-20 08:04:51');

DROP TABLE IF EXISTS `colors`;
CREATE TABLE `colors` (
  `id` bigint(20) unsigned NOT NULL AUTO_INCREMENT,
  `color_order` bigint(20) unsigned NOT NULL,
  `created_at` timestamp NULL DEFAULT NULL,
  `updated_at` timestamp NULL DEFAULT NULL,
  `deleted_at` timestamp NULL DEFAULT NULL,
  PRIMARY KEY (`id`)
) ENGINE=InnoDB DEFAULT CHARSET=utf8mb4 COLLATE=utf8mb4_unicode_ci;

INSERT INTO `colors` (`id`, `color_order`, `created_at`, `updated_at`, `deleted_at`) VALUES
(1,	2,	'2020-08-04 06:33:22',	'2020-10-06 10:09:24',	NULL),
(2,	3,	'2020-08-04 06:33:22',	'2020-09-28 08:38:46',	NULL),
(3,	4,	'2020-08-04 06:33:22',	'2020-10-05 11:41:41',	NULL),
(4,	5,	'2020-08-04 06:33:23',	'2020-09-28 08:38:54',	NULL),
(5,	6,	'2020-08-04 06:33:23',	'2020-10-06 10:09:26',	NULL),
(6,	7,	'2020-08-04 06:33:23',	'2020-09-28 08:39:31',	NULL),
(7,	8,	'2020-08-04 06:33:23',	'2020-10-06 10:09:44',	NULL),
(8,	9,	'2020-08-04 06:33:23',	'2020-10-06 10:09:34',	NULL),
(9,	10,	'2020-08-04 06:33:23',	'2020-10-05 11:42:00',	NULL),
(10,	11,	'2020-08-04 06:33:23',	'2020-10-05 11:41:57',	NULL),
(11,	12,	'2020-08-04 06:33:23',	'2020-10-05 11:41:57',	NULL),
(12,	13,	'2020-08-04 06:33:23',	'2020-10-06 10:09:29',	NULL),
(13,	14,	'2020-08-04 06:33:23',	'2020-10-06 10:09:52',	NULL),
(14,	15,	'2020-08-04 06:33:23',	'2020-10-05 11:47:55',	NULL),
(15,	16,	'2020-08-04 06:33:23',	'2020-10-05 11:43:20',	NULL),
(16,	17,	'2020-08-04 06:33:23',	'2020-10-06 10:09:49',	NULL),
(17,	18,	'2020-08-04 06:33:23',	'2020-10-05 11:49:02',	NULL),
(18,	19,	'2020-08-04 06:33:23',	'2020-08-04 06:33:23',	NULL),
(19,	20,	'2020-08-04 06:33:23',	'2020-10-05 11:49:03',	NULL),
(20,	21,	'2020-08-04 06:33:23',	'2020-08-04 06:33:23',	NULL),
(21,	22,	'2020-08-04 06:33:23',	'2020-08-04 06:33:23',	NULL),
(22,	23,	'2020-08-04 06:33:23',	'2020-08-04 06:33:23',	NULL),
(23,	24,	'2020-08-04 06:33:23',	'2020-08-04 06:33:23',	NULL),
(24,	25,	'2020-08-04 06:33:23',	'2020-08-04 06:33:23',	NULL),
(25,	26,	'2020-08-04 06:33:23',	'2020-08-04 06:33:23',	NULL),
(26,	27,	'2020-08-04 06:33:23',	'2020-08-04 06:33:23',	NULL),
(27,	28,	'2020-08-04 06:33:23',	'2020-10-05 11:48:01',	NULL),
(28,	29,	'2020-08-04 06:33:23',	'2020-08-04 06:33:23',	NULL),
(29,	30,	'2020-08-04 06:33:23',	'2020-08-04 06:33:23',	NULL),
(30,	30,	'2020-08-29 03:34:36',	'2020-08-29 03:34:36',	NULL),
(31,	31,	'2020-09-28 07:33:17',	'2020-09-28 07:33:17',	NULL),
(32,	32,	'2020-09-28 07:34:05',	'2020-09-28 07:34:05',	NULL),
(33,	33,	'2020-09-28 07:34:29',	'2020-09-28 07:34:29',	NULL),
(34,	34,	'2020-09-28 07:34:51',	'2020-09-28 07:34:51',	NULL),
(35,	35,	'2020-09-28 07:37:56',	'2020-09-28 07:37:56',	NULL),
(36,	36,	'2020-09-28 07:38:36',	'2020-09-28 07:38:36',	NULL),
(37,	37,	'2020-09-28 07:55:24',	'2020-09-28 07:55:24',	NULL),
(38,	38,	'2020-09-28 08:33:17',	'2020-09-28 08:33:17',	NULL),
(39,	39,	'2020-09-28 08:38:46',	'2020-09-28 08:40:17',	NULL),
(40,	40,	'2020-09-28 08:39:48',	'2020-09-28 08:40:26',	NULL),
(41,	39,	'2020-10-05 11:52:09',	'2020-10-05 11:52:09',	NULL);

DROP TABLE IF EXISTS `color_translations`;
CREATE TABLE `color_translations` (
  `id` bigint(20) unsigned NOT NULL AUTO_INCREMENT,
  `color_id` bigint(20) unsigned NOT NULL,
  `name` varchar(191) COLLATE utf8mb4_unicode_ci NOT NULL,
  `locale` varchar(5) COLLATE utf8mb4_unicode_ci NOT NULL,
  `created_at` timestamp NULL DEFAULT NULL,
  `updated_at` timestamp NULL DEFAULT NULL,
  PRIMARY KEY (`id`),
  UNIQUE KEY `color_translations_color_id_locale_unique` (`color_id`,`locale`),
  KEY `color_translations_locale_index` (`locale`),
  CONSTRAINT `color_translations_color_id_foreign` FOREIGN KEY (`color_id`) REFERENCES `colors` (`id`) ON DELETE CASCADE
) ENGINE=InnoDB DEFAULT CHARSET=utf8mb4 COLLATE=utf8mb4_unicode_ci;

INSERT INTO `color_translations` (`id`, `color_id`, `name`, `locale`, `created_at`, `updated_at`) VALUES
(1,	1,	'Western Brown',	'en',	'2020-08-04 06:33:22',	'2020-08-04 06:33:22'),
(2,	1,	'Western Brown',	'ar',	'2020-08-04 06:33:22',	'2020-08-04 06:33:22'),
(3,	2,	'True Blue',	'en',	'2020-08-04 06:33:22',	'2020-08-04 06:33:22'),
(4,	2,	'True Blue',	'ar',	'2020-08-04 06:33:22',	'2020-08-04 06:33:22'),
(5,	3,	'Black Gold',	'en',	'2020-08-04 06:33:23',	'2020-08-04 06:33:23'),
(6,	3,	'Black Gold',	'ar',	'2020-08-04 06:33:23',	'2020-08-04 06:33:23'),
(7,	4,	'Prairie Pearl Coat',	'en',	'2020-08-04 06:33:23',	'2020-08-04 06:33:23'),
(8,	4,	'Prairie Pearl Coat',	'ar',	'2020-08-04 06:33:23',	'2020-08-04 06:33:23'),
(9,	5,	'Case IH Red',	'en',	'2020-08-04 06:33:23',	'2020-08-04 06:33:23'),
(10,	5,	'Case IH Red',	'ar',	'2020-08-04 06:33:23',	'2020-08-04 06:33:23'),
(11,	6,	'Construction Yellow',	'en',	'2020-08-04 06:33:23',	'2020-08-04 06:33:23'),
(12,	6,	'Construction Yellow',	'ar',	'2020-08-04 06:33:23',	'2020-08-04 06:33:23'),
(13,	7,	'Opulent Blue',	'en',	'2020-08-04 06:33:23',	'2020-08-04 06:33:23'),
(14,	7,	'Opulent Blue',	'ar',	'2020-08-04 06:33:23',	'2020-08-04 06:33:23'),
(15,	8,	'Silver Coast',	'en',	'2020-08-04 06:33:23',	'2020-08-04 06:33:23'),
(16,	8,	'Silver Coast',	'ar',	'2020-08-04 06:33:23',	'2020-08-04 06:33:23'),
(17,	9,	'Glacier Blue',	'en',	'2020-08-04 06:33:23',	'2020-08-04 06:33:23'),
(18,	9,	'Glacier Blue',	'ar',	'2020-08-04 06:33:23',	'2020-08-04 06:33:23'),
(19,	10,	'Mocha Steel',	'en',	'2020-08-04 06:33:23',	'2020-08-04 06:33:23'),
(20,	10,	'Mocha Steel',	'ar',	'2020-08-04 06:33:23',	'2020-08-04 06:33:23'),
(21,	11,	'Radiant Silver',	'en',	'2020-08-04 06:33:23',	'2020-08-04 06:33:23'),
(22,	11,	'Radiant Silver',	'ar',	'2020-08-04 06:33:23',	'2020-08-04 06:33:23'),
(23,	12,	'Sapphire Blue',	'en',	'2020-08-04 06:33:23',	'2020-08-04 06:33:23'),
(24,	12,	'Sapphire Blue',	'ar',	'2020-08-04 06:33:23',	'2020-08-04 06:33:23'),
(25,	13,	'Black Ice',	'en',	'2020-08-04 06:33:23',	'2020-08-04 06:33:23'),
(26,	13,	'Black Ice',	'ar',	'2020-08-04 06:33:23',	'2020-08-04 06:33:23'),
(27,	14,	'Tuxedo Black',	'en',	'2020-08-04 06:33:23',	'2020-08-04 06:33:23'),
(28,	14,	'Tuxedo Black',	'ar',	'2020-08-04 06:33:23',	'2020-08-04 06:33:23'),
(29,	15,	'Green Envy',	'en',	'2020-08-04 06:33:23',	'2020-08-04 06:33:23'),
(30,	15,	'Green Envy',	'ar',	'2020-08-04 06:33:23',	'2020-08-04 06:33:23'),
(31,	16,	'Performance Blue',	'en',	'2020-08-04 06:33:23',	'2020-08-04 06:33:23'),
(32,	16,	'Performance Blue',	'ar',	'2020-08-04 06:33:23',	'2020-08-04 06:33:23'),
(33,	17,	'Gotta Have It Green',	'en',	'2020-08-04 06:33:23',	'2020-08-04 06:33:23'),
(34,	17,	'Gotta Have It Green',	'ar',	'2020-08-04 06:33:23',	'2020-08-04 06:33:23'),
(35,	18,	'Blue Granite',	'en',	'2020-08-04 06:33:23',	'2020-08-04 06:33:23'),
(36,	18,	'Blue Granite',	'ar',	'2020-08-04 06:33:23',	'2020-08-04 06:33:23'),
(37,	19,	'Tungsten Metallic',	'en',	'2020-08-04 06:33:23',	'2020-08-04 06:33:23'),
(38,	19,	'Tungsten Metallic',	'ar',	'2020-08-04 06:33:23',	'2020-08-04 06:33:23'),
(39,	20,	'Blue Topaz',	'en',	'2020-08-04 06:33:23',	'2020-08-04 06:33:23'),
(40,	20,	'Blue Topaz',	'ar',	'2020-08-04 06:33:23',	'2020-08-04 06:33:23'),
(41,	21,	'Tanzanite Blue',	'en',	'2020-08-04 06:33:23',	'2020-08-04 06:33:23'),
(42,	21,	'Tanzanite Blue',	'ar',	'2020-08-04 06:33:23',	'2020-08-04 06:33:23'),
(43,	22,	'Moonstone Metallic',	'en',	'2020-08-04 06:33:23',	'2020-08-04 06:33:23'),
(44,	22,	'Moonstone Metallic',	'ar',	'2020-08-04 06:33:23',	'2020-08-04 06:33:23'),
(45,	23,	'Deep Sea Blue',	'en',	'2020-08-04 06:33:23',	'2020-08-04 06:33:23'),
(46,	23,	'Deep Sea Blue',	'ar',	'2020-08-04 06:33:23',	'2020-08-04 06:33:23'),
(47,	24,	'Mojave Metallic',	'en',	'2020-08-04 06:33:23',	'2020-08-04 06:33:23'),
(48,	24,	'Mojave Metallic',	'ar',	'2020-08-04 06:33:23',	'2020-08-04 06:33:23'),
(49,	25,	'Space Gray',	'en',	'2020-08-04 06:33:23',	'2020-08-04 06:33:23'),
(50,	25,	'Space Gray',	'ar',	'2020-08-04 06:33:23',	'2020-08-04 06:33:23'),
(51,	26,	'Dolomite Brown',	'en',	'2020-08-04 06:33:23',	'2020-08-04 06:33:23'),
(52,	26,	'Dolomite Brown',	'ar',	'2020-08-04 06:33:23',	'2020-08-04 06:33:23'),
(53,	27,	'Iridium Silver',	'en',	'2020-08-04 06:33:23',	'2020-08-04 06:33:23'),
(54,	27,	'Iridium Silver',	'ar',	'2020-08-04 06:33:23',	'2020-08-04 06:33:23'),
(55,	28,	'Palladium Silver',	'en',	'2020-08-04 06:33:23',	'2020-08-04 06:33:23'),
(56,	28,	'Palladium Silver',	'ar',	'2020-08-04 06:33:23',	'2020-08-04 06:33:23'),
(57,	29,	'Lunar Blue',	'en',	'2020-08-04 06:33:23',	'2020-08-04 06:33:23'),
(58,	29,	'Lunar Blue',	'ar',	'2020-08-04 06:33:23',	'2020-08-04 06:33:23'),
(59,	30,	'Black',	'en',	'2020-08-29 03:34:36',	'2020-08-29 03:34:36'),
(60,	30,	'اسود',	'ar',	'2020-08-29 03:34:36',	'2020-08-29 03:34:36'),
(61,	31,	'White',	'en',	'2020-09-28 07:33:17',	'2020-09-28 07:33:17'),
(62,	31,	'ابيض',	'ar',	'2020-09-28 07:33:17',	'2020-09-28 07:33:17'),
(63,	32,	'Grey',	'en',	'2020-09-28 07:34:05',	'2020-09-28 07:34:05'),
(64,	32,	'رمادي',	'ar',	'2020-09-28 07:34:05',	'2020-09-28 07:34:05'),
(65,	33,	'Red',	'en',	'2020-09-28 07:34:29',	'2020-09-28 07:34:29'),
(66,	33,	'احمر',	'ar',	'2020-09-28 07:34:29',	'2020-09-28 07:34:29'),
(67,	34,	'blue',	'en',	'2020-09-28 07:34:51',	'2020-09-28 07:34:51'),
(68,	34,	'أزرق',	'ar',	'2020-09-28 07:34:51',	'2020-09-28 07:34:51'),
(69,	35,	'Green',	'en',	'2020-09-28 07:37:56',	'2020-09-28 07:37:56'),
(70,	35,	'أخضر',	'ar',	'2020-09-28 07:37:56',	'2020-09-28 07:37:56'),
(71,	36,	'yellow',	'en',	'2020-09-28 07:38:36',	'2020-09-28 07:38:36'),
(72,	36,	'أصفر',	'ar',	'2020-09-28 07:38:36',	'2020-09-28 07:38:36'),
(73,	37,	'orange',	'en',	'2020-09-28 07:55:24',	'2020-09-28 07:55:24'),
(74,	37,	'برتقالي',	'ar',	'2020-09-28 07:55:24',	'2020-09-28 07:55:24'),
(75,	38,	'PINK',	'en',	'2020-09-28 08:33:17',	'2020-09-28 08:33:17'),
(76,	38,	'وردي',	'ar',	'2020-09-28 08:33:17',	'2020-09-28 08:33:17'),
(77,	39,	'tongush',	'en',	'2020-09-28 08:38:46',	'2020-09-28 08:38:46'),
(78,	39,	'to',	'ar',	'2020-09-28 08:38:46',	'2020-09-28 08:38:46'),
(79,	40,	'tongush',	'en',	'2020-09-28 08:39:48',	'2020-09-28 08:39:48'),
(80,	40,	'tt',	'ar',	'2020-09-28 08:39:48',	'2020-09-28 08:39:48'),
(81,	41,	'Silver',	'en',	'2020-10-05 11:52:09',	'2020-10-05 11:52:09'),
(82,	41,	'فضي',	'ar',	'2020-10-05 11:52:09',	'2020-10-05 11:52:09');

DROP TABLE IF EXISTS `commissions`;
CREATE TABLE `commissions` (
  `id` bigint(20) unsigned NOT NULL AUTO_INCREMENT,
  `booking_id` bigint(20) unsigned DEFAULT NULL,
  `company_id` bigint(20) unsigned DEFAULT NULL,
  `company_address_id` bigint(20) unsigned DEFAULT NULL,
  `commission_percentage` tinyint(3) unsigned DEFAULT NULL,
  `commission_amount` double(10,2) NOT NULL,
  `type` enum('Credit','Debit') COLLATE utf8mb4_unicode_ci NOT NULL,
  `status` enum('Added','withdraw','in_transfer','transferred') COLLATE utf8mb4_unicode_ci NOT NULL,
  `created_at` timestamp NULL DEFAULT NULL,
  `updated_at` timestamp NULL DEFAULT NULL,
  PRIMARY KEY (`id`),
  KEY `commissions_booking_id_foreign` (`booking_id`),
  KEY `commissions_company_id_foreign` (`company_id`),
  KEY `commissions_company_address_id_foreign` (`company_address_id`),
  CONSTRAINT `commissions_booking_id_foreign` FOREIGN KEY (`booking_id`) REFERENCES `bookings` (`id`) ON DELETE CASCADE,
  CONSTRAINT `commissions_company_address_id_foreign` FOREIGN KEY (`company_address_id`) REFERENCES `company_addresses` (`id`) ON DELETE CASCADE,
  CONSTRAINT `commissions_company_id_foreign` FOREIGN KEY (`company_id`) REFERENCES `companies` (`id`) ON DELETE CASCADE
) ENGINE=InnoDB DEFAULT CHARSET=utf8mb4 COLLATE=utf8mb4_unicode_ci;

INSERT INTO `commissions` (`id`, `booking_id`, `company_id`, `company_address_id`, `commission_percentage`, `commission_amount`, `type`, `status`, `created_at`, `updated_at`) VALUES
(1,	1,	2,	1,	20,	366.00,	'Credit',	'Added',	'2020-08-18 18:02:22',	'2020-09-03 16:39:42'),
(2,	2,	2,	1,	20,	80.00,	'Credit',	'Added',	'2020-08-18 18:05:36',	'2020-08-18 18:05:36'),
(3,	3,	2,	1,	20,	2968.00,	'Credit',	'Added',	'2020-08-19 07:56:23',	'2020-08-19 07:56:23'),
(4,	4,	2,	1,	20,	2560.00,	'Credit',	'Added',	'2020-08-19 07:57:27',	'2020-08-19 07:57:27'),
(5,	5,	2,	2,	20,	256.00,	'Credit',	'Added',	'2020-08-19 15:07:17',	'2020-08-19 15:07:17'),
(6,	6,	2,	2,	20,	80.00,	'Credit',	'Added',	'2020-08-19 15:07:53',	'2020-08-19 15:07:53'),
(7,	7,	2,	1,	20,	1624.00,	'Credit',	'Added',	'2020-08-21 14:07:02',	'2020-08-21 14:07:02'),
(8,	8,	2,	2,	20,	1616.00,	'Credit',	'Added',	'2020-08-21 17:56:20',	'2020-08-21 17:56:20'),
(9,	9,	2,	1,	20,	88.00,	'Credit',	'Added',	'2020-08-22 18:13:31',	'2020-08-22 18:13:31'),
(10,	10,	2,	2,	20,	336.00,	'Credit',	'Added',	'2020-08-22 19:56:33',	'2020-08-22 19:56:33'),
(11,	11,	2,	2,	20,	256.00,	'Credit',	'Added',	'2020-08-24 06:16:31',	'2020-08-24 06:16:31'),
(12,	12,	2,	2,	20,	80.00,	'Credit',	'Added',	'2020-08-24 23:38:58',	'2020-08-24 23:38:58'),
(13,	13,	2,	1,	20,	240.00,	'Credit',	'Added',	'2020-08-25 01:54:47',	'2020-08-25 01:54:47'),
(14,	14,	2,	1,	20,	640.00,	'Credit',	'Added',	'2020-08-25 01:57:40',	'2020-08-25 01:57:40'),
(15,	15,	2,	1,	20,	80.00,	'Credit',	'Added',	'2020-08-25 08:13:54',	'2020-08-25 08:13:54'),
(16,	16,	2,	1,	20,	240.00,	'Credit',	'Added',	'2020-08-25 08:15:20',	'2020-08-25 08:15:20'),
(17,	17,	2,	1,	20,	808.00,	'Credit',	'Added',	'2020-08-25 12:41:44',	'2020-08-25 12:41:44'),
(18,	18,	2,	1,	20,	1216.00,	'Credit',	'Added',	'2020-08-26 14:16:10',	'2020-08-26 14:16:10'),
(19,	19,	2,	1,	20,	240.00,	'Credit',	'Added',	'2020-08-26 17:11:24',	'2020-08-26 17:11:24'),
(20,	20,	2,	1,	20,	808.00,	'Credit',	'Added',	'2020-08-28 05:19:18',	'2020-08-28 05:19:18'),
(21,	21,	2,	1,	20,	1216.00,	'Credit',	'Added',	'2020-08-31 15:09:47',	'2020-08-31 15:09:47'),
(22,	NULL,	2,	NULL,	NULL,	1.00,	'Debit',	'transferred',	'2020-09-01 17:10:52',	'2020-09-01 17:10:52'),
(23,	22,	2,	1,	20,	240.00,	'Credit',	'Added',	'2020-09-03 06:20:09',	'2020-09-03 06:20:09'),
(24,	23,	2,	1,	20,	3256.00,	'Credit',	'Added',	'2020-09-06 12:25:55',	'2020-09-06 12:25:55'),
(25,	24,	2,	1,	20,	2800.00,	'Credit',	'Added',	'2020-09-06 12:27:32',	'2020-09-06 12:27:32'),
(26,	25,	2,	1,	20,	2800.00,	'Credit',	'Added',	'2020-09-06 12:28:46',	'2020-09-06 12:28:46'),
(27,	26,	2,	1,	20,	640.00,	'Credit',	'Added',	'2020-09-06 12:35:31',	'2020-09-06 12:35:31'),
(28,	27,	2,	1,	20,	640.00,	'Credit',	'Added',	'2020-09-06 12:36:06',	'2020-09-06 12:36:06'),
(29,	28,	2,	2,	20,	656.00,	'Credit',	'Added',	'2020-09-06 13:12:32',	'2020-09-06 13:12:32'),
(30,	29,	2,	2,	20,	640.00,	'Credit',	'Added',	'2020-09-06 13:13:13',	'2020-09-06 13:13:13'),
(31,	NULL,	2,	NULL,	NULL,	999.00,	'Debit',	'transferred',	'2020-09-06 21:30:44',	'2020-09-06 21:30:44'),
(32,	NULL,	2,	NULL,	NULL,	470.00,	'Debit',	'transferred',	'2020-09-06 21:31:33',	'2020-09-06 21:31:33'),
(33,	NULL,	2,	NULL,	NULL,	26000.00,	'Debit',	'transferred',	'2020-09-07 19:54:16',	'2020-09-07 19:54:16'),
(34,	30,	2,	1,	20,	640.00,	'Credit',	'Added',	'2020-09-08 21:47:21',	'2020-09-08 21:47:21'),
(35,	31,	2,	1,	20,	320.00,	'Credit',	'Added',	'2020-09-08 23:11:35',	'2020-09-08 23:11:35'),
(36,	32,	2,	1,	20,	808.00,	'Credit',	'Added',	'2020-09-08 23:12:46',	'2020-09-08 23:12:46'),
(37,	33,	2,	2,	20,	656.00,	'Credit',	'Added',	'2020-09-08 23:17:01',	'2020-09-08 23:17:01'),
(38,	34,	2,	1,	20,	808.00,	'Credit',	'Added',	'2020-09-08 23:26:22',	'2020-09-08 23:26:22'),
(39,	35,	2,	1,	20,	800.00,	'Credit',	'Added',	'2020-09-11 04:47:33',	'2020-09-11 04:47:33'),
(40,	36,	2,	1,	20,	800.00,	'Credit',	'Added',	'2020-09-11 04:56:39',	'2020-09-11 04:56:39'),
(41,	37,	2,	1,	20,	240.00,	'Credit',	'Added',	'2020-09-12 08:52:36',	'2020-09-12 08:52:36'),
(42,	38,	2,	1,	20,	240.00,	'Credit',	'Added',	'2020-09-12 08:53:46',	'2020-09-12 08:53:46'),
(43,	39,	2,	1,	20,	560.00,	'Credit',	'Added',	'2020-09-12 08:55:44',	'2020-09-12 08:55:44'),
(44,	40,	2,	2,	20,	336.00,	'Credit',	'Added',	'2020-09-12 10:09:34',	'2020-09-12 10:09:34'),
(45,	41,	2,	2,	20,	496.00,	'Credit',	'Added',	'2020-09-12 11:32:18',	'2020-09-12 11:32:18'),
(46,	42,	2,	1,	20,	80.00,	'Credit',	'Added',	'2020-09-12 11:33:53',	'2020-09-12 11:33:53'),
(47,	43,	2,	1,	20,	408.00,	'Credit',	'Added',	'2020-09-13 22:42:28',	'2020-09-13 22:42:28'),
(48,	44,	2,	1,	20,	808.00,	'Credit',	'Added',	'2020-09-14 05:12:49',	'2020-09-14 05:12:49'),
(49,	45,	2,	1,	20,	320.00,	'Credit',	'Added',	'2020-09-14 05:14:30',	'2020-09-14 05:14:30'),
(50,	46,	2,	1,	20,	808.00,	'Credit',	'Added',	'2020-09-14 05:23:45',	'2020-09-14 05:23:45'),
(51,	47,	2,	1,	20,	400.00,	'Credit',	'Added',	'2020-09-14 05:31:03',	'2020-09-14 05:31:03'),
(52,	48,	2,	1,	20,	1216.00,	'Credit',	'Added',	'2020-09-15 07:50:25',	'2020-09-15 07:50:25'),
(53,	49,	2,	1,	20,	808.00,	'Credit',	'Added',	'2020-09-15 07:55:45',	'2020-09-15 07:55:45'),
(54,	50,	2,	2,	20,	176.00,	'Credit',	'Added',	'2020-09-15 14:10:31',	'2020-09-15 14:10:31'),
(55,	52,	2,	1,	20,	800.00,	'Credit',	'Added',	'2020-10-10 06:10:30',	'2020-10-10 06:10:30'),
(56,	53,	2,	1,	20,	800.00,	'Credit',	'Added',	'2020-10-12 04:00:03',	'2020-10-12 04:00:03'),
(57,	56,	2,	1,	20,	400.00,	'Credit',	'Added',	'2020-10-14 02:22:33',	'2020-10-14 02:22:33'),
(58,	57,	2,	1,	20,	400.00,	'Credit',	'Added',	'2020-10-14 02:48:12',	'2020-10-14 02:48:12'),
(59,	58,	2,	1,	20,	1608.00,	'Credit',	'Added',	'2020-10-14 02:53:20',	'2020-10-14 02:53:20'),
(60,	59,	2,	1,	20,	1608.00,	'Credit',	'Added',	'2020-10-15 02:23:44',	'2020-10-15 02:23:44'),
(61,	60,	2,	1,	20,	488.00,	'Credit',	'Added',	'2020-10-15 02:24:54',	'2020-10-15 02:24:54'),
(62,	61,	2,	2,	20,	640.00,	'Credit',	'Added',	'2020-10-15 03:38:20',	'2020-10-15 03:38:20'),
(63,	62,	2,	1,	20,	64.00,	'Credit',	'Added',	'2020-10-15 05:10:05',	'2020-10-15 05:10:05'),
(64,	63,	2,	1,	20,	64.00,	'Credit',	'Added',	'2020-10-15 05:10:41',	'2020-10-15 05:10:41'),
(65,	64,	2,	1,	20,	64.00,	'Credit',	'Added',	'2020-10-15 05:13:50',	'2020-10-15 05:13:50'),
(66,	65,	2,	1,	20,	808.00,	'Credit',	'Added',	'2020-10-15 05:18:30',	'2020-10-15 05:18:30'),
(67,	66,	2,	1,	20,	400.00,	'Credit',	'Added',	'2020-10-15 05:19:11',	'2020-10-15 05:19:11'),
(68,	67,	2,	2,	20,	640.00,	'Credit',	'Added',	'2020-10-15 06:45:42',	'2020-10-15 06:45:42'),
(69,	68,	2,	1,	20,	800.00,	'Credit',	'Added',	'2020-10-15 07:45:05',	'2020-10-15 07:45:05'),
(70,	69,	2,	1,	20,	808.00,	'Credit',	'Added',	'2020-10-20 04:12:54',	'2020-10-20 04:12:54'),
(71,	70,	2,	1,	20,	488.00,	'Credit',	'Added',	'2020-10-20 04:15:06',	'2020-10-20 04:15:06'),
(72,	71,	2,	2,	20,	336.00,	'Credit',	'Added',	'2020-10-20 10:57:06',	'2020-10-20 10:57:06'),
(73,	72,	2,	2,	20,	96.00,	'Credit',	'Added',	'2020-10-20 10:58:31',	'2020-10-20 10:58:31'),
(74,	73,	2,	2,	20,	96.00,	'Credit',	'Added',	'2020-10-21 11:16:21',	'2020-10-21 11:16:21');

DROP TABLE IF EXISTS `companies`;
CREATE TABLE `companies` (
  `id` bigint(20) unsigned NOT NULL AUTO_INCREMENT,
  `user_id` bigint(20) unsigned NOT NULL,
  `name` varchar(191) COLLATE utf8mb4_unicode_ci NOT NULL,
  `business_number` varchar(191) COLLATE utf8mb4_unicode_ci NOT NULL,
  `contact_name` varchar(191) COLLATE utf8mb4_unicode_ci NOT NULL,
  `email` varchar(191) COLLATE utf8mb4_unicode_ci NOT NULL,
  `country_id` bigint(20) unsigned NOT NULL,
  `country_code` varchar(191) COLLATE utf8mb4_unicode_ci NOT NULL,
  `mobile_no` varchar(191) COLLATE utf8mb4_unicode_ci NOT NULL,
  `commission_percentage` tinyint(3) unsigned NOT NULL,
  `security_deposit` double(10,2) NOT NULL,
  `license_number` varchar(191) COLLATE utf8mb4_unicode_ci NOT NULL,
  `trade_license_image` varchar(191) COLLATE utf8mb4_unicode_ci NOT NULL,
  `license_expiry_date` date NOT NULL,
  `bank_name` varchar(191) COLLATE utf8mb4_unicode_ci NOT NULL,
  `bank_address` varchar(191) COLLATE utf8mb4_unicode_ci NOT NULL,
  `bank_contact_number` varchar(191) COLLATE utf8mb4_unicode_ci NOT NULL,
  `beneficiary_name` varchar(191) COLLATE utf8mb4_unicode_ci NOT NULL,
  `bank_code` varchar(191) COLLATE utf8mb4_unicode_ci NOT NULL,
  `iban` varchar(191) COLLATE utf8mb4_unicode_ci NOT NULL,
  `dealer_logo` varchar(191) COLLATE utf8mb4_unicode_ci NOT NULL,
  `created_at` timestamp NULL DEFAULT NULL,
  `updated_at` timestamp NULL DEFAULT NULL,
  `deleted_at` timestamp NULL DEFAULT NULL,
  PRIMARY KEY (`id`),
  KEY `companies_country_id_foreign` (`country_id`),
  KEY `companies_user_id_foreign` (`user_id`),
  CONSTRAINT `companies_country_id_foreign` FOREIGN KEY (`country_id`) REFERENCES `countries` (`id`) ON DELETE CASCADE,
  CONSTRAINT `companies_user_id_foreign` FOREIGN KEY (`user_id`) REFERENCES `users` (`id`) ON DELETE CASCADE
) ENGINE=InnoDB DEFAULT CHARSET=utf8mb4 COLLATE=utf8mb4_unicode_ci;

INSERT INTO `companies` (`id`, `user_id`, `name`, `business_number`, `contact_name`, `email`, `country_id`, `country_code`, `mobile_no`, `commission_percentage`, `security_deposit`, `license_number`, `trade_license_image`, `license_expiry_date`, `bank_name`, `bank_address`, `bank_contact_number`, `beneficiary_name`, `bank_code`, `iban`, `dealer_logo`, `created_at`, `updated_at`, `deleted_at`) VALUES
(2,	6,	'ABCXYZ',	'45641234560',	'ac',	'abc@gmail.com',	117,	'964',	'78965432100',	20,	1250.00,	'112212',	'uploads/2020/08/5f295f6b8261d.jpg',	'2021-08-04',	'Bank Namec 1 12',	'Bank addresss',	'4561230',	'121121',	'Code6',	'IBAN',	'uploads/2020/09/5f58ae7e079f1.jpg',	'2020-08-04 07:45:23',	'2020-10-15 10:17:52',	NULL),
(3,	33,	'test',	'123456789',	'Test',	'tester@dealer.com',	38,	'+1',	'12345678',	20,	100.00,	'2134561',	'uploads/2020/09/5f5f1ed1717b3.png',	'2024-09-03',	'sadlklqrlkqe',	'2345 dfgsh',	'12345678',	'ksfgsdfg',	'123456723',	'32456575',	'uploads/2020/09/5f5f1ed1719b1.png',	'2020-09-14 11:42:09',	'2020-09-14 11:42:09',	NULL),
(4,	64,	'dummy bus',	'858585',	'dummy',	'dummy1@gmail.com',	12,	'+91',	'9808012345',	20,	100.00,	'123241234',	'uploads/2020/10/5f9107542eafd.jpg',	'2020-10-14',	'dummy bank',	'Kuwait',	'1231511243',	'test benf',	'12341223',	'123351245435',	'uploads/2020/10/5f9107542eba2.jpg',	'2020-10-23 01:34:09',	'2020-10-23 01:34:09',	NULL);

DROP TABLE IF EXISTS `company_addresses`;
CREATE TABLE `company_addresses` (
  `id` bigint(20) unsigned NOT NULL AUTO_INCREMENT,
  `company_id` bigint(20) unsigned NOT NULL,
  `country_id` bigint(20) unsigned NOT NULL,
  `user_id` bigint(20) unsigned NOT NULL,
  `branch_contact_name` varchar(191) COLLATE utf8mb4_unicode_ci NOT NULL,
  `branch_name` varchar(191) COLLATE utf8mb4_unicode_ci DEFAULT NULL,
  `branch_logo` varchar(191) COLLATE utf8mb4_unicode_ci DEFAULT NULL,
  `bank_account` varchar(191) COLLATE utf8mb4_unicode_ci DEFAULT NULL,
  `trading_license` varchar(191) COLLATE utf8mb4_unicode_ci DEFAULT NULL,
  `allowed_millage` int(10) unsigned DEFAULT NULL,
  `country_code` varchar(5) COLLATE utf8mb4_unicode_ci NOT NULL,
  `phone_no` varchar(191) COLLATE utf8mb4_unicode_ci NOT NULL,
  `address` varchar(191) COLLATE utf8mb4_unicode_ci NOT NULL,
  `latitude` varchar(191) COLLATE utf8mb4_unicode_ci NOT NULL,
  `longitude` varchar(191) COLLATE utf8mb4_unicode_ci NOT NULL,
  `service_distance` int(10) unsigned NOT NULL,
  `created_at` timestamp NULL DEFAULT NULL,
  `updated_at` timestamp NULL DEFAULT NULL,
  `deleted_at` timestamp NULL DEFAULT NULL,
  PRIMARY KEY (`id`),
  KEY `company_addresses_company_id_foreign` (`company_id`),
  KEY `company_addresses_country_id_foreign` (`country_id`),
  KEY `company_addresses_user_id_foreign` (`user_id`),
  CONSTRAINT `company_addresses_company_id_foreign` FOREIGN KEY (`company_id`) REFERENCES `companies` (`id`) ON DELETE CASCADE,
  CONSTRAINT `company_addresses_country_id_foreign` FOREIGN KEY (`country_id`) REFERENCES `countries` (`id`) ON DELETE CASCADE,
  CONSTRAINT `company_addresses_user_id_foreign` FOREIGN KEY (`user_id`) REFERENCES `users` (`id`) ON DELETE CASCADE
) ENGINE=InnoDB DEFAULT CHARSET=utf8mb4 COLLATE=utf8mb4_unicode_ci;

INSERT INTO `company_addresses` (`id`, `company_id`, `country_id`, `user_id`, `branch_contact_name`, `branch_name`, `branch_logo`, `bank_account`, `trading_license`, `allowed_millage`, `country_code`, `phone_no`, `address`, `latitude`, `longitude`, `service_distance`, `created_at`, `updated_at`, `deleted_at`) VALUES
(1,	2,	117,	6,	'Dealer 1',	'Branch - 1',	NULL,	NULL,	NULL,	NULL,	'',	'7896543210',	'طريق الغزالي جليب الشيوخ Kuwait',	'29.2404414',	'47.97104580000001',	25,	'2020-08-04 08:29:52',	'2020-08-04 08:29:52',	NULL),
(2,	2,	117,	6,	'Dealer 1',	'Branch - 2',	NULL,	NULL,	NULL,	NULL,	'',	'7896543210',	'طريق الغزالي جليب الشيوخ Kuwait',	'29.312091',	'47.972728',	30,	'2020-08-11 06:22:45',	'2020-08-11 07:18:00',	NULL),
(3,	2,	229,	6,	'ac',	'Branch - 3',	'uploads/2020/10/5f7b13c5251c0.jpg',	'234244234324',	'85dsdfd233',	21,	'',	'78965432100',	'Dubai Dubai United Arab Emirates',	'25.2048493',	'55.2707828',	25,	'2020-10-05 12:38:29',	'2020-10-05 12:38:57',	NULL);

DROP TABLE IF EXISTS `company_times`;
CREATE TABLE `company_times` (
  `id` bigint(20) unsigned NOT NULL AUTO_INCREMENT,
  `company_address_id` bigint(20) unsigned NOT NULL,
  `day_no` tinyint(3) unsigned NOT NULL,
  `sift1_start_time` time NOT NULL,
  `sift1_end_time` time NOT NULL,
  `sift2_start_time` time NOT NULL,
  `sift2_end_time` time NOT NULL,
  `created_at` timestamp NULL DEFAULT NULL,
  `updated_at` timestamp NULL DEFAULT NULL,
  PRIMARY KEY (`id`),
  KEY `company_times_company_address_id_foreign` (`company_address_id`),
  CONSTRAINT `company_times_company_address_id_foreign` FOREIGN KEY (`company_address_id`) REFERENCES `company_addresses` (`id`) ON DELETE CASCADE
) ENGINE=InnoDB DEFAULT CHARSET=utf8mb4 COLLATE=utf8mb4_unicode_ci;

INSERT INTO `company_times` (`id`, `company_address_id`, `day_no`, `sift1_start_time`, `sift1_end_time`, `sift2_start_time`, `sift2_end_time`, `created_at`, `updated_at`) VALUES
(1,	1,	1,	'10:00:00',	'13:00:00',	'14:00:00',	'21:00:00',	'2020-08-04 08:29:52',	'2020-08-04 08:29:52'),
(2,	1,	2,	'10:00:00',	'13:00:00',	'14:00:00',	'21:00:00',	'2020-08-04 08:29:52',	'2020-08-04 08:29:52'),
(3,	1,	3,	'10:00:00',	'13:00:00',	'14:00:00',	'21:00:00',	'2020-08-04 08:29:52',	'2020-08-04 08:29:52'),
(4,	1,	4,	'10:00:00',	'13:00:00',	'14:00:00',	'21:00:00',	'2020-08-04 08:29:52',	'2020-08-04 08:29:52'),
(5,	1,	5,	'10:00:00',	'13:00:00',	'14:00:00',	'21:00:00',	'2020-08-04 08:29:52',	'2020-08-04 08:29:52'),
(6,	1,	6,	'10:00:00',	'13:00:00',	'14:00:00',	'21:00:00',	'2020-08-04 08:29:52',	'2020-08-04 08:29:52'),
(7,	1,	7,	'10:00:00',	'13:00:00',	'14:00:00',	'21:00:00',	'2020-08-04 08:29:52',	'2020-08-04 08:29:52'),
(78,	2,	1,	'10:00:00',	'14:00:00',	'13:00:00',	'21:00:00',	'2020-08-11 07:18:00',	'2020-08-11 07:18:00'),
(79,	2,	2,	'10:00:00',	'14:00:00',	'13:00:00',	'21:00:00',	'2020-08-11 07:18:00',	'2020-08-11 07:18:00'),
(80,	2,	3,	'10:00:00',	'14:00:00',	'13:00:00',	'21:00:00',	'2020-08-11 07:18:00',	'2020-08-11 07:18:00'),
(81,	2,	4,	'10:00:00',	'14:00:00',	'13:00:00',	'21:00:00',	'2020-08-11 07:18:00',	'2020-08-11 07:18:00'),
(82,	2,	5,	'10:00:00',	'14:00:00',	'13:00:00',	'21:00:00',	'2020-08-11 07:18:00',	'2020-08-11 07:18:00'),
(83,	2,	6,	'10:00:00',	'14:00:00',	'13:00:00',	'21:00:00',	'2020-08-11 07:18:00',	'2020-08-11 07:18:00'),
(84,	2,	7,	'10:00:00',	'14:00:00',	'13:00:00',	'21:00:00',	'2020-08-11 07:18:00',	'2020-08-11 07:18:00');

DROP TABLE IF EXISTS `contact_us`;
CREATE TABLE `contact_us` (
  `id` bigint(20) unsigned NOT NULL AUTO_INCREMENT,
  `user_id` bigint(20) unsigned NOT NULL,
  `message` text COLLATE utf8mb4_unicode_ci NOT NULL,
  `is_seen` tinyint(3) unsigned NOT NULL DEFAULT '0',
  `created_at` timestamp NULL DEFAULT NULL,
  `updated_at` timestamp NULL DEFAULT NULL,
  PRIMARY KEY (`id`),
  KEY `contact_us_user_id_foreign` (`user_id`),
  CONSTRAINT `contact_us_user_id_foreign` FOREIGN KEY (`user_id`) REFERENCES `users` (`id`) ON DELETE CASCADE
) ENGINE=InnoDB DEFAULT CHARSET=utf8mb4 COLLATE=utf8mb4_unicode_ci;

INSERT INTO `contact_us` (`id`, `user_id`, `message`, `is_seen`, `created_at`, `updated_at`) VALUES
(2,	17,	'test',	1,	'2020-08-27 07:58:05',	'2020-08-27 23:09:36'),
(5,	15,	'Testing',	0,	'2020-10-20 04:13:45',	'2020-10-20 04:13:45');

DROP TABLE IF EXISTS `countries`;
CREATE TABLE `countries` (
  `id` bigint(20) unsigned NOT NULL AUTO_INCREMENT,
  `code` varchar(5) COLLATE utf8mb4_unicode_ci NOT NULL,
  `country_code` varchar(5) COLLATE utf8mb4_unicode_ci NOT NULL,
  `tax_percentage` float(10,2) DEFAULT NULL,
  `country_order` bigint(20) unsigned NOT NULL,
  `status` enum('Active','InActive') COLLATE utf8mb4_unicode_ci NOT NULL,
  `created_at` timestamp NULL DEFAULT NULL,
  `updated_at` timestamp NULL DEFAULT NULL,
  `deleted_at` timestamp NULL DEFAULT NULL,
  PRIMARY KEY (`id`)
) ENGINE=InnoDB DEFAULT CHARSET=utf8mb4 COLLATE=utf8mb4_unicode_ci;

INSERT INTO `countries` (`id`, `code`, `country_code`, `tax_percentage`, `country_order`, `status`, `created_at`, `updated_at`, `deleted_at`) VALUES
(1,	'93',	'AF',	NULL,	0,	'Active',	'2020-08-04 06:33:23',	'2020-09-10 21:14:28',	NULL),
(2,	'355',	'AL',	NULL,	1,	'Active',	'2020-08-04 06:33:23',	'2020-08-04 06:33:23',	NULL),
(3,	'213',	'DZ',	NULL,	2,	'Active',	'2020-08-04 06:33:23',	'2020-08-04 06:33:23',	NULL),
(4,	'1684',	'AS',	NULL,	3,	'Active',	'2020-08-04 06:33:23',	'2020-08-04 06:33:23',	NULL),
(5,	'376',	'AD',	NULL,	4,	'Active',	'2020-08-04 06:33:23',	'2020-08-04 06:33:23',	NULL),
(6,	'244',	'AO',	NULL,	5,	'Active',	'2020-08-04 06:33:23',	'2020-08-04 06:33:23',	NULL),
(7,	'1264',	'AI',	NULL,	6,	'Active',	'2020-08-04 06:33:23',	'2020-08-04 06:33:23',	NULL),
(8,	'0',	'AQ',	NULL,	7,	'Active',	'2020-08-04 06:33:23',	'2020-08-04 06:33:23',	NULL),
(9,	'1268',	'AG',	NULL,	8,	'Active',	'2020-08-04 06:33:23',	'2020-08-04 06:33:23',	NULL),
(10,	'54',	'AR',	NULL,	9,	'Active',	'2020-08-04 06:33:23',	'2020-08-04 06:33:23',	NULL),
(11,	'374',	'AM',	NULL,	10,	'Active',	'2020-08-04 06:33:23',	'2020-08-04 06:33:23',	NULL),
(12,	'297',	'AW',	NULL,	11,	'Active',	'2020-08-04 06:33:23',	'2020-08-04 06:33:23',	NULL),
(13,	'61',	'AU',	NULL,	12,	'Active',	'2020-08-04 06:33:23',	'2020-08-04 06:33:23',	NULL),
(14,	'43',	'AT',	NULL,	13,	'Active',	'2020-08-04 06:33:23',	'2020-08-04 06:33:23',	NULL),
(15,	'994',	'AZ',	NULL,	14,	'Active',	'2020-08-04 06:33:23',	'2020-08-04 06:33:23',	NULL),
(16,	'1242',	'BS',	NULL,	15,	'Active',	'2020-08-04 06:33:23',	'2020-08-04 06:33:23',	NULL),
(17,	'973',	'BH',	5.00,	16,	'Active',	'2020-08-04 06:33:23',	'2020-08-04 06:33:23',	NULL),
(18,	'880',	'BD',	NULL,	17,	'Active',	'2020-08-04 06:33:23',	'2020-08-04 06:33:23',	NULL),
(19,	'1246',	'BB',	NULL,	18,	'Active',	'2020-08-04 06:33:23',	'2020-08-04 06:33:23',	NULL),
(20,	'375',	'BY',	NULL,	19,	'Active',	'2020-08-04 06:33:23',	'2020-08-04 06:33:23',	NULL),
(21,	'32',	'BE',	NULL,	20,	'Active',	'2020-08-04 06:33:23',	'2020-08-04 06:33:23',	NULL),
(22,	'501',	'BZ',	NULL,	21,	'Active',	'2020-08-04 06:33:23',	'2020-08-04 06:33:23',	NULL),
(23,	'229',	'BJ',	NULL,	22,	'Active',	'2020-08-04 06:33:23',	'2020-08-04 06:33:23',	NULL),
(24,	'1441',	'BM',	NULL,	23,	'Active',	'2020-08-04 06:33:23',	'2020-08-04 06:33:23',	NULL),
(25,	'975',	'BT',	NULL,	24,	'Active',	'2020-08-04 06:33:23',	'2020-08-04 06:33:23',	NULL),
(26,	'591',	'BO',	NULL,	25,	'Active',	'2020-08-04 06:33:23',	'2020-08-04 06:33:23',	NULL),
(27,	'387',	'BA',	NULL,	26,	'Active',	'2020-08-04 06:33:23',	'2020-08-04 06:33:23',	NULL),
(28,	'267',	'BW',	NULL,	27,	'Active',	'2020-08-04 06:33:23',	'2020-08-04 06:33:23',	NULL),
(29,	'0',	'BV',	NULL,	28,	'Active',	'2020-08-04 06:33:23',	'2020-08-04 06:33:23',	NULL),
(30,	'55',	'BR',	NULL,	29,	'Active',	'2020-08-04 06:33:23',	'2020-08-04 06:33:23',	NULL),
(31,	'246',	'IO',	NULL,	30,	'Active',	'2020-08-04 06:33:23',	'2020-08-04 06:33:23',	NULL),
(32,	'673',	'BN',	NULL,	31,	'Active',	'2020-08-04 06:33:23',	'2020-08-04 06:33:23',	NULL),
(33,	'359',	'BG',	NULL,	32,	'Active',	'2020-08-04 06:33:23',	'2020-08-04 06:33:23',	NULL),
(34,	'226',	'BF',	NULL,	33,	'Active',	'2020-08-04 06:33:23',	'2020-08-04 06:33:23',	NULL),
(35,	'257',	'BI',	NULL,	34,	'Active',	'2020-08-04 06:33:23',	'2020-08-04 06:33:23',	NULL),
(36,	'855',	'KH',	NULL,	35,	'Active',	'2020-08-04 06:33:23',	'2020-08-04 06:33:23',	NULL),
(37,	'237',	'CM',	NULL,	36,	'Active',	'2020-08-04 06:33:23',	'2020-08-04 06:33:23',	NULL),
(38,	'1',	'CA',	NULL,	37,	'Active',	'2020-08-04 06:33:23',	'2020-08-04 06:33:23',	NULL),
(39,	'238',	'CV',	NULL,	38,	'Active',	'2020-08-04 06:33:23',	'2020-08-04 06:33:23',	NULL),
(40,	'1345',	'KY',	NULL,	39,	'Active',	'2020-08-04 06:33:23',	'2020-08-04 06:33:23',	NULL),
(41,	'236',	'CF',	NULL,	40,	'Active',	'2020-08-04 06:33:23',	'2020-08-04 06:33:23',	NULL),
(42,	'235',	'TD',	NULL,	41,	'Active',	'2020-08-04 06:33:23',	'2020-08-04 06:33:23',	NULL),
(43,	'56',	'CL',	NULL,	42,	'Active',	'2020-08-04 06:33:23',	'2020-08-04 06:33:23',	NULL),
(44,	'86',	'CN',	NULL,	43,	'Active',	'2020-08-04 06:33:23',	'2020-08-04 06:33:23',	NULL),
(45,	'61',	'CX',	NULL,	44,	'Active',	'2020-08-04 06:33:23',	'2020-08-04 06:33:23',	NULL),
(46,	'672',	'CC',	NULL,	45,	'Active',	'2020-08-04 06:33:23',	'2020-08-04 06:33:23',	NULL),
(47,	'57',	'CO',	NULL,	46,	'Active',	'2020-08-04 06:33:23',	'2020-08-04 06:33:23',	NULL),
(48,	'269',	'KM',	NULL,	47,	'Active',	'2020-08-04 06:33:23',	'2020-08-04 06:33:23',	NULL),
(49,	'242',	'CG',	NULL,	48,	'Active',	'2020-08-04 06:33:23',	'2020-08-04 06:33:23',	NULL),
(50,	'242',	'CD',	NULL,	49,	'Active',	'2020-08-04 06:33:23',	'2020-08-04 06:33:23',	NULL),
(51,	'682',	'CK',	NULL,	50,	'Active',	'2020-08-04 06:33:23',	'2020-08-04 06:33:23',	NULL),
(52,	'506',	'CR',	NULL,	51,	'Active',	'2020-08-04 06:33:23',	'2020-08-04 06:33:23',	NULL),
(53,	'225',	'CI',	NULL,	52,	'Active',	'2020-08-04 06:33:23',	'2020-08-04 06:33:23',	NULL),
(54,	'385',	'HR',	NULL,	53,	'Active',	'2020-08-04 06:33:23',	'2020-08-04 06:33:23',	NULL),
(55,	'53',	'CU',	NULL,	54,	'Active',	'2020-08-04 06:33:23',	'2020-08-04 06:33:23',	NULL),
(56,	'357',	'CY',	NULL,	55,	'Active',	'2020-08-04 06:33:23',	'2020-08-04 06:33:23',	NULL),
(57,	'420',	'CZ',	NULL,	56,	'Active',	'2020-08-04 06:33:24',	'2020-08-04 06:33:24',	NULL),
(58,	'45',	'DK',	NULL,	57,	'Active',	'2020-08-04 06:33:24',	'2020-08-04 06:33:24',	NULL),
(59,	'253',	'DJ',	NULL,	58,	'Active',	'2020-08-04 06:33:24',	'2020-08-04 06:33:24',	NULL),
(60,	'1767',	'DM',	NULL,	59,	'Active',	'2020-08-04 06:33:24',	'2020-08-04 06:33:24',	NULL),
(61,	'1809',	'DO',	NULL,	60,	'Active',	'2020-08-04 06:33:24',	'2020-08-04 06:33:24',	NULL),
(62,	'670',	'TP',	NULL,	61,	'Active',	'2020-08-04 06:33:24',	'2020-08-04 06:33:24',	NULL),
(63,	'593',	'EC',	NULL,	62,	'Active',	'2020-08-04 06:33:24',	'2020-08-04 06:33:24',	NULL),
(64,	'20',	'EG',	NULL,	63,	'Active',	'2020-08-04 06:33:24',	'2020-08-04 06:33:24',	NULL),
(65,	'503',	'SV',	NULL,	64,	'Active',	'2020-08-04 06:33:24',	'2020-08-04 06:33:24',	NULL),
(66,	'240',	'GQ',	NULL,	65,	'Active',	'2020-08-04 06:33:24',	'2020-08-04 06:33:24',	NULL),
(67,	'291',	'ER',	NULL,	66,	'Active',	'2020-08-04 06:33:24',	'2020-08-04 06:33:24',	NULL),
(68,	'372',	'EE',	NULL,	67,	'Active',	'2020-08-04 06:33:24',	'2020-08-04 06:33:24',	NULL),
(69,	'251',	'ET',	NULL,	68,	'Active',	'2020-08-04 06:33:24',	'2020-08-04 06:33:24',	NULL),
(70,	'61',	'XA',	NULL,	69,	'Active',	'2020-08-04 06:33:24',	'2020-08-04 06:33:24',	NULL),
(71,	'500',	'FK',	NULL,	70,	'Active',	'2020-08-04 06:33:24',	'2020-08-04 06:33:24',	NULL),
(72,	'298',	'FO',	NULL,	71,	'Active',	'2020-08-04 06:33:24',	'2020-08-04 06:33:24',	NULL),
(73,	'679',	'FJ',	NULL,	72,	'Active',	'2020-08-04 06:33:24',	'2020-08-04 06:33:24',	NULL),
(74,	'358',	'FI',	NULL,	73,	'Active',	'2020-08-04 06:33:24',	'2020-08-04 06:33:24',	NULL),
(75,	'33',	'FR',	NULL,	74,	'Active',	'2020-08-04 06:33:24',	'2020-08-04 06:33:24',	NULL),
(76,	'594',	'GF',	NULL,	75,	'Active',	'2020-08-04 06:33:24',	'2020-08-04 06:33:24',	NULL),
(77,	'689',	'PF',	NULL,	76,	'Active',	'2020-08-04 06:33:24',	'2020-08-04 06:33:24',	NULL),
(78,	'0',	'TF',	NULL,	77,	'Active',	'2020-08-04 06:33:24',	'2020-08-04 06:33:24',	NULL),
(79,	'241',	'GA',	NULL,	78,	'Active',	'2020-08-04 06:33:24',	'2020-08-04 06:33:24',	NULL),
(80,	'220',	'GM',	NULL,	79,	'Active',	'2020-08-04 06:33:24',	'2020-08-04 06:33:24',	NULL),
(81,	'995',	'GE',	NULL,	80,	'Active',	'2020-08-04 06:33:24',	'2020-08-04 06:33:24',	NULL),
(82,	'49',	'DE',	NULL,	81,	'Active',	'2020-08-04 06:33:24',	'2020-08-04 06:33:24',	NULL),
(83,	'233',	'GH',	NULL,	82,	'Active',	'2020-08-04 06:33:24',	'2020-08-04 06:33:24',	NULL),
(84,	'350',	'GI',	NULL,	83,	'Active',	'2020-08-04 06:33:24',	'2020-08-04 06:33:24',	NULL),
(85,	'30',	'GR',	NULL,	84,	'Active',	'2020-08-04 06:33:24',	'2020-08-04 06:33:24',	NULL),
(86,	'299',	'GL',	NULL,	85,	'Active',	'2020-08-04 06:33:24',	'2020-08-04 06:33:24',	NULL),
(87,	'1473',	'GD',	NULL,	86,	'Active',	'2020-08-04 06:33:24',	'2020-08-04 06:33:24',	NULL),
(88,	'590',	'GP',	NULL,	87,	'Active',	'2020-08-04 06:33:24',	'2020-08-04 06:33:24',	NULL),
(89,	'1671',	'GU',	NULL,	88,	'Active',	'2020-08-04 06:33:24',	'2020-08-04 06:33:24',	NULL),
(90,	'502',	'GT',	NULL,	89,	'Active',	'2020-08-04 06:33:24',	'2020-08-04 06:33:24',	NULL),
(91,	'44',	'XU',	NULL,	90,	'Active',	'2020-08-04 06:33:24',	'2020-08-04 06:33:24',	NULL),
(92,	'224',	'GN',	NULL,	91,	'Active',	'2020-08-04 06:33:24',	'2020-08-04 06:33:24',	NULL),
(93,	'245',	'GW',	NULL,	92,	'Active',	'2020-08-04 06:33:24',	'2020-08-04 06:33:24',	NULL),
(94,	'592',	'GY',	NULL,	93,	'Active',	'2020-08-04 06:33:24',	'2020-08-04 06:33:24',	NULL),
(95,	'509',	'HT',	NULL,	94,	'Active',	'2020-08-04 06:33:24',	'2020-08-04 06:33:24',	NULL),
(96,	'0',	'HM',	NULL,	95,	'Active',	'2020-08-04 06:33:24',	'2020-08-04 06:33:24',	NULL),
(97,	'504',	'HN',	NULL,	96,	'Active',	'2020-08-04 06:33:24',	'2020-08-04 06:33:24',	NULL),
(98,	'852',	'HK',	NULL,	97,	'Active',	'2020-08-04 06:33:24',	'2020-08-04 06:33:24',	NULL),
(99,	'36',	'HU',	NULL,	98,	'Active',	'2020-08-04 06:33:24',	'2020-08-04 06:33:24',	NULL),
(100,	'354',	'IS',	NULL,	99,	'Active',	'2020-08-04 06:33:24',	'2020-08-04 06:33:24',	NULL),
(101,	'91',	'IN',	NULL,	100,	'Active',	'2020-08-04 06:33:24',	'2020-08-04 06:33:24',	NULL),
(102,	'62',	'ID',	NULL,	101,	'Active',	'2020-08-04 06:33:24',	'2020-08-04 06:33:24',	NULL),
(103,	'98',	'IR',	NULL,	102,	'Active',	'2020-08-04 06:33:24',	'2020-08-04 06:33:24',	NULL),
(104,	'964',	'IQ',	NULL,	103,	'Active',	'2020-08-04 06:33:24',	'2020-08-04 06:33:24',	NULL),
(105,	'353',	'IE',	NULL,	104,	'Active',	'2020-08-04 06:33:24',	'2020-08-04 06:33:24',	NULL),
(106,	'972',	'IL',	NULL,	105,	'Active',	'2020-08-04 06:33:24',	'2020-08-04 06:33:24',	NULL),
(107,	'39',	'IT',	NULL,	106,	'Active',	'2020-08-04 06:33:24',	'2020-08-04 06:33:24',	NULL),
(108,	'1876',	'JM',	NULL,	107,	'Active',	'2020-08-04 06:33:24',	'2020-08-04 06:33:24',	NULL),
(109,	'81',	'JP',	NULL,	108,	'Active',	'2020-08-04 06:33:24',	'2020-08-04 06:33:24',	NULL),
(110,	'44',	'XJ',	NULL,	109,	'Active',	'2020-08-04 06:33:24',	'2020-08-04 06:33:24',	NULL),
(111,	'962',	'JO',	NULL,	110,	'Active',	'2020-08-04 06:33:24',	'2020-08-04 06:33:24',	NULL),
(112,	'7',	'KZ',	NULL,	111,	'Active',	'2020-08-04 06:33:24',	'2020-08-04 06:33:24',	NULL),
(113,	'254',	'KE',	NULL,	112,	'Active',	'2020-08-04 06:33:24',	'2020-08-04 06:33:24',	NULL),
(114,	'686',	'KI',	NULL,	113,	'Active',	'2020-08-04 06:33:24',	'2020-08-04 06:33:24',	NULL),
(115,	'850',	'KP',	NULL,	114,	'Active',	'2020-08-04 06:33:24',	'2020-08-04 06:33:24',	NULL),
(116,	'82',	'KR',	NULL,	115,	'Active',	'2020-08-04 06:33:24',	'2020-08-04 06:33:24',	NULL),
(117,	'965',	'KW',	5.00,	116,	'Active',	'2020-08-04 06:33:24',	'2020-08-04 06:33:24',	NULL),
(118,	'996',	'KG',	NULL,	117,	'Active',	'2020-08-04 06:33:24',	'2020-08-04 06:33:24',	NULL),
(119,	'856',	'LA',	NULL,	118,	'Active',	'2020-08-04 06:33:24',	'2020-08-04 06:33:24',	NULL),
(120,	'371',	'LV',	NULL,	119,	'Active',	'2020-08-04 06:33:24',	'2020-08-04 06:33:24',	NULL),
(121,	'961',	'LB',	NULL,	120,	'Active',	'2020-08-04 06:33:24',	'2020-08-04 06:33:24',	NULL),
(122,	'266',	'LS',	NULL,	121,	'Active',	'2020-08-04 06:33:24',	'2020-08-04 06:33:24',	NULL),
(123,	'231',	'LR',	NULL,	122,	'Active',	'2020-08-04 06:33:24',	'2020-08-04 06:33:24',	NULL),
(124,	'218',	'LY',	NULL,	123,	'Active',	'2020-08-04 06:33:24',	'2020-08-04 06:33:24',	NULL),
(125,	'423',	'LI',	NULL,	124,	'Active',	'2020-08-04 06:33:24',	'2020-08-04 06:33:24',	NULL),
(126,	'370',	'LT',	NULL,	125,	'Active',	'2020-08-04 06:33:24',	'2020-08-04 06:33:24',	NULL),
(127,	'352',	'LU',	NULL,	126,	'Active',	'2020-08-04 06:33:24',	'2020-08-04 06:33:24',	NULL),
(128,	'853',	'MO',	NULL,	127,	'Active',	'2020-08-04 06:33:24',	'2020-08-04 06:33:24',	NULL),
(129,	'389',	'MK',	NULL,	128,	'Active',	'2020-08-04 06:33:24',	'2020-08-04 06:33:24',	NULL),
(130,	'261',	'MG',	NULL,	129,	'Active',	'2020-08-04 06:33:24',	'2020-08-04 06:33:24',	NULL),
(131,	'265',	'MW',	NULL,	130,	'Active',	'2020-08-04 06:33:24',	'2020-08-04 06:33:24',	NULL),
(132,	'60',	'MY',	NULL,	131,	'Active',	'2020-08-04 06:33:24',	'2020-08-04 06:33:24',	NULL),
(133,	'960',	'MV',	NULL,	132,	'Active',	'2020-08-04 06:33:24',	'2020-08-04 06:33:24',	NULL),
(134,	'223',	'ML',	NULL,	133,	'Active',	'2020-08-04 06:33:24',	'2020-08-04 06:33:24',	NULL),
(135,	'356',	'MT',	NULL,	134,	'Active',	'2020-08-04 06:33:24',	'2020-08-04 06:33:24',	NULL),
(136,	'44',	'XM',	NULL,	135,	'Active',	'2020-08-04 06:33:24',	'2020-08-04 06:33:24',	NULL),
(137,	'692',	'MH',	NULL,	136,	'Active',	'2020-08-04 06:33:24',	'2020-08-04 06:33:24',	NULL),
(138,	'596',	'MQ',	NULL,	137,	'Active',	'2020-08-04 06:33:24',	'2020-08-04 06:33:24',	NULL),
(139,	'222',	'MR',	NULL,	138,	'Active',	'2020-08-04 06:33:24',	'2020-08-04 06:33:24',	NULL),
(140,	'230',	'MU',	NULL,	139,	'Active',	'2020-08-04 06:33:24',	'2020-08-04 06:33:24',	NULL),
(141,	'269',	'YT',	NULL,	140,	'Active',	'2020-08-04 06:33:24',	'2020-08-04 06:33:24',	NULL),
(142,	'52',	'MX',	NULL,	141,	'Active',	'2020-08-04 06:33:24',	'2020-08-04 06:33:24',	NULL),
(143,	'691',	'FM',	NULL,	142,	'Active',	'2020-08-04 06:33:24',	'2020-08-04 06:33:24',	NULL),
(144,	'373',	'MD',	NULL,	143,	'Active',	'2020-08-04 06:33:24',	'2020-08-04 06:33:24',	NULL),
(145,	'377',	'MC',	NULL,	144,	'Active',	'2020-08-04 06:33:24',	'2020-08-04 06:33:24',	NULL),
(146,	'976',	'MN',	NULL,	145,	'Active',	'2020-08-04 06:33:24',	'2020-08-04 06:33:24',	NULL),
(147,	'1664',	'MS',	NULL,	146,	'Active',	'2020-08-04 06:33:24',	'2020-08-04 06:33:24',	NULL),
(148,	'212',	'MA',	NULL,	147,	'Active',	'2020-08-04 06:33:24',	'2020-08-04 06:33:24',	NULL),
(149,	'258',	'MZ',	NULL,	148,	'Active',	'2020-08-04 06:33:25',	'2020-08-04 06:33:25',	NULL),
(150,	'95',	'MM',	NULL,	149,	'Active',	'2020-08-04 06:33:25',	'2020-08-04 06:33:25',	NULL),
(151,	'264',	'NA',	NULL,	150,	'Active',	'2020-08-04 06:33:25',	'2020-08-04 06:33:25',	NULL),
(152,	'674',	'NR',	NULL,	151,	'Active',	'2020-08-04 06:33:25',	'2020-08-04 06:33:25',	NULL),
(153,	'977',	'NP',	NULL,	152,	'Active',	'2020-08-04 06:33:25',	'2020-08-04 06:33:25',	NULL),
(154,	'599',	'AN',	NULL,	153,	'Active',	'2020-08-04 06:33:25',	'2020-08-04 06:33:25',	NULL),
(155,	'31',	'NL',	NULL,	154,	'Active',	'2020-08-04 06:33:25',	'2020-08-04 06:33:25',	NULL),
(156,	'687',	'NC',	NULL,	155,	'Active',	'2020-08-04 06:33:25',	'2020-08-04 06:33:25',	NULL),
(157,	'64',	'NZ',	NULL,	156,	'Active',	'2020-08-04 06:33:25',	'2020-08-04 06:33:25',	NULL),
(158,	'505',	'NI',	NULL,	157,	'Active',	'2020-08-04 06:33:25',	'2020-08-04 06:33:25',	NULL),
(159,	'227',	'NE',	NULL,	158,	'Active',	'2020-08-04 06:33:25',	'2020-08-04 06:33:25',	NULL),
(160,	'234',	'NG',	NULL,	159,	'Active',	'2020-08-04 06:33:25',	'2020-08-04 06:33:25',	NULL),
(161,	'683',	'NU',	NULL,	160,	'Active',	'2020-08-04 06:33:25',	'2020-08-04 06:33:25',	NULL),
(162,	'672',	'NF',	NULL,	161,	'Active',	'2020-08-04 06:33:25',	'2020-08-04 06:33:25',	NULL),
(163,	'1670',	'MP',	NULL,	162,	'Active',	'2020-08-04 06:33:25',	'2020-08-04 06:33:25',	NULL),
(164,	'47',	'NO',	NULL,	163,	'Active',	'2020-08-04 06:33:25',	'2020-08-04 06:33:25',	NULL),
(165,	'968',	'OM',	NULL,	164,	'Active',	'2020-08-04 06:33:25',	'2020-08-04 06:33:25',	NULL),
(166,	'92',	'PK',	NULL,	165,	'Active',	'2020-08-04 06:33:25',	'2020-08-04 06:33:25',	NULL),
(167,	'680',	'PW',	NULL,	166,	'Active',	'2020-08-04 06:33:25',	'2020-08-04 06:33:25',	NULL),
(168,	'970',	'PS',	NULL,	167,	'Active',	'2020-08-04 06:33:25',	'2020-08-04 06:33:25',	NULL),
(169,	'507',	'PA',	NULL,	168,	'Active',	'2020-08-04 06:33:25',	'2020-08-04 06:33:25',	NULL),
(170,	'675',	'PG',	NULL,	169,	'Active',	'2020-08-04 06:33:25',	'2020-08-04 06:33:25',	NULL),
(171,	'595',	'PY',	NULL,	170,	'Active',	'2020-08-04 06:33:25',	'2020-08-04 06:33:25',	NULL),
(172,	'51',	'PE',	NULL,	171,	'Active',	'2020-08-04 06:33:25',	'2020-08-04 06:33:25',	NULL),
(173,	'63',	'PH',	NULL,	172,	'Active',	'2020-08-04 06:33:25',	'2020-08-04 06:33:25',	NULL),
(174,	'0',	'PN',	NULL,	173,	'Active',	'2020-08-04 06:33:25',	'2020-08-04 06:33:25',	NULL),
(175,	'48',	'PL',	NULL,	174,	'Active',	'2020-08-04 06:33:25',	'2020-08-04 06:33:25',	NULL),
(176,	'351',	'PT',	NULL,	175,	'Active',	'2020-08-04 06:33:25',	'2020-08-04 06:33:25',	NULL),
(177,	'1787',	'PR',	NULL,	176,	'Active',	'2020-08-04 06:33:25',	'2020-08-04 06:33:25',	NULL),
(178,	'974',	'QA',	NULL,	177,	'Active',	'2020-08-04 06:33:25',	'2020-08-04 06:33:25',	NULL),
(179,	'262',	'RE',	NULL,	178,	'Active',	'2020-08-04 06:33:25',	'2020-08-04 06:33:25',	NULL),
(180,	'40',	'RO',	NULL,	179,	'Active',	'2020-08-04 06:33:25',	'2020-08-04 06:33:25',	NULL),
(181,	'70',	'RU',	NULL,	180,	'Active',	'2020-08-04 06:33:25',	'2020-08-04 06:33:25',	NULL),
(182,	'250',	'RW',	NULL,	181,	'Active',	'2020-08-04 06:33:25',	'2020-08-04 06:33:25',	NULL),
(183,	'290',	'SH',	NULL,	182,	'Active',	'2020-08-04 06:33:25',	'2020-08-04 06:33:25',	NULL),
(184,	'1869',	'KN',	NULL,	183,	'Active',	'2020-08-04 06:33:25',	'2020-08-04 06:33:25',	NULL),
(185,	'1758',	'LC',	NULL,	184,	'Active',	'2020-08-04 06:33:25',	'2020-08-04 06:33:25',	NULL),
(186,	'508',	'PM',	NULL,	185,	'Active',	'2020-08-04 06:33:25',	'2020-08-04 06:33:25',	NULL),
(187,	'1784',	'VC',	NULL,	186,	'Active',	'2020-08-04 06:33:25',	'2020-08-04 06:33:25',	NULL),
(188,	'684',	'WS',	NULL,	187,	'Active',	'2020-08-04 06:33:25',	'2020-08-04 06:33:25',	NULL),
(189,	'378',	'SM',	NULL,	188,	'Active',	'2020-08-04 06:33:25',	'2020-08-04 06:33:25',	NULL),
(190,	'239',	'ST',	NULL,	189,	'Active',	'2020-08-04 06:33:25',	'2020-08-04 06:33:25',	NULL),
(191,	'966',	'SA',	NULL,	190,	'Active',	'2020-08-04 06:33:25',	'2020-08-04 06:33:25',	NULL),
(192,	'221',	'SN',	NULL,	191,	'Active',	'2020-08-04 06:33:25',	'2020-08-04 06:33:25',	NULL),
(193,	'381',	'RS',	NULL,	192,	'Active',	'2020-08-04 06:33:25',	'2020-08-04 06:33:25',	NULL),
(194,	'248',	'SC',	NULL,	193,	'Active',	'2020-08-04 06:33:25',	'2020-08-04 06:33:25',	NULL),
(195,	'232',	'SL',	NULL,	194,	'Active',	'2020-08-04 06:33:25',	'2020-08-04 06:33:25',	NULL),
(196,	'65',	'SG',	NULL,	195,	'Active',	'2020-08-04 06:33:25',	'2020-08-04 06:33:25',	NULL),
(197,	'421',	'SK',	NULL,	196,	'Active',	'2020-08-04 06:33:25',	'2020-08-04 06:33:25',	NULL),
(198,	'386',	'SI',	NULL,	197,	'Active',	'2020-08-04 06:33:25',	'2020-08-04 06:33:25',	NULL),
(199,	'44',	'XG',	NULL,	198,	'Active',	'2020-08-04 06:33:25',	'2020-08-04 06:33:25',	NULL),
(200,	'677',	'SB',	NULL,	199,	'Active',	'2020-08-04 06:33:25',	'2020-08-04 06:33:25',	NULL),
(201,	'252',	'SO',	NULL,	200,	'Active',	'2020-08-04 06:33:25',	'2020-08-04 06:33:25',	NULL),
(202,	'27',	'ZA',	NULL,	201,	'Active',	'2020-08-04 06:33:25',	'2020-08-04 06:33:25',	NULL),
(203,	'0',	'GS',	NULL,	202,	'Active',	'2020-08-04 06:33:25',	'2020-08-04 06:33:25',	NULL),
(204,	'211',	'SS',	NULL,	203,	'Active',	'2020-08-04 06:33:25',	'2020-08-04 06:33:25',	NULL),
(205,	'34',	'ES',	NULL,	204,	'Active',	'2020-08-04 06:33:25',	'2020-08-04 06:33:25',	NULL),
(206,	'94',	'LK',	NULL,	205,	'Active',	'2020-08-04 06:33:25',	'2020-08-04 06:33:25',	NULL),
(207,	'249',	'SD',	NULL,	206,	'Active',	'2020-08-04 06:33:25',	'2020-08-04 06:33:25',	NULL),
(208,	'597',	'SR',	NULL,	207,	'Active',	'2020-08-04 06:33:25',	'2020-08-04 06:33:25',	NULL),
(209,	'47',	'SJ',	NULL,	208,	'Active',	'2020-08-04 06:33:25',	'2020-08-04 06:33:25',	NULL),
(210,	'268',	'SZ',	NULL,	209,	'Active',	'2020-08-04 06:33:25',	'2020-08-04 06:33:25',	NULL),
(211,	'46',	'SE',	NULL,	210,	'Active',	'2020-08-04 06:33:25',	'2020-08-04 06:33:25',	NULL),
(212,	'41',	'CH',	NULL,	211,	'Active',	'2020-08-04 06:33:25',	'2020-08-04 06:33:25',	NULL),
(213,	'963',	'SY',	NULL,	212,	'Active',	'2020-08-04 06:33:25',	'2020-08-04 06:33:25',	NULL),
(214,	'886',	'TW',	NULL,	213,	'Active',	'2020-08-04 06:33:25',	'2020-08-04 06:33:25',	NULL),
(215,	'992',	'TJ',	NULL,	214,	'Active',	'2020-08-04 06:33:25',	'2020-08-04 06:33:25',	NULL),
(216,	'255',	'TZ',	NULL,	215,	'Active',	'2020-08-04 06:33:25',	'2020-08-04 06:33:25',	NULL),
(217,	'66',	'TH',	NULL,	216,	'Active',	'2020-08-04 06:33:25',	'2020-08-04 06:33:25',	NULL),
(218,	'228',	'TG',	NULL,	217,	'Active',	'2020-08-04 06:33:25',	'2020-08-04 06:33:25',	NULL),
(219,	'690',	'TK',	NULL,	218,	'Active',	'2020-08-04 06:33:25',	'2020-08-04 06:33:25',	NULL),
(220,	'676',	'TO',	NULL,	219,	'Active',	'2020-08-04 06:33:25',	'2020-08-04 06:33:25',	NULL),
(221,	'1868',	'TT',	NULL,	220,	'Active',	'2020-08-04 06:33:25',	'2020-08-04 06:33:25',	NULL),
(222,	'216',	'TN',	NULL,	221,	'Active',	'2020-08-04 06:33:25',	'2020-08-04 06:33:25',	NULL),
(223,	'90',	'TR',	NULL,	222,	'Active',	'2020-08-04 06:33:25',	'2020-08-04 06:33:25',	NULL),
(224,	'7370',	'TM',	NULL,	223,	'Active',	'2020-08-04 06:33:25',	'2020-08-04 06:33:25',	NULL),
(225,	'1649',	'TC',	NULL,	224,	'Active',	'2020-08-04 06:33:25',	'2020-08-04 06:33:25',	NULL),
(226,	'688',	'TV',	NULL,	225,	'Active',	'2020-08-04 06:33:25',	'2020-08-04 06:33:25',	NULL),
(227,	'256',	'UG',	NULL,	226,	'Active',	'2020-08-04 06:33:25',	'2020-08-04 06:33:25',	NULL),
(228,	'380',	'UA',	NULL,	227,	'Active',	'2020-08-04 06:33:25',	'2020-08-04 06:33:25',	NULL),
(229,	'971',	'AE',	NULL,	228,	'Active',	'2020-08-04 06:33:25',	'2020-08-04 06:33:25',	NULL),
(230,	'44',	'GB',	NULL,	229,	'Active',	'2020-08-04 06:33:25',	'2020-08-04 06:33:25',	NULL),
(231,	'1',	'US',	NULL,	230,	'Active',	'2020-08-04 06:33:25',	'2020-08-04 06:33:25',	NULL),
(232,	'1',	'UM',	NULL,	231,	'Active',	'2020-08-04 06:33:25',	'2020-08-04 06:33:25',	NULL),
(233,	'598',	'UY',	NULL,	232,	'Active',	'2020-08-04 06:33:25',	'2020-08-04 06:33:25',	NULL),
(234,	'998',	'UZ',	NULL,	233,	'Active',	'2020-08-04 06:33:25',	'2020-08-04 06:33:25',	NULL),
(235,	'678',	'VU',	NULL,	234,	'Active',	'2020-08-04 06:33:25',	'2020-08-04 06:33:25',	NULL),
(236,	'39',	'VA',	NULL,	235,	'Active',	'2020-08-04 06:33:25',	'2020-08-04 06:33:25',	NULL),
(237,	'58',	'VE',	NULL,	236,	'Active',	'2020-08-04 06:33:25',	'2020-08-04 06:33:25',	NULL),
(238,	'84',	'VN',	NULL,	237,	'Active',	'2020-08-04 06:33:25',	'2020-08-04 06:33:25',	NULL),
(239,	'1284',	'VG',	NULL,	238,	'Active',	'2020-08-04 06:33:25',	'2020-08-04 06:33:25',	NULL),
(240,	'1340',	'VI',	NULL,	239,	'Active',	'2020-08-04 06:33:25',	'2020-08-04 06:33:25',	NULL),
(241,	'681',	'WF',	NULL,	240,	'Active',	'2020-08-04 06:33:25',	'2020-08-04 06:33:25',	NULL),
(242,	'212',	'EH',	NULL,	241,	'Active',	'2020-08-04 06:33:25',	'2020-08-04 06:33:25',	NULL),
(243,	'967',	'YE',	NULL,	242,	'Active',	'2020-08-04 06:33:25',	'2020-08-04 06:33:25',	NULL),
(244,	'38',	'YU',	NULL,	243,	'Active',	'2020-08-04 06:33:26',	'2020-08-04 06:33:26',	NULL),
(245,	'260',	'ZM',	NULL,	244,	'Active',	'2020-08-04 06:33:26',	'2020-08-04 06:33:26',	NULL),
(246,	'263',	'ZW',	NULL,	245,	'Active',	'2020-08-04 06:33:26',	'2020-08-04 06:33:26',	NULL);

DROP TABLE IF EXISTS `country_translations`;
CREATE TABLE `country_translations` (
  `id` bigint(20) unsigned NOT NULL AUTO_INCREMENT,
  `country_id` bigint(20) unsigned NOT NULL,
  `name` varchar(191) COLLATE utf8mb4_unicode_ci NOT NULL,
  `tax_name` varchar(191) COLLATE utf8mb4_unicode_ci DEFAULT NULL,
  `locale` varchar(5) COLLATE utf8mb4_unicode_ci NOT NULL,
  `created_at` timestamp NULL DEFAULT NULL,
  `updated_at` timestamp NULL DEFAULT NULL,
  PRIMARY KEY (`id`),
  UNIQUE KEY `country_translations_country_id_locale_unique` (`country_id`,`locale`),
  KEY `country_translations_locale_index` (`locale`),
  CONSTRAINT `country_translations_country_id_foreign` FOREIGN KEY (`country_id`) REFERENCES `countries` (`id`) ON DELETE CASCADE
) ENGINE=InnoDB DEFAULT CHARSET=utf8mb4 COLLATE=utf8mb4_unicode_ci;

INSERT INTO `country_translations` (`id`, `country_id`, `name`, `tax_name`, `locale`, `created_at`, `updated_at`) VALUES
(1,	1,	'Afghanistan',	'',	'en',	'2020-08-04 06:33:23',	'2020-09-10 21:14:28'),
(2,	1,	'Afghanistan',	'',	'ar',	'2020-08-04 06:33:23',	'2020-09-10 21:14:28'),
(3,	2,	'Albania',	NULL,	'en',	'2020-08-04 06:33:23',	'2020-08-04 06:33:23'),
(4,	2,	'Albania',	NULL,	'ar',	'2020-08-04 06:33:23',	'2020-08-04 06:33:23'),
(5,	3,	'Algeria',	NULL,	'en',	'2020-08-04 06:33:23',	'2020-08-04 06:33:23'),
(6,	3,	'Algeria',	NULL,	'ar',	'2020-08-04 06:33:23',	'2020-08-04 06:33:23'),
(7,	4,	'American Samoa',	NULL,	'en',	'2020-08-04 06:33:23',	'2020-08-04 06:33:23'),
(8,	4,	'American Samoa',	NULL,	'ar',	'2020-08-04 06:33:23',	'2020-08-04 06:33:23'),
(9,	5,	'Andorra',	NULL,	'en',	'2020-08-04 06:33:23',	'2020-08-04 06:33:23'),
(10,	5,	'Andorra',	NULL,	'ar',	'2020-08-04 06:33:23',	'2020-08-04 06:33:23'),
(11,	6,	'Angola',	NULL,	'en',	'2020-08-04 06:33:23',	'2020-08-04 06:33:23'),
(12,	6,	'Angola',	NULL,	'ar',	'2020-08-04 06:33:23',	'2020-08-04 06:33:23'),
(13,	7,	'Anguilla',	NULL,	'en',	'2020-08-04 06:33:23',	'2020-08-04 06:33:23'),
(14,	7,	'Anguilla',	NULL,	'ar',	'2020-08-04 06:33:23',	'2020-08-04 06:33:23'),
(15,	8,	'Antarctica',	NULL,	'en',	'2020-08-04 06:33:23',	'2020-08-04 06:33:23'),
(16,	8,	'Antarctica',	NULL,	'ar',	'2020-08-04 06:33:23',	'2020-08-04 06:33:23'),
(17,	9,	'Antigua And Barbuda',	NULL,	'en',	'2020-08-04 06:33:23',	'2020-08-04 06:33:23'),
(18,	9,	'Antigua And Barbuda',	NULL,	'ar',	'2020-08-04 06:33:23',	'2020-08-04 06:33:23'),
(19,	10,	'Argentina',	NULL,	'en',	'2020-08-04 06:33:23',	'2020-08-04 06:33:23'),
(20,	10,	'Argentina',	NULL,	'ar',	'2020-08-04 06:33:23',	'2020-08-04 06:33:23'),
(21,	11,	'Armenia',	NULL,	'en',	'2020-08-04 06:33:23',	'2020-08-04 06:33:23'),
(22,	11,	'Armenia',	NULL,	'ar',	'2020-08-04 06:33:23',	'2020-08-04 06:33:23'),
(23,	12,	'Aruba',	NULL,	'en',	'2020-08-04 06:33:23',	'2020-08-04 06:33:23'),
(24,	12,	'Aruba',	NULL,	'ar',	'2020-08-04 06:33:23',	'2020-08-04 06:33:23'),
(25,	13,	'Australia',	NULL,	'en',	'2020-08-04 06:33:23',	'2020-08-04 06:33:23'),
(26,	13,	'Australia',	NULL,	'ar',	'2020-08-04 06:33:23',	'2020-08-04 06:33:23'),
(27,	14,	'Austria',	NULL,	'en',	'2020-08-04 06:33:23',	'2020-08-04 06:33:23'),
(28,	14,	'Austria',	NULL,	'ar',	'2020-08-04 06:33:23',	'2020-08-04 06:33:23'),
(29,	15,	'Azerbaijan',	NULL,	'en',	'2020-08-04 06:33:23',	'2020-08-04 06:33:23'),
(30,	15,	'Azerbaijan',	NULL,	'ar',	'2020-08-04 06:33:23',	'2020-08-04 06:33:23'),
(31,	16,	'Bahamas The',	NULL,	'en',	'2020-08-04 06:33:23',	'2020-08-04 06:33:23'),
(32,	16,	'Bahamas The',	NULL,	'ar',	'2020-08-04 06:33:23',	'2020-08-04 06:33:23'),
(33,	17,	'Bahrain',	NULL,	'en',	'2020-08-04 06:33:23',	'2020-08-04 06:33:23'),
(34,	17,	'Bahrain',	NULL,	'ar',	'2020-08-04 06:33:23',	'2020-08-04 06:33:23'),
(35,	18,	'Bangladesh',	NULL,	'en',	'2020-08-04 06:33:23',	'2020-08-04 06:33:23'),
(36,	18,	'Bangladesh',	NULL,	'ar',	'2020-08-04 06:33:23',	'2020-08-04 06:33:23'),
(37,	19,	'Barbados',	NULL,	'en',	'2020-08-04 06:33:23',	'2020-08-04 06:33:23'),
(38,	19,	'Barbados',	NULL,	'ar',	'2020-08-04 06:33:23',	'2020-08-04 06:33:23'),
(39,	20,	'Belarus',	NULL,	'en',	'2020-08-04 06:33:23',	'2020-08-04 06:33:23'),
(40,	20,	'Belarus',	NULL,	'ar',	'2020-08-04 06:33:23',	'2020-08-04 06:33:23'),
(41,	21,	'Belgium',	NULL,	'en',	'2020-08-04 06:33:23',	'2020-08-04 06:33:23'),
(42,	21,	'Belgium',	NULL,	'ar',	'2020-08-04 06:33:23',	'2020-08-04 06:33:23'),
(43,	22,	'Belize',	NULL,	'en',	'2020-08-04 06:33:23',	'2020-08-04 06:33:23'),
(44,	22,	'Belize',	NULL,	'ar',	'2020-08-04 06:33:23',	'2020-08-04 06:33:23'),
(45,	23,	'Benin',	NULL,	'en',	'2020-08-04 06:33:23',	'2020-08-04 06:33:23'),
(46,	23,	'Benin',	NULL,	'ar',	'2020-08-04 06:33:23',	'2020-08-04 06:33:23'),
(47,	24,	'Bermuda',	NULL,	'en',	'2020-08-04 06:33:23',	'2020-08-04 06:33:23'),
(48,	24,	'Bermuda',	NULL,	'ar',	'2020-08-04 06:33:23',	'2020-08-04 06:33:23'),
(49,	25,	'Bhutan',	NULL,	'en',	'2020-08-04 06:33:23',	'2020-08-04 06:33:23'),
(50,	25,	'Bhutan',	NULL,	'ar',	'2020-08-04 06:33:23',	'2020-08-04 06:33:23'),
(51,	26,	'Bolivia',	NULL,	'en',	'2020-08-04 06:33:23',	'2020-08-04 06:33:23'),
(52,	26,	'Bolivia',	NULL,	'ar',	'2020-08-04 06:33:23',	'2020-08-04 06:33:23'),
(53,	27,	'Bosnia and Herzegovina',	NULL,	'en',	'2020-08-04 06:33:23',	'2020-08-04 06:33:23'),
(54,	27,	'Bosnia and Herzegovina',	NULL,	'ar',	'2020-08-04 06:33:23',	'2020-08-04 06:33:23'),
(55,	28,	'Botswana',	NULL,	'en',	'2020-08-04 06:33:23',	'2020-08-04 06:33:23'),
(56,	28,	'Botswana',	NULL,	'ar',	'2020-08-04 06:33:23',	'2020-08-04 06:33:23'),
(57,	29,	'Bouvet Island',	NULL,	'en',	'2020-08-04 06:33:23',	'2020-08-04 06:33:23'),
(58,	29,	'Bouvet Island',	NULL,	'ar',	'2020-08-04 06:33:23',	'2020-08-04 06:33:23'),
(59,	30,	'Brazil',	NULL,	'en',	'2020-08-04 06:33:23',	'2020-08-04 06:33:23'),
(60,	30,	'Brazil',	NULL,	'ar',	'2020-08-04 06:33:23',	'2020-08-04 06:33:23'),
(61,	31,	'British Indian Ocean Territory',	NULL,	'en',	'2020-08-04 06:33:23',	'2020-08-04 06:33:23'),
(62,	31,	'British Indian Ocean Territory',	NULL,	'ar',	'2020-08-04 06:33:23',	'2020-08-04 06:33:23'),
(63,	32,	'Brunei',	NULL,	'en',	'2020-08-04 06:33:23',	'2020-08-04 06:33:23'),
(64,	32,	'Brunei',	NULL,	'ar',	'2020-08-04 06:33:23',	'2020-08-04 06:33:23'),
(65,	33,	'Bulgaria',	NULL,	'en',	'2020-08-04 06:33:23',	'2020-08-04 06:33:23'),
(66,	33,	'Bulgaria',	NULL,	'ar',	'2020-08-04 06:33:23',	'2020-08-04 06:33:23'),
(67,	34,	'Burkina Faso',	NULL,	'en',	'2020-08-04 06:33:23',	'2020-08-04 06:33:23'),
(68,	34,	'Burkina Faso',	NULL,	'ar',	'2020-08-04 06:33:23',	'2020-08-04 06:33:23'),
(69,	35,	'Burundi',	NULL,	'en',	'2020-08-04 06:33:23',	'2020-08-04 06:33:23'),
(70,	35,	'Burundi',	NULL,	'ar',	'2020-08-04 06:33:23',	'2020-08-04 06:33:23'),
(71,	36,	'Cambodia',	NULL,	'en',	'2020-08-04 06:33:23',	'2020-08-04 06:33:23'),
(72,	36,	'Cambodia',	NULL,	'ar',	'2020-08-04 06:33:23',	'2020-08-04 06:33:23'),
(73,	37,	'Cameroon',	NULL,	'en',	'2020-08-04 06:33:23',	'2020-08-04 06:33:23'),
(74,	37,	'Cameroon',	NULL,	'ar',	'2020-08-04 06:33:23',	'2020-08-04 06:33:23'),
(75,	38,	'Canada',	NULL,	'en',	'2020-08-04 06:33:23',	'2020-08-04 06:33:23'),
(76,	38,	'Canada',	NULL,	'ar',	'2020-08-04 06:33:23',	'2020-08-04 06:33:23'),
(77,	39,	'Cape Verde',	NULL,	'en',	'2020-08-04 06:33:23',	'2020-08-04 06:33:23'),
(78,	39,	'Cape Verde',	NULL,	'ar',	'2020-08-04 06:33:23',	'2020-08-04 06:33:23'),
(79,	40,	'Cayman Islands',	NULL,	'en',	'2020-08-04 06:33:23',	'2020-08-04 06:33:23'),
(80,	40,	'Cayman Islands',	NULL,	'ar',	'2020-08-04 06:33:23',	'2020-08-04 06:33:23'),
(81,	41,	'Central African Republic',	NULL,	'en',	'2020-08-04 06:33:23',	'2020-08-04 06:33:23'),
(82,	41,	'Central African Republic',	NULL,	'ar',	'2020-08-04 06:33:23',	'2020-08-04 06:33:23'),
(83,	42,	'Chad',	NULL,	'en',	'2020-08-04 06:33:23',	'2020-08-04 06:33:23'),
(84,	42,	'Chad',	NULL,	'ar',	'2020-08-04 06:33:23',	'2020-08-04 06:33:23'),
(85,	43,	'Chile',	NULL,	'en',	'2020-08-04 06:33:23',	'2020-08-04 06:33:23'),
(86,	43,	'Chile',	NULL,	'ar',	'2020-08-04 06:33:23',	'2020-08-04 06:33:23'),
(87,	44,	'China',	NULL,	'en',	'2020-08-04 06:33:23',	'2020-08-04 06:33:23'),
(88,	44,	'China',	NULL,	'ar',	'2020-08-04 06:33:23',	'2020-08-04 06:33:23'),
(89,	45,	'Christmas Island',	NULL,	'en',	'2020-08-04 06:33:23',	'2020-08-04 06:33:23'),
(90,	45,	'Christmas Island',	NULL,	'ar',	'2020-08-04 06:33:23',	'2020-08-04 06:33:23'),
(91,	46,	'Cocos (Keeling) Islands',	NULL,	'en',	'2020-08-04 06:33:23',	'2020-08-04 06:33:23'),
(92,	46,	'Cocos (Keeling) Islands',	NULL,	'ar',	'2020-08-04 06:33:23',	'2020-08-04 06:33:23'),
(93,	47,	'Colombia',	NULL,	'en',	'2020-08-04 06:33:23',	'2020-08-04 06:33:23'),
(94,	47,	'Colombia',	NULL,	'ar',	'2020-08-04 06:33:23',	'2020-08-04 06:33:23'),
(95,	48,	'Comoros',	NULL,	'en',	'2020-08-04 06:33:23',	'2020-08-04 06:33:23'),
(96,	48,	'Comoros',	NULL,	'ar',	'2020-08-04 06:33:23',	'2020-08-04 06:33:23'),
(97,	49,	'Republic Of The Congo',	NULL,	'en',	'2020-08-04 06:33:23',	'2020-08-04 06:33:23'),
(98,	49,	'Republic Of The Congo',	NULL,	'ar',	'2020-08-04 06:33:23',	'2020-08-04 06:33:23'),
(99,	50,	'Democratic Republic Of The Congo',	NULL,	'en',	'2020-08-04 06:33:23',	'2020-08-04 06:33:23'),
(100,	50,	'Democratic Republic Of The Congo',	NULL,	'ar',	'2020-08-04 06:33:23',	'2020-08-04 06:33:23'),
(101,	51,	'Cook Islands',	NULL,	'en',	'2020-08-04 06:33:23',	'2020-08-04 06:33:23'),
(102,	51,	'Cook Islands',	NULL,	'ar',	'2020-08-04 06:33:23',	'2020-08-04 06:33:23'),
(103,	52,	'Costa Rica',	NULL,	'en',	'2020-08-04 06:33:23',	'2020-08-04 06:33:23'),
(104,	52,	'Costa Rica',	NULL,	'ar',	'2020-08-04 06:33:23',	'2020-08-04 06:33:23'),
(105,	53,	'Cote D\'Ivoire (Ivory Coast)',	NULL,	'en',	'2020-08-04 06:33:23',	'2020-08-04 06:33:23'),
(106,	53,	'Cote D\'Ivoire (Ivory Coast)',	NULL,	'ar',	'2020-08-04 06:33:23',	'2020-08-04 06:33:23'),
(107,	54,	'Croatia (Hrvatska)',	NULL,	'en',	'2020-08-04 06:33:23',	'2020-08-04 06:33:23'),
(108,	54,	'Croatia (Hrvatska)',	NULL,	'ar',	'2020-08-04 06:33:23',	'2020-08-04 06:33:23'),
(109,	55,	'Cuba',	NULL,	'en',	'2020-08-04 06:33:23',	'2020-08-04 06:33:23'),
(110,	55,	'Cuba',	NULL,	'ar',	'2020-08-04 06:33:23',	'2020-08-04 06:33:23'),
(111,	56,	'Cyprus',	NULL,	'en',	'2020-08-04 06:33:23',	'2020-08-04 06:33:23'),
(112,	56,	'Cyprus',	NULL,	'ar',	'2020-08-04 06:33:24',	'2020-08-04 06:33:24'),
(113,	57,	'Czech Republic',	NULL,	'en',	'2020-08-04 06:33:24',	'2020-08-04 06:33:24'),
(114,	57,	'Czech Republic',	NULL,	'ar',	'2020-08-04 06:33:24',	'2020-08-04 06:33:24'),
(115,	58,	'Denmark',	NULL,	'en',	'2020-08-04 06:33:24',	'2020-08-04 06:33:24'),
(116,	58,	'Denmark',	NULL,	'ar',	'2020-08-04 06:33:24',	'2020-08-04 06:33:24'),
(117,	59,	'Djibouti',	NULL,	'en',	'2020-08-04 06:33:24',	'2020-08-04 06:33:24'),
(118,	59,	'Djibouti',	NULL,	'ar',	'2020-08-04 06:33:24',	'2020-08-04 06:33:24'),
(119,	60,	'Dominica',	NULL,	'en',	'2020-08-04 06:33:24',	'2020-08-04 06:33:24'),
(120,	60,	'Dominica',	NULL,	'ar',	'2020-08-04 06:33:24',	'2020-08-04 06:33:24'),
(121,	61,	'Dominican Republic',	NULL,	'en',	'2020-08-04 06:33:24',	'2020-08-04 06:33:24'),
(122,	61,	'Dominican Republic',	NULL,	'ar',	'2020-08-04 06:33:24',	'2020-08-04 06:33:24'),
(123,	62,	'East Timor',	NULL,	'en',	'2020-08-04 06:33:24',	'2020-08-04 06:33:24'),
(124,	62,	'East Timor',	NULL,	'ar',	'2020-08-04 06:33:24',	'2020-08-04 06:33:24'),
(125,	63,	'Ecuador',	NULL,	'en',	'2020-08-04 06:33:24',	'2020-08-04 06:33:24'),
(126,	63,	'Ecuador',	NULL,	'ar',	'2020-08-04 06:33:24',	'2020-08-04 06:33:24'),
(127,	64,	'Egypt',	NULL,	'en',	'2020-08-04 06:33:24',	'2020-08-04 06:33:24'),
(128,	64,	'Egypt',	NULL,	'ar',	'2020-08-04 06:33:24',	'2020-08-04 06:33:24'),
(129,	65,	'El Salvador',	NULL,	'en',	'2020-08-04 06:33:24',	'2020-08-04 06:33:24'),
(130,	65,	'El Salvador',	NULL,	'ar',	'2020-08-04 06:33:24',	'2020-08-04 06:33:24'),
(131,	66,	'Equatorial Guinea',	NULL,	'en',	'2020-08-04 06:33:24',	'2020-08-04 06:33:24'),
(132,	66,	'Equatorial Guinea',	NULL,	'ar',	'2020-08-04 06:33:24',	'2020-08-04 06:33:24'),
(133,	67,	'Eritrea',	NULL,	'en',	'2020-08-04 06:33:24',	'2020-08-04 06:33:24'),
(134,	67,	'Eritrea',	NULL,	'ar',	'2020-08-04 06:33:24',	'2020-08-04 06:33:24'),
(135,	68,	'Estonia',	NULL,	'en',	'2020-08-04 06:33:24',	'2020-08-04 06:33:24'),
(136,	68,	'Estonia',	NULL,	'ar',	'2020-08-04 06:33:24',	'2020-08-04 06:33:24'),
(137,	69,	'Ethiopia',	NULL,	'en',	'2020-08-04 06:33:24',	'2020-08-04 06:33:24'),
(138,	69,	'Ethiopia',	NULL,	'ar',	'2020-08-04 06:33:24',	'2020-08-04 06:33:24'),
(139,	70,	'External Territories of Australia',	NULL,	'en',	'2020-08-04 06:33:24',	'2020-08-04 06:33:24'),
(140,	70,	'External Territories of Australia',	NULL,	'ar',	'2020-08-04 06:33:24',	'2020-08-04 06:33:24'),
(141,	71,	'Falkland Islands',	NULL,	'en',	'2020-08-04 06:33:24',	'2020-08-04 06:33:24'),
(142,	71,	'Falkland Islands',	NULL,	'ar',	'2020-08-04 06:33:24',	'2020-08-04 06:33:24'),
(143,	72,	'Faroe Islands',	NULL,	'en',	'2020-08-04 06:33:24',	'2020-08-04 06:33:24'),
(144,	72,	'Faroe Islands',	NULL,	'ar',	'2020-08-04 06:33:24',	'2020-08-04 06:33:24'),
(145,	73,	'Fiji Islands',	NULL,	'en',	'2020-08-04 06:33:24',	'2020-08-04 06:33:24'),
(146,	73,	'Fiji Islands',	NULL,	'ar',	'2020-08-04 06:33:24',	'2020-08-04 06:33:24'),
(147,	74,	'Finland',	NULL,	'en',	'2020-08-04 06:33:24',	'2020-08-04 06:33:24'),
(148,	74,	'Finland',	NULL,	'ar',	'2020-08-04 06:33:24',	'2020-08-04 06:33:24'),
(149,	75,	'France',	NULL,	'en',	'2020-08-04 06:33:24',	'2020-08-04 06:33:24'),
(150,	75,	'France',	NULL,	'ar',	'2020-08-04 06:33:24',	'2020-08-04 06:33:24'),
(151,	76,	'French Guiana',	NULL,	'en',	'2020-08-04 06:33:24',	'2020-08-04 06:33:24'),
(152,	76,	'French Guiana',	NULL,	'ar',	'2020-08-04 06:33:24',	'2020-08-04 06:33:24'),
(153,	77,	'French Polynesia',	NULL,	'en',	'2020-08-04 06:33:24',	'2020-08-04 06:33:24'),
(154,	77,	'French Polynesia',	NULL,	'ar',	'2020-08-04 06:33:24',	'2020-08-04 06:33:24'),
(155,	78,	'French Southern Territories',	NULL,	'en',	'2020-08-04 06:33:24',	'2020-08-04 06:33:24'),
(156,	78,	'French Southern Territories',	NULL,	'ar',	'2020-08-04 06:33:24',	'2020-08-04 06:33:24'),
(157,	79,	'Gabon',	NULL,	'en',	'2020-08-04 06:33:24',	'2020-08-04 06:33:24'),
(158,	79,	'Gabon',	NULL,	'ar',	'2020-08-04 06:33:24',	'2020-08-04 06:33:24'),
(159,	80,	'Gambia The',	NULL,	'en',	'2020-08-04 06:33:24',	'2020-08-04 06:33:24'),
(160,	80,	'Gambia The',	NULL,	'ar',	'2020-08-04 06:33:24',	'2020-08-04 06:33:24'),
(161,	81,	'Georgia',	NULL,	'en',	'2020-08-04 06:33:24',	'2020-08-04 06:33:24'),
(162,	81,	'Georgia',	NULL,	'ar',	'2020-08-04 06:33:24',	'2020-08-04 06:33:24'),
(163,	82,	'Germany',	NULL,	'en',	'2020-08-04 06:33:24',	'2020-08-04 06:33:24'),
(164,	82,	'Germany',	NULL,	'ar',	'2020-08-04 06:33:24',	'2020-08-04 06:33:24'),
(165,	83,	'Ghana',	NULL,	'en',	'2020-08-04 06:33:24',	'2020-08-04 06:33:24'),
(166,	83,	'Ghana',	NULL,	'ar',	'2020-08-04 06:33:24',	'2020-08-04 06:33:24'),
(167,	84,	'Gibraltar',	NULL,	'en',	'2020-08-04 06:33:24',	'2020-08-04 06:33:24'),
(168,	84,	'Gibraltar',	NULL,	'ar',	'2020-08-04 06:33:24',	'2020-08-04 06:33:24'),
(169,	85,	'Greece',	NULL,	'en',	'2020-08-04 06:33:24',	'2020-08-04 06:33:24'),
(170,	85,	'Greece',	NULL,	'ar',	'2020-08-04 06:33:24',	'2020-08-04 06:33:24'),
(171,	86,	'Greenland',	NULL,	'en',	'2020-08-04 06:33:24',	'2020-08-04 06:33:24'),
(172,	86,	'Greenland',	NULL,	'ar',	'2020-08-04 06:33:24',	'2020-08-04 06:33:24'),
(173,	87,	'Grenada',	NULL,	'en',	'2020-08-04 06:33:24',	'2020-08-04 06:33:24'),
(174,	87,	'Grenada',	NULL,	'ar',	'2020-08-04 06:33:24',	'2020-08-04 06:33:24'),
(175,	88,	'Guadeloupe',	NULL,	'en',	'2020-08-04 06:33:24',	'2020-08-04 06:33:24'),
(176,	88,	'Guadeloupe',	NULL,	'ar',	'2020-08-04 06:33:24',	'2020-08-04 06:33:24'),
(177,	89,	'Guam',	NULL,	'en',	'2020-08-04 06:33:24',	'2020-08-04 06:33:24'),
(178,	89,	'Guam',	NULL,	'ar',	'2020-08-04 06:33:24',	'2020-08-04 06:33:24'),
(179,	90,	'Guatemala',	NULL,	'en',	'2020-08-04 06:33:24',	'2020-08-04 06:33:24'),
(180,	90,	'Guatemala',	NULL,	'ar',	'2020-08-04 06:33:24',	'2020-08-04 06:33:24'),
(181,	91,	'Guernsey and Alderney',	NULL,	'en',	'2020-08-04 06:33:24',	'2020-08-04 06:33:24'),
(182,	91,	'Guernsey and Alderney',	NULL,	'ar',	'2020-08-04 06:33:24',	'2020-08-04 06:33:24'),
(183,	92,	'Guinea',	NULL,	'en',	'2020-08-04 06:33:24',	'2020-08-04 06:33:24'),
(184,	92,	'Guinea',	NULL,	'ar',	'2020-08-04 06:33:24',	'2020-08-04 06:33:24'),
(185,	93,	'Guinea-Bissau',	NULL,	'en',	'2020-08-04 06:33:24',	'2020-08-04 06:33:24'),
(186,	93,	'Guinea-Bissau',	NULL,	'ar',	'2020-08-04 06:33:24',	'2020-08-04 06:33:24'),
(187,	94,	'Guyana',	NULL,	'en',	'2020-08-04 06:33:24',	'2020-08-04 06:33:24'),
(188,	94,	'Guyana',	NULL,	'ar',	'2020-08-04 06:33:24',	'2020-08-04 06:33:24'),
(189,	95,	'Haiti',	NULL,	'en',	'2020-08-04 06:33:24',	'2020-08-04 06:33:24'),
(190,	95,	'Haiti',	NULL,	'ar',	'2020-08-04 06:33:24',	'2020-08-04 06:33:24'),
(191,	96,	'Heard and McDonald Islands',	NULL,	'en',	'2020-08-04 06:33:24',	'2020-08-04 06:33:24'),
(192,	96,	'Heard and McDonald Islands',	NULL,	'ar',	'2020-08-04 06:33:24',	'2020-08-04 06:33:24'),
(193,	97,	'Honduras',	NULL,	'en',	'2020-08-04 06:33:24',	'2020-08-04 06:33:24'),
(194,	97,	'Honduras',	NULL,	'ar',	'2020-08-04 06:33:24',	'2020-08-04 06:33:24'),
(195,	98,	'Hong Kong S.A.R.',	NULL,	'en',	'2020-08-04 06:33:24',	'2020-08-04 06:33:24'),
(196,	98,	'Hong Kong S.A.R.',	NULL,	'ar',	'2020-08-04 06:33:24',	'2020-08-04 06:33:24'),
(197,	99,	'Hungary',	NULL,	'en',	'2020-08-04 06:33:24',	'2020-08-04 06:33:24'),
(198,	99,	'Hungary',	NULL,	'ar',	'2020-08-04 06:33:24',	'2020-08-04 06:33:24'),
(199,	100,	'Iceland',	NULL,	'en',	'2020-08-04 06:33:24',	'2020-08-04 06:33:24'),
(200,	100,	'Iceland',	NULL,	'ar',	'2020-08-04 06:33:24',	'2020-08-04 06:33:24'),
(201,	101,	'India',	NULL,	'en',	'2020-08-04 06:33:24',	'2020-08-04 06:33:24'),
(202,	101,	'India',	NULL,	'ar',	'2020-08-04 06:33:24',	'2020-08-04 06:33:24'),
(203,	102,	'Indonesia',	NULL,	'en',	'2020-08-04 06:33:24',	'2020-08-04 06:33:24'),
(204,	102,	'Indonesia',	NULL,	'ar',	'2020-08-04 06:33:24',	'2020-08-04 06:33:24'),
(205,	103,	'Iran',	NULL,	'en',	'2020-08-04 06:33:24',	'2020-08-04 06:33:24'),
(206,	103,	'Iran',	NULL,	'ar',	'2020-08-04 06:33:24',	'2020-08-04 06:33:24'),
(207,	104,	'Iraq',	NULL,	'en',	'2020-08-04 06:33:24',	'2020-08-04 06:33:24'),
(208,	104,	'Iraq',	NULL,	'ar',	'2020-08-04 06:33:24',	'2020-08-04 06:33:24'),
(209,	105,	'Ireland',	NULL,	'en',	'2020-08-04 06:33:24',	'2020-08-04 06:33:24'),
(210,	105,	'Ireland',	NULL,	'ar',	'2020-08-04 06:33:24',	'2020-08-04 06:33:24'),
(211,	106,	'Israel',	NULL,	'en',	'2020-08-04 06:33:24',	'2020-08-04 06:33:24'),
(212,	106,	'Israel',	NULL,	'ar',	'2020-08-04 06:33:24',	'2020-08-04 06:33:24'),
(213,	107,	'Italy',	NULL,	'en',	'2020-08-04 06:33:24',	'2020-08-04 06:33:24'),
(214,	107,	'Italy',	NULL,	'ar',	'2020-08-04 06:33:24',	'2020-08-04 06:33:24'),
(215,	108,	'Jamaica',	NULL,	'en',	'2020-08-04 06:33:24',	'2020-08-04 06:33:24'),
(216,	108,	'Jamaica',	NULL,	'ar',	'2020-08-04 06:33:24',	'2020-08-04 06:33:24'),
(217,	109,	'Japan',	NULL,	'en',	'2020-08-04 06:33:24',	'2020-08-04 06:33:24'),
(218,	109,	'Japan',	NULL,	'ar',	'2020-08-04 06:33:24',	'2020-08-04 06:33:24'),
(219,	110,	'Jersey',	NULL,	'en',	'2020-08-04 06:33:24',	'2020-08-04 06:33:24'),
(220,	110,	'Jersey',	NULL,	'ar',	'2020-08-04 06:33:24',	'2020-08-04 06:33:24'),
(221,	111,	'Jordan',	NULL,	'en',	'2020-08-04 06:33:24',	'2020-08-04 06:33:24'),
(222,	111,	'Jordan',	NULL,	'ar',	'2020-08-04 06:33:24',	'2020-08-04 06:33:24'),
(223,	112,	'Kazakhstan',	NULL,	'en',	'2020-08-04 06:33:24',	'2020-08-04 06:33:24'),
(224,	112,	'Kazakhstan',	NULL,	'ar',	'2020-08-04 06:33:24',	'2020-08-04 06:33:24'),
(225,	113,	'Kenya',	NULL,	'en',	'2020-08-04 06:33:24',	'2020-08-04 06:33:24'),
(226,	113,	'Kenya',	NULL,	'ar',	'2020-08-04 06:33:24',	'2020-08-04 06:33:24'),
(227,	114,	'Kiribati',	NULL,	'en',	'2020-08-04 06:33:24',	'2020-08-04 06:33:24'),
(228,	114,	'Kiribati',	NULL,	'ar',	'2020-08-04 06:33:24',	'2020-08-04 06:33:24'),
(229,	115,	'Korea North',	NULL,	'en',	'2020-08-04 06:33:24',	'2020-08-04 06:33:24'),
(230,	115,	'Korea North',	NULL,	'ar',	'2020-08-04 06:33:24',	'2020-08-04 06:33:24'),
(231,	116,	'Korea South',	NULL,	'en',	'2020-08-04 06:33:24',	'2020-08-04 06:33:24'),
(232,	116,	'Korea South',	NULL,	'ar',	'2020-08-04 06:33:24',	'2020-08-04 06:33:24'),
(233,	117,	'Kuwait',	'Vat',	'en',	'2020-08-04 06:33:24',	'2020-08-04 06:33:24'),
(234,	117,	'Kuwait',	'Vat',	'ar',	'2020-08-04 06:33:24',	'2020-08-04 06:33:24'),
(235,	118,	'Kyrgyzstan',	NULL,	'en',	'2020-08-04 06:33:24',	'2020-08-04 06:33:24'),
(236,	118,	'Kyrgyzstan',	NULL,	'ar',	'2020-08-04 06:33:24',	'2020-08-04 06:33:24'),
(237,	119,	'Laos',	NULL,	'en',	'2020-08-04 06:33:24',	'2020-08-04 06:33:24'),
(238,	119,	'Laos',	NULL,	'ar',	'2020-08-04 06:33:24',	'2020-08-04 06:33:24'),
(239,	120,	'Latvia',	NULL,	'en',	'2020-08-04 06:33:24',	'2020-08-04 06:33:24'),
(240,	120,	'Latvia',	NULL,	'ar',	'2020-08-04 06:33:24',	'2020-08-04 06:33:24'),
(241,	121,	'Lebanon',	NULL,	'en',	'2020-08-04 06:33:24',	'2020-08-04 06:33:24'),
(242,	121,	'Lebanon',	NULL,	'ar',	'2020-08-04 06:33:24',	'2020-08-04 06:33:24'),
(243,	122,	'Lesotho',	NULL,	'en',	'2020-08-04 06:33:24',	'2020-08-04 06:33:24'),
(244,	122,	'Lesotho',	NULL,	'ar',	'2020-08-04 06:33:24',	'2020-08-04 06:33:24'),
(245,	123,	'Liberia',	NULL,	'en',	'2020-08-04 06:33:24',	'2020-08-04 06:33:24'),
(246,	123,	'Liberia',	NULL,	'ar',	'2020-08-04 06:33:24',	'2020-08-04 06:33:24'),
(247,	124,	'Libya',	NULL,	'en',	'2020-08-04 06:33:24',	'2020-08-04 06:33:24'),
(248,	124,	'Libya',	NULL,	'ar',	'2020-08-04 06:33:24',	'2020-08-04 06:33:24'),
(249,	125,	'Liechtenstein',	NULL,	'en',	'2020-08-04 06:33:24',	'2020-08-04 06:33:24'),
(250,	125,	'Liechtenstein',	NULL,	'ar',	'2020-08-04 06:33:24',	'2020-08-04 06:33:24'),
(251,	126,	'Lithuania',	NULL,	'en',	'2020-08-04 06:33:24',	'2020-08-04 06:33:24'),
(252,	126,	'Lithuania',	NULL,	'ar',	'2020-08-04 06:33:24',	'2020-08-04 06:33:24'),
(253,	127,	'Luxembourg',	NULL,	'en',	'2020-08-04 06:33:24',	'2020-08-04 06:33:24'),
(254,	127,	'Luxembourg',	NULL,	'ar',	'2020-08-04 06:33:24',	'2020-08-04 06:33:24'),
(255,	128,	'Macau S.A.R.',	NULL,	'en',	'2020-08-04 06:33:24',	'2020-08-04 06:33:24'),
(256,	128,	'Macau S.A.R.',	NULL,	'ar',	'2020-08-04 06:33:24',	'2020-08-04 06:33:24'),
(257,	129,	'Macedonia',	NULL,	'en',	'2020-08-04 06:33:24',	'2020-08-04 06:33:24'),
(258,	129,	'Macedonia',	NULL,	'ar',	'2020-08-04 06:33:24',	'2020-08-04 06:33:24'),
(259,	130,	'Madagascar',	NULL,	'en',	'2020-08-04 06:33:24',	'2020-08-04 06:33:24'),
(260,	130,	'Madagascar',	NULL,	'ar',	'2020-08-04 06:33:24',	'2020-08-04 06:33:24'),
(261,	131,	'Malawi',	NULL,	'en',	'2020-08-04 06:33:24',	'2020-08-04 06:33:24'),
(262,	131,	'Malawi',	NULL,	'ar',	'2020-08-04 06:33:24',	'2020-08-04 06:33:24'),
(263,	132,	'Malaysia',	NULL,	'en',	'2020-08-04 06:33:24',	'2020-08-04 06:33:24'),
(264,	132,	'Malaysia',	NULL,	'ar',	'2020-08-04 06:33:24',	'2020-08-04 06:33:24'),
(265,	133,	'Maldives',	NULL,	'en',	'2020-08-04 06:33:24',	'2020-08-04 06:33:24'),
(266,	133,	'Maldives',	NULL,	'ar',	'2020-08-04 06:33:24',	'2020-08-04 06:33:24'),
(267,	134,	'Mali',	NULL,	'en',	'2020-08-04 06:33:24',	'2020-08-04 06:33:24'),
(268,	134,	'Mali',	NULL,	'ar',	'2020-08-04 06:33:24',	'2020-08-04 06:33:24'),
(269,	135,	'Malta',	NULL,	'en',	'2020-08-04 06:33:24',	'2020-08-04 06:33:24'),
(270,	135,	'Malta',	NULL,	'ar',	'2020-08-04 06:33:24',	'2020-08-04 06:33:24'),
(271,	136,	'Man (Isle of)',	NULL,	'en',	'2020-08-04 06:33:24',	'2020-08-04 06:33:24'),
(272,	136,	'Man (Isle of)',	NULL,	'ar',	'2020-08-04 06:33:24',	'2020-08-04 06:33:24'),
(273,	137,	'Marshall Islands',	NULL,	'en',	'2020-08-04 06:33:24',	'2020-08-04 06:33:24'),
(274,	137,	'Marshall Islands',	NULL,	'ar',	'2020-08-04 06:33:24',	'2020-08-04 06:33:24'),
(275,	138,	'Martinique',	NULL,	'en',	'2020-08-04 06:33:24',	'2020-08-04 06:33:24'),
(276,	138,	'Martinique',	NULL,	'ar',	'2020-08-04 06:33:24',	'2020-08-04 06:33:24'),
(277,	139,	'Mauritania',	NULL,	'en',	'2020-08-04 06:33:24',	'2020-08-04 06:33:24'),
(278,	139,	'Mauritania',	NULL,	'ar',	'2020-08-04 06:33:24',	'2020-08-04 06:33:24'),
(279,	140,	'Mauritius',	NULL,	'en',	'2020-08-04 06:33:24',	'2020-08-04 06:33:24'),
(280,	140,	'Mauritius',	NULL,	'ar',	'2020-08-04 06:33:24',	'2020-08-04 06:33:24'),
(281,	141,	'Mayotte',	NULL,	'en',	'2020-08-04 06:33:24',	'2020-08-04 06:33:24'),
(282,	141,	'Mayotte',	NULL,	'ar',	'2020-08-04 06:33:24',	'2020-08-04 06:33:24'),
(283,	142,	'Mexico',	NULL,	'en',	'2020-08-04 06:33:24',	'2020-08-04 06:33:24'),
(284,	142,	'Mexico',	NULL,	'ar',	'2020-08-04 06:33:24',	'2020-08-04 06:33:24'),
(285,	143,	'Micronesia',	NULL,	'en',	'2020-08-04 06:33:24',	'2020-08-04 06:33:24'),
(286,	143,	'Micronesia',	NULL,	'ar',	'2020-08-04 06:33:24',	'2020-08-04 06:33:24'),
(287,	144,	'Moldova',	NULL,	'en',	'2020-08-04 06:33:24',	'2020-08-04 06:33:24'),
(288,	144,	'Moldova',	NULL,	'ar',	'2020-08-04 06:33:24',	'2020-08-04 06:33:24'),
(289,	145,	'Monaco',	NULL,	'en',	'2020-08-04 06:33:24',	'2020-08-04 06:33:24'),
(290,	145,	'Monaco',	NULL,	'ar',	'2020-08-04 06:33:24',	'2020-08-04 06:33:24'),
(291,	146,	'Mongolia',	NULL,	'en',	'2020-08-04 06:33:24',	'2020-08-04 06:33:24'),
(292,	146,	'Mongolia',	NULL,	'ar',	'2020-08-04 06:33:24',	'2020-08-04 06:33:24'),
(293,	147,	'Montserrat',	NULL,	'en',	'2020-08-04 06:33:24',	'2020-08-04 06:33:24'),
(294,	147,	'Montserrat',	NULL,	'ar',	'2020-08-04 06:33:24',	'2020-08-04 06:33:24'),
(295,	148,	'Morocco',	NULL,	'en',	'2020-08-04 06:33:24',	'2020-08-04 06:33:24'),
(296,	148,	'Morocco',	NULL,	'ar',	'2020-08-04 06:33:24',	'2020-08-04 06:33:24'),
(297,	149,	'Mozambique',	NULL,	'en',	'2020-08-04 06:33:25',	'2020-08-04 06:33:25'),
(298,	149,	'Mozambique',	NULL,	'ar',	'2020-08-04 06:33:25',	'2020-08-04 06:33:25'),
(299,	150,	'Myanmar',	NULL,	'en',	'2020-08-04 06:33:25',	'2020-08-04 06:33:25'),
(300,	150,	'Myanmar',	NULL,	'ar',	'2020-08-04 06:33:25',	'2020-08-04 06:33:25'),
(301,	151,	'Namibia',	NULL,	'en',	'2020-08-04 06:33:25',	'2020-08-04 06:33:25'),
(302,	151,	'Namibia',	NULL,	'ar',	'2020-08-04 06:33:25',	'2020-08-04 06:33:25'),
(303,	152,	'Nauru',	NULL,	'en',	'2020-08-04 06:33:25',	'2020-08-04 06:33:25'),
(304,	152,	'Nauru',	NULL,	'ar',	'2020-08-04 06:33:25',	'2020-08-04 06:33:25'),
(305,	153,	'Nepal',	NULL,	'en',	'2020-08-04 06:33:25',	'2020-08-04 06:33:25'),
(306,	153,	'Nepal',	NULL,	'ar',	'2020-08-04 06:33:25',	'2020-08-04 06:33:25'),
(307,	154,	'Netherlands Antilles',	NULL,	'en',	'2020-08-04 06:33:25',	'2020-08-04 06:33:25'),
(308,	154,	'Netherlands Antilles',	NULL,	'ar',	'2020-08-04 06:33:25',	'2020-08-04 06:33:25'),
(309,	155,	'Netherlands The',	NULL,	'en',	'2020-08-04 06:33:25',	'2020-08-04 06:33:25'),
(310,	155,	'Netherlands The',	NULL,	'ar',	'2020-08-04 06:33:25',	'2020-08-04 06:33:25'),
(311,	156,	'New Caledonia',	NULL,	'en',	'2020-08-04 06:33:25',	'2020-08-04 06:33:25'),
(312,	156,	'New Caledonia',	NULL,	'ar',	'2020-08-04 06:33:25',	'2020-08-04 06:33:25'),
(313,	157,	'New Zealand',	NULL,	'en',	'2020-08-04 06:33:25',	'2020-08-04 06:33:25'),
(314,	157,	'New Zealand',	NULL,	'ar',	'2020-08-04 06:33:25',	'2020-08-04 06:33:25'),
(315,	158,	'Nicaragua',	NULL,	'en',	'2020-08-04 06:33:25',	'2020-08-04 06:33:25'),
(316,	158,	'Nicaragua',	NULL,	'ar',	'2020-08-04 06:33:25',	'2020-08-04 06:33:25'),
(317,	159,	'Niger',	NULL,	'en',	'2020-08-04 06:33:25',	'2020-08-04 06:33:25'),
(318,	159,	'Niger',	NULL,	'ar',	'2020-08-04 06:33:25',	'2020-08-04 06:33:25'),
(319,	160,	'Nigeria',	NULL,	'en',	'2020-08-04 06:33:25',	'2020-08-04 06:33:25'),
(320,	160,	'Nigeria',	NULL,	'ar',	'2020-08-04 06:33:25',	'2020-08-04 06:33:25'),
(321,	161,	'Niue',	NULL,	'en',	'2020-08-04 06:33:25',	'2020-08-04 06:33:25'),
(322,	161,	'Niue',	NULL,	'ar',	'2020-08-04 06:33:25',	'2020-08-04 06:33:25'),
(323,	162,	'Norfolk Island',	NULL,	'en',	'2020-08-04 06:33:25',	'2020-08-04 06:33:25'),
(324,	162,	'Norfolk Island',	NULL,	'ar',	'2020-08-04 06:33:25',	'2020-08-04 06:33:25'),
(325,	163,	'Northern Mariana Islands',	NULL,	'en',	'2020-08-04 06:33:25',	'2020-08-04 06:33:25'),
(326,	163,	'Northern Mariana Islands',	NULL,	'ar',	'2020-08-04 06:33:25',	'2020-08-04 06:33:25'),
(327,	164,	'Norway',	NULL,	'en',	'2020-08-04 06:33:25',	'2020-08-04 06:33:25'),
(328,	164,	'Norway',	NULL,	'ar',	'2020-08-04 06:33:25',	'2020-08-04 06:33:25'),
(329,	165,	'Oman',	NULL,	'en',	'2020-08-04 06:33:25',	'2020-08-04 06:33:25'),
(330,	165,	'Oman',	NULL,	'ar',	'2020-08-04 06:33:25',	'2020-08-04 06:33:25'),
(331,	166,	'Pakistan',	NULL,	'en',	'2020-08-04 06:33:25',	'2020-08-04 06:33:25'),
(332,	166,	'Pakistan',	NULL,	'ar',	'2020-08-04 06:33:25',	'2020-08-04 06:33:25'),
(333,	167,	'Palau',	NULL,	'en',	'2020-08-04 06:33:25',	'2020-08-04 06:33:25'),
(334,	167,	'Palau',	NULL,	'ar',	'2020-08-04 06:33:25',	'2020-08-04 06:33:25'),
(335,	168,	'Palestinian Territory Occupied',	NULL,	'en',	'2020-08-04 06:33:25',	'2020-08-04 06:33:25'),
(336,	168,	'Palestinian Territory Occupied',	NULL,	'ar',	'2020-08-04 06:33:25',	'2020-08-04 06:33:25'),
(337,	169,	'Panama',	NULL,	'en',	'2020-08-04 06:33:25',	'2020-08-04 06:33:25'),
(338,	169,	'Panama',	NULL,	'ar',	'2020-08-04 06:33:25',	'2020-08-04 06:33:25'),
(339,	170,	'Papua new Guinea',	NULL,	'en',	'2020-08-04 06:33:25',	'2020-08-04 06:33:25'),
(340,	170,	'Papua new Guinea',	NULL,	'ar',	'2020-08-04 06:33:25',	'2020-08-04 06:33:25'),
(341,	171,	'Paraguay',	NULL,	'en',	'2020-08-04 06:33:25',	'2020-08-04 06:33:25'),
(342,	171,	'Paraguay',	NULL,	'ar',	'2020-08-04 06:33:25',	'2020-08-04 06:33:25'),
(343,	172,	'Peru',	NULL,	'en',	'2020-08-04 06:33:25',	'2020-08-04 06:33:25'),
(344,	172,	'Peru',	NULL,	'ar',	'2020-08-04 06:33:25',	'2020-08-04 06:33:25'),
(345,	173,	'Philippines',	NULL,	'en',	'2020-08-04 06:33:25',	'2020-08-04 06:33:25'),
(346,	173,	'Philippines',	NULL,	'ar',	'2020-08-04 06:33:25',	'2020-08-04 06:33:25'),
(347,	174,	'Pitcairn Island',	NULL,	'en',	'2020-08-04 06:33:25',	'2020-08-04 06:33:25'),
(348,	174,	'Pitcairn Island',	NULL,	'ar',	'2020-08-04 06:33:25',	'2020-08-04 06:33:25'),
(349,	175,	'Poland',	NULL,	'en',	'2020-08-04 06:33:25',	'2020-08-04 06:33:25'),
(350,	175,	'Poland',	NULL,	'ar',	'2020-08-04 06:33:25',	'2020-08-04 06:33:25'),
(351,	176,	'Portugal',	NULL,	'en',	'2020-08-04 06:33:25',	'2020-08-04 06:33:25'),
(352,	176,	'Portugal',	NULL,	'ar',	'2020-08-04 06:33:25',	'2020-08-04 06:33:25'),
(353,	177,	'Puerto Rico',	NULL,	'en',	'2020-08-04 06:33:25',	'2020-08-04 06:33:25'),
(354,	177,	'Puerto Rico',	NULL,	'ar',	'2020-08-04 06:33:25',	'2020-08-04 06:33:25'),
(355,	178,	'Qatar',	NULL,	'en',	'2020-08-04 06:33:25',	'2020-08-04 06:33:25'),
(356,	178,	'Qatar',	NULL,	'ar',	'2020-08-04 06:33:25',	'2020-08-04 06:33:25'),
(357,	179,	'Reunion',	NULL,	'en',	'2020-08-04 06:33:25',	'2020-08-04 06:33:25'),
(358,	179,	'Reunion',	NULL,	'ar',	'2020-08-04 06:33:25',	'2020-08-04 06:33:25'),
(359,	180,	'Romania',	NULL,	'en',	'2020-08-04 06:33:25',	'2020-08-04 06:33:25'),
(360,	180,	'Romania',	NULL,	'ar',	'2020-08-04 06:33:25',	'2020-08-04 06:33:25'),
(361,	181,	'Russia',	NULL,	'en',	'2020-08-04 06:33:25',	'2020-08-04 06:33:25'),
(362,	181,	'Russia',	NULL,	'ar',	'2020-08-04 06:33:25',	'2020-08-04 06:33:25'),
(363,	182,	'Rwanda',	NULL,	'en',	'2020-08-04 06:33:25',	'2020-08-04 06:33:25'),
(364,	182,	'Rwanda',	NULL,	'ar',	'2020-08-04 06:33:25',	'2020-08-04 06:33:25'),
(365,	183,	'Saint Helena',	NULL,	'en',	'2020-08-04 06:33:25',	'2020-08-04 06:33:25'),
(366,	183,	'Saint Helena',	NULL,	'ar',	'2020-08-04 06:33:25',	'2020-08-04 06:33:25'),
(367,	184,	'Saint Kitts And Nevis',	NULL,	'en',	'2020-08-04 06:33:25',	'2020-08-04 06:33:25'),
(368,	184,	'Saint Kitts And Nevis',	NULL,	'ar',	'2020-08-04 06:33:25',	'2020-08-04 06:33:25'),
(369,	185,	'Saint Lucia',	NULL,	'en',	'2020-08-04 06:33:25',	'2020-08-04 06:33:25'),
(370,	185,	'Saint Lucia',	NULL,	'ar',	'2020-08-04 06:33:25',	'2020-08-04 06:33:25'),
(371,	186,	'Saint Pierre and Miquelon',	NULL,	'en',	'2020-08-04 06:33:25',	'2020-08-04 06:33:25'),
(372,	186,	'Saint Pierre and Miquelon',	NULL,	'ar',	'2020-08-04 06:33:25',	'2020-08-04 06:33:25'),
(373,	187,	'Saint Vincent And The Grenadines',	NULL,	'en',	'2020-08-04 06:33:25',	'2020-08-04 06:33:25'),
(374,	187,	'Saint Vincent And The Grenadines',	NULL,	'ar',	'2020-08-04 06:33:25',	'2020-08-04 06:33:25'),
(375,	188,	'Samoa',	NULL,	'en',	'2020-08-04 06:33:25',	'2020-08-04 06:33:25'),
(376,	188,	'Samoa',	NULL,	'ar',	'2020-08-04 06:33:25',	'2020-08-04 06:33:25'),
(377,	189,	'San Marino',	NULL,	'en',	'2020-08-04 06:33:25',	'2020-08-04 06:33:25'),
(378,	189,	'San Marino',	NULL,	'ar',	'2020-08-04 06:33:25',	'2020-08-04 06:33:25'),
(379,	190,	'Sao Tome and Principe',	NULL,	'en',	'2020-08-04 06:33:25',	'2020-08-04 06:33:25'),
(380,	190,	'Sao Tome and Principe',	NULL,	'ar',	'2020-08-04 06:33:25',	'2020-08-04 06:33:25'),
(381,	191,	'Saudi Arabia',	NULL,	'en',	'2020-08-04 06:33:25',	'2020-08-04 06:33:25'),
(382,	191,	'Saudi Arabia',	NULL,	'ar',	'2020-08-04 06:33:25',	'2020-08-04 06:33:25'),
(383,	192,	'Senegal',	NULL,	'en',	'2020-08-04 06:33:25',	'2020-08-04 06:33:25'),
(384,	192,	'Senegal',	NULL,	'ar',	'2020-08-04 06:33:25',	'2020-08-04 06:33:25'),
(385,	193,	'Serbia',	NULL,	'en',	'2020-08-04 06:33:25',	'2020-08-04 06:33:25'),
(386,	193,	'Serbia',	NULL,	'ar',	'2020-08-04 06:33:25',	'2020-08-04 06:33:25'),
(387,	194,	'Seychelles',	NULL,	'en',	'2020-08-04 06:33:25',	'2020-08-04 06:33:25'),
(388,	194,	'Seychelles',	NULL,	'ar',	'2020-08-04 06:33:25',	'2020-08-04 06:33:25'),
(389,	195,	'Sierra Leone',	NULL,	'en',	'2020-08-04 06:33:25',	'2020-08-04 06:33:25'),
(390,	195,	'Sierra Leone',	NULL,	'ar',	'2020-08-04 06:33:25',	'2020-08-04 06:33:25'),
(391,	196,	'Singapore',	NULL,	'en',	'2020-08-04 06:33:25',	'2020-08-04 06:33:25'),
(392,	196,	'Singapore',	NULL,	'ar',	'2020-08-04 06:33:25',	'2020-08-04 06:33:25'),
(393,	197,	'Slovakia',	NULL,	'en',	'2020-08-04 06:33:25',	'2020-08-04 06:33:25'),
(394,	197,	'Slovakia',	NULL,	'ar',	'2020-08-04 06:33:25',	'2020-08-04 06:33:25'),
(395,	198,	'Slovenia',	NULL,	'en',	'2020-08-04 06:33:25',	'2020-08-04 06:33:25'),
(396,	198,	'Slovenia',	NULL,	'ar',	'2020-08-04 06:33:25',	'2020-08-04 06:33:25'),
(397,	199,	'Smaller Territories of the UK',	NULL,	'en',	'2020-08-04 06:33:25',	'2020-08-04 06:33:25'),
(398,	199,	'Smaller Territories of the UK',	NULL,	'ar',	'2020-08-04 06:33:25',	'2020-08-04 06:33:25'),
(399,	200,	'Solomon Islands',	NULL,	'en',	'2020-08-04 06:33:25',	'2020-08-04 06:33:25'),
(400,	200,	'Solomon Islands',	NULL,	'ar',	'2020-08-04 06:33:25',	'2020-08-04 06:33:25'),
(401,	201,	'Somalia',	NULL,	'en',	'2020-08-04 06:33:25',	'2020-08-04 06:33:25'),
(402,	201,	'Somalia',	NULL,	'ar',	'2020-08-04 06:33:25',	'2020-08-04 06:33:25'),
(403,	202,	'South Africa',	NULL,	'en',	'2020-08-04 06:33:25',	'2020-08-04 06:33:25'),
(404,	202,	'South Africa',	NULL,	'ar',	'2020-08-04 06:33:25',	'2020-08-04 06:33:25'),
(405,	203,	'South Georgia',	NULL,	'en',	'2020-08-04 06:33:25',	'2020-08-04 06:33:25'),
(406,	203,	'South Georgia',	NULL,	'ar',	'2020-08-04 06:33:25',	'2020-08-04 06:33:25'),
(407,	204,	'South Sudan',	NULL,	'en',	'2020-08-04 06:33:25',	'2020-08-04 06:33:25'),
(408,	204,	'South Sudan',	NULL,	'ar',	'2020-08-04 06:33:25',	'2020-08-04 06:33:25'),
(409,	205,	'Spain',	NULL,	'en',	'2020-08-04 06:33:25',	'2020-08-04 06:33:25'),
(410,	205,	'Spain',	NULL,	'ar',	'2020-08-04 06:33:25',	'2020-08-04 06:33:25'),
(411,	206,	'Sri Lanka',	NULL,	'en',	'2020-08-04 06:33:25',	'2020-08-04 06:33:25'),
(412,	206,	'Sri Lanka',	NULL,	'ar',	'2020-08-04 06:33:25',	'2020-08-04 06:33:25'),
(413,	207,	'Sudan',	NULL,	'en',	'2020-08-04 06:33:25',	'2020-08-04 06:33:25'),
(414,	207,	'Sudan',	NULL,	'ar',	'2020-08-04 06:33:25',	'2020-08-04 06:33:25'),
(415,	208,	'Suriname',	NULL,	'en',	'2020-08-04 06:33:25',	'2020-08-04 06:33:25'),
(416,	208,	'Suriname',	NULL,	'ar',	'2020-08-04 06:33:25',	'2020-08-04 06:33:25'),
(417,	209,	'Svalbard And Jan Mayen Islands',	NULL,	'en',	'2020-08-04 06:33:25',	'2020-08-04 06:33:25'),
(418,	209,	'Svalbard And Jan Mayen Islands',	NULL,	'ar',	'2020-08-04 06:33:25',	'2020-08-04 06:33:25'),
(419,	210,	'Swaziland',	NULL,	'en',	'2020-08-04 06:33:25',	'2020-08-04 06:33:25'),
(420,	210,	'Swaziland',	NULL,	'ar',	'2020-08-04 06:33:25',	'2020-08-04 06:33:25'),
(421,	211,	'Sweden',	NULL,	'en',	'2020-08-04 06:33:25',	'2020-08-04 06:33:25'),
(422,	211,	'Sweden',	NULL,	'ar',	'2020-08-04 06:33:25',	'2020-08-04 06:33:25'),
(423,	212,	'Switzerland',	NULL,	'en',	'2020-08-04 06:33:25',	'2020-08-04 06:33:25'),
(424,	212,	'Switzerland',	NULL,	'ar',	'2020-08-04 06:33:25',	'2020-08-04 06:33:25'),
(425,	213,	'Syria',	NULL,	'en',	'2020-08-04 06:33:25',	'2020-08-04 06:33:25'),
(426,	213,	'Syria',	NULL,	'ar',	'2020-08-04 06:33:25',	'2020-08-04 06:33:25'),
(427,	214,	'Taiwan',	NULL,	'en',	'2020-08-04 06:33:25',	'2020-08-04 06:33:25'),
(428,	214,	'Taiwan',	NULL,	'ar',	'2020-08-04 06:33:25',	'2020-08-04 06:33:25'),
(429,	215,	'Tajikistan',	NULL,	'en',	'2020-08-04 06:33:25',	'2020-08-04 06:33:25'),
(430,	215,	'Tajikistan',	NULL,	'ar',	'2020-08-04 06:33:25',	'2020-08-04 06:33:25'),
(431,	216,	'Tanzania',	NULL,	'en',	'2020-08-04 06:33:25',	'2020-08-04 06:33:25'),
(432,	216,	'Tanzania',	NULL,	'ar',	'2020-08-04 06:33:25',	'2020-08-04 06:33:25'),
(433,	217,	'Thailand',	NULL,	'en',	'2020-08-04 06:33:25',	'2020-08-04 06:33:25'),
(434,	217,	'Thailand',	NULL,	'ar',	'2020-08-04 06:33:25',	'2020-08-04 06:33:25'),
(435,	218,	'Togo',	NULL,	'en',	'2020-08-04 06:33:25',	'2020-08-04 06:33:25'),
(436,	218,	'Togo',	NULL,	'ar',	'2020-08-04 06:33:25',	'2020-08-04 06:33:25'),
(437,	219,	'Tokelau',	NULL,	'en',	'2020-08-04 06:33:25',	'2020-08-04 06:33:25'),
(438,	219,	'Tokelau',	NULL,	'ar',	'2020-08-04 06:33:25',	'2020-08-04 06:33:25'),
(439,	220,	'Tonga',	NULL,	'en',	'2020-08-04 06:33:25',	'2020-08-04 06:33:25'),
(440,	220,	'Tonga',	NULL,	'ar',	'2020-08-04 06:33:25',	'2020-08-04 06:33:25'),
(441,	221,	'Trinidad And Tobago',	NULL,	'en',	'2020-08-04 06:33:25',	'2020-08-04 06:33:25'),
(442,	221,	'Trinidad And Tobago',	NULL,	'ar',	'2020-08-04 06:33:25',	'2020-08-04 06:33:25'),
(443,	222,	'Tunisia',	NULL,	'en',	'2020-08-04 06:33:25',	'2020-08-04 06:33:25'),
(444,	222,	'Tunisia',	NULL,	'ar',	'2020-08-04 06:33:25',	'2020-08-04 06:33:25'),
(445,	223,	'Turkey',	NULL,	'en',	'2020-08-04 06:33:25',	'2020-08-04 06:33:25'),
(446,	223,	'Turkey',	NULL,	'ar',	'2020-08-04 06:33:25',	'2020-08-04 06:33:25'),
(447,	224,	'Turkmenistan',	NULL,	'en',	'2020-08-04 06:33:25',	'2020-08-04 06:33:25'),
(448,	224,	'Turkmenistan',	NULL,	'ar',	'2020-08-04 06:33:25',	'2020-08-04 06:33:25'),
(449,	225,	'Turks And Caicos Islands',	NULL,	'en',	'2020-08-04 06:33:25',	'2020-08-04 06:33:25'),
(450,	225,	'Turks And Caicos Islands',	NULL,	'ar',	'2020-08-04 06:33:25',	'2020-08-04 06:33:25'),
(451,	226,	'Tuvalu',	NULL,	'en',	'2020-08-04 06:33:25',	'2020-08-04 06:33:25'),
(452,	226,	'Tuvalu',	NULL,	'ar',	'2020-08-04 06:33:25',	'2020-08-04 06:33:25'),
(453,	227,	'Uganda',	NULL,	'en',	'2020-08-04 06:33:25',	'2020-08-04 06:33:25'),
(454,	227,	'Uganda',	NULL,	'ar',	'2020-08-04 06:33:25',	'2020-08-04 06:33:25'),
(455,	228,	'Ukraine',	NULL,	'en',	'2020-08-04 06:33:25',	'2020-08-04 06:33:25'),
(456,	228,	'Ukraine',	NULL,	'ar',	'2020-08-04 06:33:25',	'2020-08-04 06:33:25'),
(457,	229,	'United Arab Emirates',	NULL,	'en',	'2020-08-04 06:33:25',	'2020-08-04 06:33:25'),
(458,	229,	'United Arab Emirates',	NULL,	'ar',	'2020-08-04 06:33:25',	'2020-08-04 06:33:25'),
(459,	230,	'United Kingdom',	NULL,	'en',	'2020-08-04 06:33:25',	'2020-08-04 06:33:25'),
(460,	230,	'United Kingdom',	NULL,	'ar',	'2020-08-04 06:33:25',	'2020-08-04 06:33:25'),
(461,	231,	'United States',	NULL,	'en',	'2020-08-04 06:33:25',	'2020-08-04 06:33:25'),
(462,	231,	'United States',	NULL,	'ar',	'2020-08-04 06:33:25',	'2020-08-04 06:33:25'),
(463,	232,	'United States Minor Outlying Islands',	NULL,	'en',	'2020-08-04 06:33:25',	'2020-08-04 06:33:25'),
(464,	232,	'United States Minor Outlying Islands',	NULL,	'ar',	'2020-08-04 06:33:25',	'2020-08-04 06:33:25'),
(465,	233,	'Uruguay',	NULL,	'en',	'2020-08-04 06:33:25',	'2020-08-04 06:33:25'),
(466,	233,	'Uruguay',	NULL,	'ar',	'2020-08-04 06:33:25',	'2020-08-04 06:33:25'),
(467,	234,	'Uzbekistan',	NULL,	'en',	'2020-08-04 06:33:25',	'2020-08-04 06:33:25'),
(468,	234,	'Uzbekistan',	NULL,	'ar',	'2020-08-04 06:33:25',	'2020-08-04 06:33:25'),
(469,	235,	'Vanuatu',	NULL,	'en',	'2020-08-04 06:33:25',	'2020-08-04 06:33:25'),
(470,	235,	'Vanuatu',	NULL,	'ar',	'2020-08-04 06:33:25',	'2020-08-04 06:33:25'),
(471,	236,	'Vatican City State (Holy See)',	NULL,	'en',	'2020-08-04 06:33:25',	'2020-08-04 06:33:25'),
(472,	236,	'Vatican City State (Holy See)',	NULL,	'ar',	'2020-08-04 06:33:25',	'2020-08-04 06:33:25'),
(473,	237,	'Venezuela',	NULL,	'en',	'2020-08-04 06:33:25',	'2020-08-04 06:33:25'),
(474,	237,	'Venezuela',	NULL,	'ar',	'2020-08-04 06:33:25',	'2020-08-04 06:33:25'),
(475,	238,	'Vietnam',	NULL,	'en',	'2020-08-04 06:33:25',	'2020-08-04 06:33:25'),
(476,	238,	'Vietnam',	NULL,	'ar',	'2020-08-04 06:33:25',	'2020-08-04 06:33:25'),
(477,	239,	'Virgin Islands (British)',	NULL,	'en',	'2020-08-04 06:33:25',	'2020-08-04 06:33:25'),
(478,	239,	'Virgin Islands (British)',	NULL,	'ar',	'2020-08-04 06:33:25',	'2020-08-04 06:33:25'),
(479,	240,	'Virgin Islands (US)',	NULL,	'en',	'2020-08-04 06:33:25',	'2020-08-04 06:33:25'),
(480,	240,	'Virgin Islands (US)',	NULL,	'ar',	'2020-08-04 06:33:25',	'2020-08-04 06:33:25'),
(481,	241,	'Wallis And Futuna Islands',	NULL,	'en',	'2020-08-04 06:33:25',	'2020-08-04 06:33:25'),
(482,	241,	'Wallis And Futuna Islands',	NULL,	'ar',	'2020-08-04 06:33:25',	'2020-08-04 06:33:25'),
(483,	242,	'Western Sahara',	NULL,	'en',	'2020-08-04 06:33:25',	'2020-08-04 06:33:25'),
(484,	242,	'Western Sahara',	NULL,	'ar',	'2020-08-04 06:33:25',	'2020-08-04 06:33:25'),
(485,	243,	'Yemen',	NULL,	'en',	'2020-08-04 06:33:26',	'2020-08-04 06:33:26'),
(486,	243,	'Yemen',	NULL,	'ar',	'2020-08-04 06:33:26',	'2020-08-04 06:33:26'),
(487,	244,	'Yugoslavia',	NULL,	'en',	'2020-08-04 06:33:26',	'2020-08-04 06:33:26'),
(488,	244,	'Yugoslavia',	NULL,	'ar',	'2020-08-04 06:33:26',	'2020-08-04 06:33:26'),
(489,	245,	'Zambia',	NULL,	'en',	'2020-08-04 06:33:26',	'2020-08-04 06:33:26'),
(490,	245,	'Zambia',	NULL,	'ar',	'2020-08-04 06:33:26',	'2020-08-04 06:33:26'),
(491,	246,	'Zimbabwe',	NULL,	'en',	'2020-08-04 06:33:26',	'2020-08-04 06:33:26'),
(492,	246,	'Zimbabwe',	NULL,	'ar',	'2020-08-04 06:33:26',	'2020-08-04 06:33:26');

DROP TABLE IF EXISTS `dealer_extras`;
CREATE TABLE `dealer_extras` (
  `id` bigint(20) unsigned NOT NULL AUTO_INCREMENT,
  `user_id` bigint(20) unsigned NOT NULL,
  `global_extra_id` bigint(20) unsigned NOT NULL,
  `type` tinyint(3) unsigned NOT NULL COMMENT '1 For Daily,0 For 1 Time',
  `created_at` timestamp NULL DEFAULT NULL,
  `updated_at` timestamp NULL DEFAULT NULL,
  PRIMARY KEY (`id`),
  KEY `dealer_extras_user_id_foreign` (`user_id`),
  KEY `dealer_extras_global_extra_id_foreign` (`global_extra_id`),
  CONSTRAINT `dealer_extras_global_extra_id_foreign` FOREIGN KEY (`global_extra_id`) REFERENCES `global_extras` (`id`) ON DELETE CASCADE,
  CONSTRAINT `dealer_extras_user_id_foreign` FOREIGN KEY (`user_id`) REFERENCES `users` (`id`) ON DELETE CASCADE
) ENGINE=InnoDB DEFAULT CHARSET=utf8mb4 COLLATE=utf8mb4_unicode_ci;

INSERT INTO `dealer_extras` (`id`, `user_id`, `global_extra_id`, `type`, `created_at`, `updated_at`) VALUES
(1,	6,	1,	1,	'2020-08-04 07:45:23',	'2020-10-15 11:08:16'),
(2,	6,	2,	1,	'2020-08-04 07:45:23',	'2020-10-15 11:08:16'),
(5,	6,	5,	1,	'2020-08-04 23:09:49',	'2020-10-15 11:08:16'),
(6,	33,	1,	1,	'2020-09-14 11:42:09',	'2020-09-14 11:42:09'),
(7,	33,	2,	0,	'2020-09-14 11:42:09',	'2020-09-14 11:42:09'),
(8,	33,	5,	2,	'2020-09-14 11:42:09',	'2020-09-14 11:42:09');

DROP TABLE IF EXISTS `devices`;
CREATE TABLE `devices` (
  `id` bigint(20) unsigned NOT NULL AUTO_INCREMENT,
  `user_id` bigint(20) unsigned NOT NULL,
  `device_type` enum('Android','iOS') COLLATE utf8mb4_unicode_ci NOT NULL,
  `device_token` varchar(191) COLLATE utf8mb4_unicode_ci NOT NULL,
  `created_at` timestamp NULL DEFAULT NULL,
  `updated_at` timestamp NULL DEFAULT NULL,
  PRIMARY KEY (`id`),
  KEY `devices_user_id_foreign` (`user_id`),
  CONSTRAINT `devices_user_id_foreign` FOREIGN KEY (`user_id`) REFERENCES `users` (`id`) ON DELETE CASCADE
) ENGINE=InnoDB DEFAULT CHARSET=utf8mb4 COLLATE=utf8mb4_unicode_ci;

INSERT INTO `devices` (`id`, `user_id`, `device_type`, `device_token`, `created_at`, `updated_at`) VALUES
(5,	18,	'Android',	'd-Uja7TlS2iRLSu8L476PJ:APA91bFN03aU66hombGEIuweBDFryiENaFvNeGloxsQ6JhgUqyGx2WXqBxyja38Hzs7ZqeixI-iKz__PrY4Jy0GqFPm3N28y9xdDFM_65o-0POqx2jEiGlaO1nPG7QktKbVUblyOIBE5',	'2020-08-19 07:41:58',	'2020-08-19 07:41:58'),
(7,	18,	'Android',	'd-Uja7TlS2iRLSu8L476PJ:APA91bFN03aU66hombGEIuweBDFryiENaFvNeGloxsQ6JhgUqyGx2WXqBxyja38Hzs7ZqeixI-iKz__PrY4Jy0GqFPm3N28y9xdDFM_65o-0POqx2jEiGlaO1nPG7QktKbVUblyOIBE5',	'2020-08-19 09:18:38',	'2020-08-19 09:18:38'),
(14,	18,	'Android',	'd-Uja7TlS2iRLSu8L476PJ:APA91bFN03aU66hombGEIuweBDFryiENaFvNeGloxsQ6JhgUqyGx2WXqBxyja38Hzs7ZqeixI-iKz__PrY4Jy0GqFPm3N28y9xdDFM_65o-0POqx2jEiGlaO1nPG7QktKbVUblyOIBE5',	'2020-08-21 16:31:50',	'2020-08-21 16:31:50'),
(17,	15,	'Android',	'fSbqqs0iRw-RDhJubsNrUT:APA91bGnsYiTDIltINXXE5_tYSLp4ZCCPVVF4FJQlB-UIlqi9FVMuocGqP6RhuSv4PlFPGw-4W4SlBFBJDZiP3nUi3VdxsQkT4ZDnCk0CzzPJCNR_q1-UQlQ8yXu0nwS-OjwVOxK-tY0',	'2020-08-22 18:31:26',	'2020-08-22 18:31:26'),
(23,	18,	'Android',	'fRe2xXxXTcy6kyCOKOgDwJ:APA91bFoLA8BHefiIThsvX_oG-KnxUo80oE3tmfF9y3apc2vcxh2CmipeHh-_qwr2pyYGLVcBEFoLN6x7DrwV06I6RoszZzfTtp17lEzedA9FIuo-aT3xs6mNLYRrYRpGo9MdXml3Zb4',	'2020-08-24 13:04:46',	'2020-08-24 13:04:46'),
(27,	17,	'Android',	'fRe2xXxXTcy6kyCOKOgDwJ:APA91bFoLA8BHefiIThsvX_oG-KnxUo80oE3tmfF9y3apc2vcxh2CmipeHh-_qwr2pyYGLVcBEFoLN6x7DrwV06I6RoszZzfTtp17lEzedA9FIuo-aT3xs6mNLYRrYRpGo9MdXml3Zb4',	'2020-08-24 16:56:14',	'2020-08-24 16:56:14'),
(33,	20,	'Android',	'dUmFpC0CTDGTjSFZa504tR:APA91bFaBQD7p1g8SqhsCbtKHsNmeSDjo8vvkzXc0WDeC8Lr5LM6ZmnHAGX8NDee3s1chu5DXsPFgajkauleHuWDeLj2CwBUYE8iPvEXrY8o_zhTqHRbTlVFEoG9r8t9xbTGJrrjBzsQ',	'2020-08-25 01:18:57',	'2020-08-25 01:18:57'),
(34,	15,	'Android',	'fNvoM1h6SlGmMfj8qrSx4a:APA91bHe5tZlqoXgRw0a-Wmy1LGmCs5lcaEn-4_lVdT-9d_7Wcfup-FjO9-sca4hb-0ElOztaXay4t763qdDxrhVTqqyjkGBwM_GXJYGH2FzBL8MA8Pjig33g24Ok0kUA0f6FaprWdQc',	'2020-08-25 08:29:37',	'2020-08-25 08:29:37'),
(35,	18,	'Android',	'fRe2xXxXTcy6kyCOKOgDwJ:APA91bFoLA8BHefiIThsvX_oG-KnxUo80oE3tmfF9y3apc2vcxh2CmipeHh-_qwr2pyYGLVcBEFoLN6x7DrwV06I6RoszZzfTtp17lEzedA9FIuo-aT3xs6mNLYRrYRpGo9MdXml3Zb4',	'2020-08-25 10:29:56',	'2020-08-25 10:29:56'),
(40,	18,	'Android',	'cd7ps-UFRLi7-8bCEgJFXo:APA91bElA3SvVTWrrixLvgarefZdjABGT_5HjBvpxLHOsIy1E5ehWQOhf4u0l68cOkDIu5i-wfGUzmUXuncikvfl8CPW2_bKpNEEB7bd92bgJn00Ysers7eTB4kR42c4dpI2LrN50Nob',	'2020-08-27 10:19:24',	'2020-08-27 10:19:24'),
(43,	17,	'Android',	'fX5Vo8qYSqOIKGY69pl0QC:APA91bHA07jLcwcZksTTMQRfJiN-cGP36n3gXacSpfA6P-z3plXY_yo5STSSgwXpPaANECtLl1tX0kw_TGCgqHASeD_OWC6eS_fez7G7DOHSKbotLWXAPzNBrdB71ysIp6U7dTKueZ3v',	'2020-08-29 12:40:21',	'2020-08-29 12:40:21'),
(45,	20,	'Android',	'd1fg6rOKTqSxgvtxHKr9oV:APA91bEhuW4t9zhg9HjZNz9fW7jSTKfOeaL83MgYg3FreDibtXrZs8MGpI-kA8j7q9vyVTQgA1Yi7u3HrMyfwS66-esnaddDBK7HrEbNirZ9MxxQ4kd7q7ocJzdL0wwhBTx2gEVHt5a9',	'2020-08-29 14:50:01',	'2020-08-29 14:50:01'),
(49,	15,	'Android',	'fNvoM1h6SlGmMfj8qrSx4a:APA91bHe5tZlqoXgRw0a-Wmy1LGmCs5lcaEn-4_lVdT-9d_7Wcfup-FjO9-sca4hb-0ElOztaXay4t763qdDxrhVTqqyjkGBwM_GXJYGH2FzBL8MA8Pjig33g24Ok0kUA0f6FaprWdQc',	'2020-09-03 06:16:50',	'2020-09-03 06:16:50'),
(51,	15,	'Android',	'fNvoM1h6SlGmMfj8qrSx4a:APA91bHe5tZlqoXgRw0a-Wmy1LGmCs5lcaEn-4_lVdT-9d_7Wcfup-FjO9-sca4hb-0ElOztaXay4t763qdDxrhVTqqyjkGBwM_GXJYGH2FzBL8MA8Pjig33g24Ok0kUA0f6FaprWdQc',	'2020-09-03 07:17:56',	'2020-09-03 07:17:56'),
(52,	15,	'Android',	'fNvoM1h6SlGmMfj8qrSx4a:APA91bHe5tZlqoXgRw0a-Wmy1LGmCs5lcaEn-4_lVdT-9d_7Wcfup-FjO9-sca4hb-0ElOztaXay4t763qdDxrhVTqqyjkGBwM_GXJYGH2FzBL8MA8Pjig33g24Ok0kUA0f6FaprWdQc',	'2020-09-03 08:34:58',	'2020-09-03 08:34:58'),
(53,	15,	'Android',	'fNvoM1h6SlGmMfj8qrSx4a:APA91bHe5tZlqoXgRw0a-Wmy1LGmCs5lcaEn-4_lVdT-9d_7Wcfup-FjO9-sca4hb-0ElOztaXay4t763qdDxrhVTqqyjkGBwM_GXJYGH2FzBL8MA8Pjig33g24Ok0kUA0f6FaprWdQc',	'2020-09-03 08:46:09',	'2020-09-03 08:46:09'),
(56,	31,	'Android',	'fNvoM1h6SlGmMfj8qrSx4a:APA91bHe5tZlqoXgRw0a-Wmy1LGmCs5lcaEn-4_lVdT-9d_7Wcfup-FjO9-sca4hb-0ElOztaXay4t763qdDxrhVTqqyjkGBwM_GXJYGH2FzBL8MA8Pjig33g24Ok0kUA0f6FaprWdQc',	'2020-09-06 13:10:08',	'2020-09-06 13:10:08'),
(62,	18,	'Android',	'cd7ps-UFRLi7-8bCEgJFXo:APA91bElA3SvVTWrrixLvgarefZdjABGT_5HjBvpxLHOsIy1E5ehWQOhf4u0l68cOkDIu5i-wfGUzmUXuncikvfl8CPW2_bKpNEEB7bd92bgJn00Ysers7eTB4kR42c4dpI2LrN50Nob',	'2020-09-08 14:53:17',	'2020-09-08 14:53:17'),
(63,	32,	'Android',	'ecfFiCZnTM208J1tIn47rG:APA91bHHuKWS_TmGyq1sLNEXtFmZCMkWNUviFHbpelaxnZNcmtIdWV6xJyNMZ9TPRQWP2pCGbg0aWRxGKn3M-IKHn9CR3FTZsSsGXJB9iiiUwvdQmUy0Gs0scjz1fKPeH2_sFxzrFmBi',	'2020-09-08 21:44:42',	'2020-09-08 21:44:42'),
(65,	32,	'Android',	'fCbOWXx8Rf-gvfDlVygjJy:APA91bGkcBJmh9rzq3hhQK4b4SJMT4Z55dFGjsymF0VkWoGIhE8raD7UbJ9Pg0xhLxwQ8bunua8Rdgkf6BBa4hpHlLfC1_tITBltqC0rg5Xw4hzZjTjHiGtPtsQzuDQJsOMbuN_3wfWy',	'2020-09-08 23:15:42',	'2020-09-08 23:15:42'),
(66,	32,	'Android',	'c83pZJWuSL2b8OHHTuUxxJ:APA91bEgkXeK37zJJkRaBUKbLu4-rZMIo7CnpJPMO13VX-aWyyNsy-23zcGAaZkpzRfWCaf-bMNMB4OzG5tDC2k86-fOxkAznMSgGa4zGEUYUP4JceZZkEt_9tTIrTOvrqhGECP5vRHz',	'2020-09-08 23:25:19',	'2020-09-08 23:25:19'),
(72,	21,	'Android',	'cBhhTgcuSSi9QEZABAceYz:APA91bEEtI7pIDoR5v0ctJtAXcqFTTJ9SFM_GpklPkQ_pUaq_Sf4cTiavhs9lu4wPULyP4iNdn29jJaTE8Agj02-aEF-8igosB4aEhXfHEYPdSL0JQi-UaZIdrPb2g5aVs28xFfiHA_L',	'2020-09-11 04:54:50',	'2020-09-11 04:54:50'),
(76,	15,	'Android',	'fNvoM1h6SlGmMfj8qrSx4a:APA91bHe5tZlqoXgRw0a-Wmy1LGmCs5lcaEn-4_lVdT-9d_7Wcfup-FjO9-sca4hb-0ElOztaXay4t763qdDxrhVTqqyjkGBwM_GXJYGH2FzBL8MA8Pjig33g24Ok0kUA0f6FaprWdQc',	'2020-09-14 05:26:32',	'2020-09-14 05:26:32'),
(86,	35,	'iOS',	'12',	'2020-10-08 12:15:43',	'2020-10-08 12:15:43'),
(97,	38,	'iOS',	'11',	'2020-10-09 03:32:48',	'2020-10-09 03:32:48'),
(104,	48,	'Android',	'cOXS4h98SIG98YN6H2Vvn_:APA91bEi-U1u-ag8xXKrHNra2bSkvt3lN7NC6T4id-37BZTdSK8NbQyilBol8DyrwJs2LoH80iqPP1kLcjPAzKVOQ4d7lun6eCp5ajpf0MKLIVs9hQAY6ysbcBpXgEAaqmL6RJ9-WSIT',	'2020-10-09 03:54:07',	'2020-10-09 03:54:07'),
(105,	39,	'iOS',	'212',	'2020-10-09 04:02:34',	'2020-10-09 04:02:34'),
(108,	17,	'Android',	'dC3I4P8_SEeVyjnm4Yj5K7:APA91bFUCCz555ts12J6V1KnbRAbSlTPVyt8whwkMmrqNu1zSL1n_3mXqoKV91w86HemlZLmIzmsINW0E1MgNjC8ca82kaU7X1N4XMFi0-S_TW6c3Dsu7J0xqPzvec_WKgPAln6_v6CC',	'2020-10-10 06:12:03',	'2020-10-10 06:12:03'),
(111,	15,	'Android',	'ep2j9LCiRSGnysLANDUD5X:APA91bEO0NN4d3VYIE_0ozkOTWo0RvLTHqeJAV-4k7YbDp3xT5scQEuvTH1QZqzIzGzjv8Subf8snwUpM6ubOUhbYxF-N552rr78zWxaK5Oqi8UtFtFAmtVaMRKUWESVgA6dztEAWRmz',	'2020-10-10 07:33:08',	'2020-10-10 07:33:08'),
(113,	23,	'Android',	'e-FuaTyTQW-qO9_nKpKIdO:APA91bE7-JE0ApiCrBLkYlRhstXbcR24InOY9NtzOIdVSyDEXyCLUC7vu4Q9zPBWIp00hvx4bcXSzojqBm10TqdwUsUoRNa-X62c99-5UFI57a33-yWNT4ZqFHZ1Mp5C8Z8hE7b-Ly-q',	'2020-10-13 04:10:46',	'2020-10-13 04:10:46'),
(114,	15,	'Android',	'e-FuaTyTQW-qO9_nKpKIdO:APA91bE7-JE0ApiCrBLkYlRhstXbcR24InOY9NtzOIdVSyDEXyCLUC7vu4Q9zPBWIp00hvx4bcXSzojqBm10TqdwUsUoRNa-X62c99-5UFI57a33-yWNT4ZqFHZ1Mp5C8Z8hE7b-Ly-q',	'2020-10-14 02:21:31',	'2020-10-14 02:21:31'),
(115,	18,	'Android',	'eI0uw7o0RNi9ZPzWT28qaa:APA91bF9txt75ruaWAhdstS4hBlXMhxVfiG7M8GL3Qdss_Ig-skytwiQDznoiR0KT8nuT0QN9hB5yqyh4hSOUs5VXORwSlcs-2spnKm-Gb_-J12_kOpVSwI2ln-x7aXb_gLVTrju8Bv4',	'2020-10-15 03:37:11',	'2020-10-15 03:37:11'),
(116,	15,	'Android',	'fdutyCSWRTmZkn-zh5KsHb:APA91bE-_-iuWbSKRLh2CMeOqopk4FlUxLUHtkHcAA14yP6VG_1bnAidELAerZ-jg2nuc1lqzxwXG_Dp1yQEQLyaNgqQTN3E0-MsmEXkac0TLI1voUSIwIa8cPAQVIIj3IOXqI0vqGsN',	'2020-10-15 05:17:30',	'2020-10-15 05:17:30'),
(120,	58,	'Android',	'eiV-seF7TKuW1uz0DcWw5A:APA91bGgFvF7qW_kQ6WI8Xvt69tx3rZTbM4zuXkU6L4FKFWl4b2AaV_fQ41KvRQjAUuXmoyRx8jSNB6OMaL1n4Dy6usTB5A-KF_P20dZWBN-YjvHM2-NI9G5rZfoj5w--G-omH_ZHCXe',	'2020-10-19 08:51:23',	'2020-10-19 08:51:23'),
(127,	15,	'Android',	'fdutyCSWRTmZkn-zh5KsHb:APA91bE-_-iuWbSKRLh2CMeOqopk4FlUxLUHtkHcAA14yP6VG_1bnAidELAerZ-jg2nuc1lqzxwXG_Dp1yQEQLyaNgqQTN3E0-MsmEXkac0TLI1voUSIwIa8cPAQVIIj3IOXqI0vqGsN',	'2020-10-20 10:41:55',	'2020-10-20 10:41:55'),
(130,	6,	'iOS',	'abc',	'2020-10-20 11:27:25',	'2020-10-20 11:27:25'),
(131,	6,	'iOS',	'abc',	'2020-10-20 11:31:22',	'2020-10-20 11:31:22'),
(132,	6,	'iOS',	'abc',	'2020-10-20 11:34:01',	'2020-10-20 11:34:01'),
(133,	6,	'iOS',	'abc',	'2020-10-20 12:15:01',	'2020-10-20 12:15:01'),
(134,	6,	'iOS',	'abc',	'2020-10-20 12:29:00',	'2020-10-20 12:29:00'),
(135,	18,	'Android',	'eI0uw7o0RNi9ZPzWT28qaa:APA91bF9txt75ruaWAhdstS4hBlXMhxVfiG7M8GL3Qdss_Ig-skytwiQDznoiR0KT8nuT0QN9hB5yqyh4hSOUs5VXORwSlcs-2spnKm-Gb_-J12_kOpVSwI2ln-x7aXb_gLVTrju8Bv4',	'2020-10-20 13:28:45',	'2020-10-20 13:28:45'),
(136,	18,	'Android',	'dhLIVKI9TS2tCNKXKYTnuZ:APA91bGo4-v3LdHMrwndPyGB5xokjYC6_5uEdlfgRvN9URx8ArDjx0iwLbaBacduyZErnZYpVKRUKsWIEHaU4bY4smh9d3joVwBzKVOS_1RVMbzAy-78bHIhsKcsAlxmiOXuK1J5HNTP',	'2020-10-21 10:15:36',	'2020-10-21 10:15:36'),
(137,	18,	'Android',	'dC3I4P8_SEeVyjnm4Yj5K7:APA91bFUCCz555ts12J6V1KnbRAbSlTPVyt8whwkMmrqNu1zSL1n_3mXqoKV91w86HemlZLmIzmsINW0E1MgNjC8ca82kaU7X1N4XMFi0-S_TW6c3Dsu7J0xqPzvec_WKgPAln6_v6CC',	'2020-10-21 10:26:24',	'2020-10-21 10:26:24'),
(138,	6,	'iOS',	'abc',	'2020-10-21 10:42:32',	'2020-10-21 10:42:32'),
(140,	6,	'iOS',	'abc',	'2020-10-21 11:44:48',	'2020-10-21 11:44:48'),
(144,	6,	'iOS',	'abc',	'2020-10-22 05:55:28',	'2020-10-22 05:55:28'),
(146,	6,	'iOS',	'abc',	'2020-10-22 13:00:08',	'2020-10-22 13:00:08'),
(161,	18,	'Android',	'dFCN2jWxTZuQoltFPSfAIc:APA91bGZqkHjJi4Kzknpy6QKLVbgG2yvtiWEMv-pLOs5NHHF0Wg9-MG1hCLAIhsaZgOCL1DEQLGHrjlHh3zurEmKKv1XnilR380wXoUpaQsPtHcN9l2bmpMKqS3IKw9_mqilgZdTr9lQ',	'2020-10-24 11:32:22',	'2020-10-24 11:32:22'),
(162,	6,	'iOS',	'abc',	'2020-10-24 15:25:15',	'2020-10-24 15:25:15'),
(177,	59,	'iOS',	'123',	'2020-10-25 20:15:46',	'2020-10-25 20:15:46'),
(178,	15,	'iOS',	'123',	'2020-10-26 03:53:51',	'2020-10-26 03:53:51');

DROP TABLE IF EXISTS `doors`;
CREATE TABLE `doors` (
  `id` bigint(20) unsigned NOT NULL AUTO_INCREMENT,
  `vehicle_type_id` bigint(20) unsigned NOT NULL,
  `door_order` bigint(20) unsigned NOT NULL,
  `created_at` timestamp NULL DEFAULT NULL,
  `updated_at` timestamp NULL DEFAULT NULL,
  `deleted_at` timestamp NULL DEFAULT NULL,
  PRIMARY KEY (`id`),
  KEY `doors_vehicle_type_id_foreign` (`vehicle_type_id`),
  CONSTRAINT `doors_vehicle_type_id_foreign` FOREIGN KEY (`vehicle_type_id`) REFERENCES `vehicle_types` (`id`) ON DELETE CASCADE
) ENGINE=InnoDB DEFAULT CHARSET=utf8mb4 COLLATE=utf8mb4_unicode_ci;

INSERT INTO `doors` (`id`, `vehicle_type_id`, `door_order`, `created_at`, `updated_at`, `deleted_at`) VALUES
(1,	1,	1,	'2020-08-04 06:33:22',	'2020-08-04 06:33:22',	NULL),
(2,	1,	2,	'2020-08-04 06:33:22',	'2020-08-04 06:33:22',	NULL),
(3,	1,	3,	'2020-08-04 06:33:22',	'2020-08-04 06:33:22',	NULL),
(4,	1,	4,	'2020-08-04 06:33:22',	'2020-08-04 06:33:22',	NULL),
(5,	1,	5,	'2020-08-04 06:33:22',	'2020-08-04 06:33:22',	NULL);

DROP TABLE IF EXISTS `door_translations`;
CREATE TABLE `door_translations` (
  `id` bigint(20) unsigned NOT NULL AUTO_INCREMENT,
  `door_id` bigint(20) unsigned NOT NULL,
  `name` varchar(191) COLLATE utf8mb4_unicode_ci NOT NULL,
  `locale` varchar(5) COLLATE utf8mb4_unicode_ci NOT NULL,
  `created_at` timestamp NULL DEFAULT NULL,
  `updated_at` timestamp NULL DEFAULT NULL,
  PRIMARY KEY (`id`),
  UNIQUE KEY `door_translations_door_id_locale_unique` (`door_id`,`locale`),
  KEY `door_translations_locale_index` (`locale`),
  CONSTRAINT `door_translations_door_id_foreign` FOREIGN KEY (`door_id`) REFERENCES `doors` (`id`) ON DELETE CASCADE
) ENGINE=InnoDB DEFAULT CHARSET=utf8mb4 COLLATE=utf8mb4_unicode_ci;

INSERT INTO `door_translations` (`id`, `door_id`, `name`, `locale`, `created_at`, `updated_at`) VALUES
(1,	1,	'2 Doors',	'en',	'2020-08-04 06:33:22',	'2020-08-04 06:33:22'),
(2,	1,	'بابين',	'ar',	'2020-08-04 06:33:22',	'2020-08-27 10:46:10'),
(3,	2,	'3 Doors',	'en',	'2020-08-04 06:33:22',	'2020-08-04 06:33:22'),
(4,	2,	'٣ ابواب',	'ar',	'2020-08-04 06:33:22',	'2020-08-27 10:47:10'),
(5,	3,	'4 Doors',	'en',	'2020-08-04 06:33:22',	'2020-08-04 06:33:22'),
(6,	3,	'٤ ابواب',	'ar',	'2020-08-04 06:33:22',	'2020-08-27 10:46:27'),
(7,	4,	'5 Doors',	'en',	'2020-08-04 06:33:22',	'2020-08-04 06:33:22'),
(8,	4,	'٥ ابواب',	'ar',	'2020-08-04 06:33:22',	'2020-08-27 10:46:50'),
(9,	5,	'6 Doors',	'en',	'2020-08-04 06:33:22',	'2020-08-04 06:33:22'),
(10,	5,	'٦ ابواب',	'ar',	'2020-08-04 06:33:22',	'2020-08-27 10:47:00');

DROP TABLE IF EXISTS `driver_requirements`;
CREATE TABLE `driver_requirements` (
  `id` bigint(20) unsigned NOT NULL AUTO_INCREMENT,
  `country_id` bigint(20) unsigned NOT NULL,
  `created_at` timestamp NULL DEFAULT NULL,
  `updated_at` timestamp NULL DEFAULT NULL,
  PRIMARY KEY (`id`),
  KEY `driver_requirements_country_id_foreign` (`country_id`),
  CONSTRAINT `driver_requirements_country_id_foreign` FOREIGN KEY (`country_id`) REFERENCES `countries` (`id`) ON DELETE CASCADE
) ENGINE=InnoDB DEFAULT CHARSET=utf8mb4 COLLATE=utf8mb4_unicode_ci;

INSERT INTO `driver_requirements` (`id`, `country_id`, `created_at`, `updated_at`) VALUES
(1,	117,	'2020-08-19 09:37:16',	'2020-08-19 09:37:16');

DROP TABLE IF EXISTS `driver_requirement_translations`;
CREATE TABLE `driver_requirement_translations` (
  `id` bigint(20) unsigned NOT NULL AUTO_INCREMENT,
  `driver_requirement_id` bigint(20) unsigned NOT NULL,
  `name` varchar(191) COLLATE utf8mb4_unicode_ci NOT NULL,
  `locale` varchar(5) COLLATE utf8mb4_unicode_ci NOT NULL,
  `created_at` timestamp NULL DEFAULT NULL,
  `updated_at` timestamp NULL DEFAULT NULL,
  PRIMARY KEY (`id`),
  KEY `driver_requirement_translations_driver_requirement_id_foreign` (`driver_requirement_id`),
  KEY `driver_requirement_translations_locale_index` (`locale`),
  CONSTRAINT `driver_requirement_translations_driver_requirement_id_foreign` FOREIGN KEY (`driver_requirement_id`) REFERENCES `driver_requirements` (`id`) ON DELETE CASCADE
) ENGINE=InnoDB DEFAULT CHARSET=utf8mb4 COLLATE=utf8mb4_unicode_ci;

INSERT INTO `driver_requirement_translations` (`id`, `driver_requirement_id`, `name`, `locale`, `created_at`, `updated_at`) VALUES
(1,	1,	'License',	'en',	'2020-08-19 09:37:16',	'2020-08-19 09:37:16'),
(2,	1,	'رخصة',	'ar',	'2020-08-19 09:37:16',	'2020-08-19 09:37:16');

DROP TABLE IF EXISTS `email_strings`;
CREATE TABLE `email_strings` (
  `id` bigint(20) unsigned NOT NULL AUTO_INCREMENT,
  `template_name` varchar(191) COLLATE utf8mb4_unicode_ci NOT NULL,
  `name_key` varchar(191) COLLATE utf8mb4_unicode_ci NOT NULL,
  `created_at` timestamp NULL DEFAULT NULL,
  `updated_at` timestamp NULL DEFAULT NULL,
  PRIMARY KEY (`id`)
) ENGINE=InnoDB DEFAULT CHARSET=utf8mb4 COLLATE=utf8mb4_unicode_ci;

INSERT INTO `email_strings` (`id`, `template_name`, `name_key`, `created_at`, `updated_at`) VALUES
(1,	'Forgot Password',	'title_password_reset',	'2020-09-10 16:16:00',	'2020-09-10 16:16:00'),
(2,	'Forgot Password',	'forgot_password_body',	'2020-09-10 16:16:49',	'2020-09-10 16:16:49'),
(3,	'Forgot Password',	'forgot_password_button_text',	'2020-09-10 16:17:05',	'2020-09-10 16:17:05'),
(4,	'Forgot Password',	'forgot_password_other_body',	'2020-09-10 16:17:26',	'2020-09-10 16:17:26'),
(5,	'Forgot Password',	'reset_password_subject',	'2020-09-10 16:53:07',	'2020-09-10 16:53:07'),
(6,	'Global Mail',	'copyright',	'2020-09-10 17:09:45',	'2020-09-10 17:09:45'),
(7,	'Global Mail',	'footer_address',	'2020-09-10 17:10:45',	'2020-09-10 17:10:45'),
(8,	'Global Mail',	'footer_address_ext',	'2020-09-10 17:11:22',	'2020-09-10 17:11:22'),
(9,	'Forgot Password',	'hey',	'2020-09-10 17:35:44',	'2020-09-10 17:35:44'),
(10,	'Global Mail',	'global_footer_team_name',	'2020-09-10 17:41:58',	'2020-09-10 17:41:58'),
(11,	'Global Mail',	'global_footer_team_title',	'2020-09-10 17:42:08',	'2020-09-10 17:42:08'),
(12,	'Welcome User',	'user_welcome_email_subject',	'2020-09-12 08:00:06',	'2020-09-12 08:00:06'),
(13,	'Welcome User',	'welcome_user_footer_team_title',	'2020-09-12 09:36:41',	'2020-09-12 09:36:41'),
(14,	'Welcome User',	'welcome_user_other_body',	'2020-09-12 09:37:03',	'2020-09-12 09:38:15'),
(15,	'Verification Email',	'title_verification_email_reset',	'2020-09-12 09:44:43',	'2020-09-12 09:44:43'),
(16,	'Verification Email',	'verification_email_subject',	'2020-09-12 09:45:28',	'2020-09-12 09:45:28'),
(17,	'Welcome User',	'welcome_email_title',	'2020-09-12 10:32:01',	'2020-09-12 10:32:01'),
(18,	'Dealer Welcome Mail',	'dealer_welcome_mail_title',	'2020-09-15 16:32:54',	'2020-09-15 16:32:54'),
(19,	'Dealer Welcome Mail',	'dealer_welcome_mail_subject',	'2020-09-15 16:33:07',	'2020-09-15 16:33:07'),
(20,	'Dealer Welcome Mail',	'welcome_dealer_footer_team_title',	'2020-09-15 16:33:21',	'2020-09-15 16:33:21'),
(21,	'Dealer Welcome Mail',	'welcome_dealer_other_body',	'2020-09-15 16:33:33',	'2020-09-15 16:33:33'),
(22,	'Dealer Welcome Mail',	'welcome_dealer_body',	'2020-09-15 16:33:44',	'2020-09-15 16:33:44');

DROP TABLE IF EXISTS `email_string_translations`;
CREATE TABLE `email_string_translations` (
  `id` bigint(20) unsigned NOT NULL AUTO_INCREMENT,
  `email_string_id` bigint(20) unsigned NOT NULL,
  `name` text COLLATE utf8mb4_unicode_ci NOT NULL,
  `locale` varchar(191) COLLATE utf8mb4_unicode_ci NOT NULL,
  PRIMARY KEY (`id`),
  UNIQUE KEY `language_string_translations_language_string_id_locale_unique` (`email_string_id`,`locale`),
  KEY `language_string_translations_locale_index` (`locale`)
) ENGINE=InnoDB DEFAULT CHARSET=utf8mb4 COLLATE=utf8mb4_unicode_ci;

INSERT INTO `email_string_translations` (`id`, `email_string_id`, `name`, `locale`) VALUES
(1,	1,	'Password Reset',	'en'),
(2,	1,	'Password Reset',	'ar'),
(3,	2,	'Lost your keys ??? Someone, hopefully you, requested a password reset for this account. Just click the below button to get started.',	'en'),
(4,	2,	'Lost your keys ??? Someone, hopefully you, requested a password reset for this account. Just click the below button to get started.',	'ar'),
(5,	3,	'Reset my password',	'en'),
(6,	3,	'Reset my password',	'ar'),
(7,	4,	'If you didn’t request to change your RydeZilla password, you don’t have to do anything. So that’s easy.',	'en'),
(8,	4,	'If you didn’t request to change your RydeZilla password, you don’t have to do anything. So that’s easy.',	'ar'),
(9,	5,	'Reset Password',	'en'),
(10,	5,	'Reset Password',	'ar'),
(11,	6,	'COPYRIGHT © 2020 RYDEZILLA, ALL RIGHTS RESERVED',	'en'),
(12,	6,	'COPYRIGHT © 2020 RYDEZILLA, ALL RIGHTS RESERVED',	'ar'),
(13,	7,	'KUWAIT - Sharq, Gulf Road, Ahmad Tower, 17th floor.',	'en'),
(14,	7,	'KUWAIT - Sharq, Gulf Road, Ahmad Tower, 17th floor.',	'ar'),
(15,	8,	'Our mailing address is:',	'en'),
(16,	8,	'Our mailing address is:',	'ar'),
(17,	9,	'Hey',	'en'),
(18,	9,	'Hey',	'ar'),
(19,	10,	'Rydezilla Team',	'en'),
(20,	10,	'Rydezilla Team',	'ar'),
(21,	11,	'Mad love and nitro…',	'en'),
(22,	11,	'Mad love and nitro…',	'ar'),
(23,	12,	'Welcome to Rydzilla',	'en'),
(24,	12,	'Welcome to Rydzilla',	'ar'),
(25,	13,	'Ryde along and prosper…',	'en'),
(26,	13,	'Ryde along and prosper…',	'ar'),
(27,	14,	'You are now a part of the RydeZilla family that connects global ryders across the world.  Whether you’re traveling to a new city or looking for a ryde to floss on the weekend, we got your back. Strap in and we’ll do our best to offer the cheapest prices to rent that ryde you always wanted.',	'en'),
(28,	14,	'You are now a part of the RydeZilla family that connects global ryders across the world.  Whether you’re traveling to a new city or looking for a ryde to floss on the weekend, we got your back. Strap in and we’ll do our best to offer the cheapest prices to rent that ryde you always wanted.',	'ar'),
(29,	15,	'Verification Email',	'en'),
(30,	15,	'Verification Email',	'ar'),
(31,	16,	'Account verify RydeZilla',	'en'),
(32,	16,	'Account verify RydeZilla',	'ar'),
(33,	17,	'Welcome to Rydzilla',	'en'),
(34,	17,	'Welcome to Rydzilla',	'ar'),
(35,	18,	'Welcome to Rydzilla',	'en'),
(36,	18,	'Welcome to Rydzilla',	'ar'),
(37,	19,	'Welcome to Rydzilla',	'en'),
(38,	19,	'Welcome to Rydzilla',	'ar'),
(39,	20,	'Ryde along and prosper…',	'en'),
(40,	20,	'Ryde along and prosper…',	'ar'),
(41,	21,	'Before we get you on the road, though, how about, we activate your RydeZilla Dealer account.',	'en'),
(42,	21,	'Before we get you on the road, though, how about, we activate your RydeZilla Dealer account.',	'ar'),
(43,	22,	'We are very ecstatic that you have chosen to take the driver seat and become a partner with RydeZilla. So, sit back, relax, and enjoy the horizon beyond the windshield.',	'en'),
(44,	22,	'We are very ecstatic that you have chosen to take the driver seat and become a partner with RydeZilla. So, sit back, relax, and enjoy the horizon beyond the windshield.',	'ar');

DROP TABLE IF EXISTS `engines`;
CREATE TABLE `engines` (
  `id` bigint(20) unsigned NOT NULL AUTO_INCREMENT,
  `vehicle_type_id` bigint(20) unsigned NOT NULL,
  `engine_order` bigint(20) unsigned NOT NULL,
  `created_at` timestamp NULL DEFAULT NULL,
  `updated_at` timestamp NULL DEFAULT NULL,
  `deleted_at` timestamp NULL DEFAULT NULL,
  PRIMARY KEY (`id`),
  KEY `engines_vehicle_type_id_foreign` (`vehicle_type_id`),
  CONSTRAINT `engines_vehicle_type_id_foreign` FOREIGN KEY (`vehicle_type_id`) REFERENCES `vehicle_types` (`id`) ON DELETE CASCADE
) ENGINE=InnoDB DEFAULT CHARSET=utf8mb4 COLLATE=utf8mb4_unicode_ci;

INSERT INTO `engines` (`id`, `vehicle_type_id`, `engine_order`, `created_at`, `updated_at`, `deleted_at`) VALUES
(1,	1,	2,	'2020-08-04 06:33:22',	'2020-08-04 06:33:22',	NULL),
(2,	1,	3,	'2020-08-04 06:33:22',	'2020-08-04 06:33:22',	NULL),
(3,	1,	4,	'2020-08-04 06:33:22',	'2020-08-04 06:33:22',	NULL),
(4,	1,	5,	'2020-08-04 06:33:22',	'2020-08-04 06:33:22',	NULL),
(5,	1,	6,	'2020-08-04 06:33:22',	'2020-08-04 06:33:22',	NULL),
(6,	1,	7,	'2020-08-04 06:33:22',	'2020-08-04 06:33:22',	NULL),
(7,	1,	8,	'2020-08-04 06:33:22',	'2020-08-04 06:33:22',	NULL),
(8,	1,	9,	'2020-08-04 06:33:22',	'2020-08-04 06:33:22',	NULL);

DROP TABLE IF EXISTS `engine_translations`;
CREATE TABLE `engine_translations` (
  `id` bigint(20) unsigned NOT NULL AUTO_INCREMENT,
  `engine_id` bigint(20) unsigned NOT NULL,
  `name` varchar(191) COLLATE utf8mb4_unicode_ci NOT NULL,
  `locale` varchar(5) COLLATE utf8mb4_unicode_ci NOT NULL,
  `created_at` timestamp NULL DEFAULT NULL,
  `updated_at` timestamp NULL DEFAULT NULL,
  PRIMARY KEY (`id`),
  UNIQUE KEY `engine_translations_engine_id_locale_unique` (`engine_id`,`locale`),
  KEY `engine_translations_locale_index` (`locale`),
  CONSTRAINT `engine_translations_engine_id_foreign` FOREIGN KEY (`engine_id`) REFERENCES `engines` (`id`) ON DELETE CASCADE
) ENGINE=InnoDB DEFAULT CHARSET=utf8mb4 COLLATE=utf8mb4_unicode_ci;

INSERT INTO `engine_translations` (`id`, `engine_id`, `name`, `locale`, `created_at`, `updated_at`) VALUES
(1,	1,	'4 Cylinder',	'en',	'2020-08-04 06:33:22',	'2020-08-04 06:33:22'),
(2,	1,	'٤ سيليندر',	'ar',	'2020-08-04 06:33:22',	'2020-08-27 10:53:00'),
(3,	2,	'5 Cylinder',	'en',	'2020-08-04 06:33:22',	'2020-08-04 06:33:22'),
(4,	2,	'٥ سيليندر',	'ar',	'2020-08-04 06:33:22',	'2020-08-27 10:53:28'),
(5,	3,	'6 Cylinder',	'en',	'2020-08-04 06:33:22',	'2020-08-04 06:33:22'),
(6,	3,	'٦ سيليندر',	'ar',	'2020-08-04 06:33:22',	'2020-08-27 10:53:33'),
(7,	4,	'7 Cylinder',	'en',	'2020-08-04 06:33:22',	'2020-08-04 06:33:22'),
(8,	4,	'٧ سيليندر',	'ar',	'2020-08-04 06:33:22',	'2020-08-27 10:53:40'),
(9,	5,	'8 Cylinder',	'en',	'2020-08-04 06:33:22',	'2020-08-04 06:33:22'),
(10,	5,	'٨ سيليندر',	'ar',	'2020-08-04 06:33:22',	'2020-08-27 10:53:49'),
(11,	6,	'10 Cylinder',	'en',	'2020-08-04 06:33:22',	'2020-08-04 06:33:22'),
(12,	6,	'١٠ سيليندر',	'ar',	'2020-08-04 06:33:22',	'2020-08-27 10:54:06'),
(13,	7,	'12 Cylinder',	'en',	'2020-08-04 06:33:22',	'2020-08-04 06:33:22'),
(14,	7,	'١٢ سيليندر',	'ar',	'2020-08-04 06:33:22',	'2020-08-27 10:53:57'),
(15,	8,	'Rotary Engine',	'en',	'2020-08-04 06:33:22',	'2020-08-04 06:33:22'),
(16,	8,	'محرك دوار',	'ar',	'2020-08-04 06:33:22',	'2020-08-27 10:54:40');

DROP TABLE IF EXISTS `extras`;
CREATE TABLE `extras` (
  `id` bigint(20) unsigned NOT NULL AUTO_INCREMENT,
  `extra_order` bigint(20) unsigned NOT NULL,
  `created_at` timestamp NULL DEFAULT NULL,
  `updated_at` timestamp NULL DEFAULT NULL,
  `deleted_at` timestamp NULL DEFAULT NULL,
  PRIMARY KEY (`id`)
) ENGINE=InnoDB DEFAULT CHARSET=utf8mb4 COLLATE=utf8mb4_unicode_ci;


DROP TABLE IF EXISTS `extra_translations`;
CREATE TABLE `extra_translations` (
  `id` bigint(20) unsigned NOT NULL AUTO_INCREMENT,
  `extra_id` bigint(20) unsigned NOT NULL,
  `name` varchar(191) COLLATE utf8mb4_unicode_ci NOT NULL,
  `locale` varchar(5) COLLATE utf8mb4_unicode_ci NOT NULL,
  `created_at` timestamp NULL DEFAULT NULL,
  `updated_at` timestamp NULL DEFAULT NULL,
  PRIMARY KEY (`id`),
  UNIQUE KEY `extra_translations_extra_id_locale_unique` (`extra_id`,`locale`),
  KEY `extra_translations_locale_index` (`locale`),
  CONSTRAINT `extra_translations_extra_id_foreign` FOREIGN KEY (`extra_id`) REFERENCES `extras` (`id`) ON DELETE CASCADE
) ENGINE=InnoDB DEFAULT CHARSET=utf8mb4 COLLATE=utf8mb4_unicode_ci;


DROP TABLE IF EXISTS `features`;
CREATE TABLE `features` (
  `id` bigint(20) unsigned NOT NULL AUTO_INCREMENT,
  `vehicle_type_id` bigint(20) unsigned NOT NULL,
  `image` varchar(191) COLLATE utf8mb4_unicode_ci NOT NULL,
  `feature_order` bigint(20) unsigned NOT NULL,
  `created_at` timestamp NULL DEFAULT NULL,
  `updated_at` timestamp NULL DEFAULT NULL,
  `deleted_at` timestamp NULL DEFAULT NULL,
  PRIMARY KEY (`id`),
  KEY `features_vehicle_type_id_foreign` (`vehicle_type_id`),
  CONSTRAINT `features_vehicle_type_id_foreign` FOREIGN KEY (`vehicle_type_id`) REFERENCES `vehicle_types` (`id`) ON DELETE CASCADE
) ENGINE=InnoDB DEFAULT CHARSET=utf8mb4 COLLATE=utf8mb4_unicode_ci;

INSERT INTO `features` (`id`, `vehicle_type_id`, `image`, `feature_order`, `created_at`, `updated_at`, `deleted_at`) VALUES
(1,	1,	'uploads/default/feature/1.png',	2,	'2020-08-04 07:16:44',	'2020-08-04 07:16:44',	NULL),
(2,	1,	'uploads/default/feature/2.png',	3,	'2020-08-04 07:16:45',	'2020-08-04 07:16:45',	NULL),
(3,	1,	'uploads/default/feature/3.png',	4,	'2020-08-04 07:16:45',	'2020-08-04 07:16:45',	NULL),
(4,	1,	'uploads/default/feature/4.png',	5,	'2020-08-04 07:16:45',	'2020-08-04 07:16:45',	NULL);

DROP TABLE IF EXISTS `feature_translations`;
CREATE TABLE `feature_translations` (
  `id` bigint(20) unsigned NOT NULL AUTO_INCREMENT,
  `feature_id` bigint(20) unsigned NOT NULL,
  `name` varchar(191) COLLATE utf8mb4_unicode_ci NOT NULL,
  `locale` varchar(5) COLLATE utf8mb4_unicode_ci NOT NULL,
  `created_at` timestamp NULL DEFAULT NULL,
  `updated_at` timestamp NULL DEFAULT NULL,
  PRIMARY KEY (`id`),
  UNIQUE KEY `feature_translations_feature_id_locale_unique` (`feature_id`,`locale`),
  KEY `feature_translations_locale_index` (`locale`),
  CONSTRAINT `feature_translations_feature_id_foreign` FOREIGN KEY (`feature_id`) REFERENCES `features` (`id`) ON DELETE CASCADE
) ENGINE=InnoDB DEFAULT CHARSET=utf8mb4 COLLATE=utf8mb4_unicode_ci;

INSERT INTO `feature_translations` (`id`, `feature_id`, `name`, `locale`, `created_at`, `updated_at`) VALUES
(1,	1,	'Full Insurance',	'en',	'2020-08-04 07:16:44',	'2020-08-04 07:16:44'),
(2,	1,	'تأمين شامل',	'ar',	'2020-08-04 07:16:44',	'2020-08-27 08:50:57'),
(3,	2,	'Airport Service',	'en',	'2020-08-04 07:16:45',	'2020-08-04 07:16:45'),
(4,	2,	'خدمة المطار',	'ar',	'2020-08-04 07:16:45',	'2020-08-27 10:40:29'),
(5,	3,	'Unlimited Mileage',	'en',	'2020-08-04 07:16:45',	'2020-08-04 07:16:45'),
(6,	3,	'كيلومترات مفتوحة',	'ar',	'2020-08-04 07:16:45',	'2020-08-27 10:41:20'),
(7,	4,	'Full Fuel',	'en',	'2020-08-04 07:16:45',	'2020-08-04 07:16:45'),
(8,	4,	'معبئة وقود بالكامل',	'ar',	'2020-08-04 07:16:45',	'2020-08-27 10:43:52');

DROP TABLE IF EXISTS `fuels`;
CREATE TABLE `fuels` (
  `id` bigint(20) unsigned NOT NULL AUTO_INCREMENT,
  `fuel_order` bigint(20) unsigned NOT NULL,
  `created_at` timestamp NULL DEFAULT NULL,
  `updated_at` timestamp NULL DEFAULT NULL,
  `deleted_at` timestamp NULL DEFAULT NULL,
  PRIMARY KEY (`id`)
) ENGINE=InnoDB DEFAULT CHARSET=utf8mb4 COLLATE=utf8mb4_unicode_ci;

INSERT INTO `fuels` (`id`, `fuel_order`, `created_at`, `updated_at`, `deleted_at`) VALUES
(1,	2,	'2020-08-04 06:33:22',	'2020-08-04 06:33:22',	NULL),
(2,	3,	'2020-08-04 06:33:22',	'2020-08-04 06:33:22',	NULL),
(3,	4,	'2020-08-04 06:33:22',	'2020-08-04 06:33:22',	NULL),
(4,	5,	'2020-08-04 06:33:22',	'2020-08-04 06:33:22',	NULL),
(5,	6,	'2020-08-04 06:33:22',	'2020-08-04 06:33:22',	NULL),
(6,	7,	'2020-08-04 06:33:22',	'2020-08-04 06:33:22',	NULL),
(7,	8,	'2020-08-04 06:33:22',	'2020-08-04 06:33:22',	NULL),
(8,	8,	'2020-10-15 09:25:01',	'2020-10-15 09:25:06',	'2020-10-15 09:25:06'),
(9,	8,	'2020-10-15 09:25:56',	'2020-10-15 09:26:02',	'2020-10-15 09:26:02');

DROP TABLE IF EXISTS `fuel_translations`;
CREATE TABLE `fuel_translations` (
  `id` bigint(20) unsigned NOT NULL AUTO_INCREMENT,
  `fuel_id` bigint(20) unsigned NOT NULL,
  `name` varchar(191) COLLATE utf8mb4_unicode_ci NOT NULL,
  `locale` varchar(5) COLLATE utf8mb4_unicode_ci NOT NULL,
  `created_at` timestamp NULL DEFAULT NULL,
  `updated_at` timestamp NULL DEFAULT NULL,
  PRIMARY KEY (`id`),
  UNIQUE KEY `fuel_translations_fuel_id_locale_unique` (`fuel_id`,`locale`),
  KEY `fuel_translations_locale_index` (`locale`),
  CONSTRAINT `fuel_translations_fuel_id_foreign` FOREIGN KEY (`fuel_id`) REFERENCES `fuels` (`id`) ON DELETE CASCADE
) ENGINE=InnoDB DEFAULT CHARSET=utf8mb4 COLLATE=utf8mb4_unicode_ci;

INSERT INTO `fuel_translations` (`id`, `fuel_id`, `name`, `locale`, `created_at`, `updated_at`) VALUES
(1,	1,	'Gasoline, Electric',	'en',	'2020-08-04 06:33:22',	'2020-08-04 06:33:22'),
(2,	1,	'بنزين ، كهربائي',	'ar',	'2020-08-04 06:33:22',	'2020-08-04 06:33:22'),
(3,	2,	'Gasoline, Gas',	'en',	'2020-08-04 06:33:22',	'2020-08-04 06:33:22'),
(4,	2,	'بنزين وغاز',	'ar',	'2020-08-04 06:33:22',	'2020-08-04 06:33:22'),
(5,	3,	'Diesel',	'en',	'2020-08-04 06:33:22',	'2020-08-04 06:33:22'),
(6,	3,	'ديزل',	'ar',	'2020-08-04 06:33:22',	'2020-08-04 06:33:22'),
(7,	4,	'Diesel, Hybrid',	'en',	'2020-08-04 06:33:22',	'2020-08-04 06:33:22'),
(8,	4,	'ديزل ، هجين',	'ar',	'2020-08-04 06:33:22',	'2020-08-04 06:33:22'),
(9,	5,	'Electric',	'en',	'2020-08-04 06:33:22',	'2020-08-04 06:33:22'),
(10,	5,	'كهربائي',	'ar',	'2020-08-04 06:33:22',	'2020-08-04 06:33:22'),
(11,	6,	'Gas',	'en',	'2020-08-04 06:33:22',	'2020-08-04 06:33:22'),
(12,	6,	'غاز',	'ar',	'2020-08-04 06:33:22',	'2020-08-04 06:33:22'),
(13,	7,	'Hybrid',	'en',	'2020-08-04 06:33:22',	'2020-08-04 06:33:22'),
(14,	7,	'هجين',	'ar',	'2020-08-04 06:33:22',	'2020-08-04 06:33:22'),
(15,	8,	'eee',	'en',	'2020-10-15 09:25:01',	'2020-10-15 09:25:01'),
(16,	8,	'eee',	'ar',	'2020-10-15 09:25:01',	'2020-10-15 09:25:01'),
(17,	9,	'Branch Name',	'en',	'2020-10-15 09:25:56',	'2020-10-15 09:25:56'),
(18,	9,	'اسم الفرع',	'ar',	'2020-10-15 09:25:56',	'2020-10-15 09:25:56');

DROP TABLE IF EXISTS `gearboxes`;
CREATE TABLE `gearboxes` (
  `id` bigint(20) unsigned NOT NULL AUTO_INCREMENT,
  `gearbox_order` bigint(20) unsigned NOT NULL,
  `created_at` timestamp NULL DEFAULT NULL,
  `updated_at` timestamp NULL DEFAULT NULL,
  `deleted_at` timestamp NULL DEFAULT NULL,
  PRIMARY KEY (`id`)
) ENGINE=InnoDB DEFAULT CHARSET=utf8mb4 COLLATE=utf8mb4_unicode_ci;

INSERT INTO `gearboxes` (`id`, `gearbox_order`, `created_at`, `updated_at`, `deleted_at`) VALUES
(1,	2,	'2020-08-04 06:33:22',	'2020-08-04 06:33:22',	NULL),
(2,	3,	'2020-08-04 06:33:22',	'2020-08-04 06:33:22',	NULL),
(3,	4,	'2020-08-04 06:33:22',	'2020-08-04 06:33:22',	NULL);

DROP TABLE IF EXISTS `gearbox_translations`;
CREATE TABLE `gearbox_translations` (
  `id` bigint(20) unsigned NOT NULL AUTO_INCREMENT,
  `gearbox_id` bigint(20) unsigned NOT NULL,
  `name` varchar(191) COLLATE utf8mb4_unicode_ci NOT NULL,
  `locale` varchar(5) COLLATE utf8mb4_unicode_ci NOT NULL,
  `created_at` timestamp NULL DEFAULT NULL,
  `updated_at` timestamp NULL DEFAULT NULL,
  PRIMARY KEY (`id`),
  UNIQUE KEY `gearbox_translations_gearbox_id_locale_unique` (`gearbox_id`,`locale`),
  KEY `gearbox_translations_locale_index` (`locale`),
  CONSTRAINT `gearbox_translations_gearbox_id_foreign` FOREIGN KEY (`gearbox_id`) REFERENCES `gearboxes` (`id`) ON DELETE CASCADE
) ENGINE=InnoDB DEFAULT CHARSET=utf8mb4 COLLATE=utf8mb4_unicode_ci;

INSERT INTO `gearbox_translations` (`id`, `gearbox_id`, `name`, `locale`, `created_at`, `updated_at`) VALUES
(1,	1,	'Continuously variable transmission (CVT)',	'en',	'2020-08-04 06:33:22',	'2020-08-04 06:33:22'),
(2,	1,	'انتقال متغير باستمرار (CVT)',	'ar',	'2020-08-04 06:33:22',	'2020-08-04 06:33:22'),
(3,	2,	'Electronic',	'en',	'2020-08-04 06:33:22',	'2020-08-04 06:33:22'),
(4,	2,	'إلكتروني',	'ar',	'2020-08-04 06:33:22',	'2020-08-04 06:33:22'),
(5,	3,	'Manual',	'en',	'2020-08-04 06:33:22',	'2020-08-04 06:33:22'),
(6,	3,	'كتيب',	'ar',	'2020-08-04 06:33:22',	'2020-08-04 06:33:22');

DROP TABLE IF EXISTS `global_extras`;
CREATE TABLE `global_extras` (
  `id` bigint(20) unsigned NOT NULL AUTO_INCREMENT,
  `extra_order` bigint(20) unsigned NOT NULL,
  `created_at` timestamp NULL DEFAULT NULL,
  `updated_at` timestamp NULL DEFAULT NULL,
  `deleted_at` timestamp NULL DEFAULT NULL,
  PRIMARY KEY (`id`)
) ENGINE=InnoDB DEFAULT CHARSET=utf8mb4 COLLATE=utf8mb4_unicode_ci;

INSERT INTO `global_extras` (`id`, `extra_order`, `created_at`, `updated_at`, `deleted_at`) VALUES
(1,	1,	'2020-08-04 07:34:09',	'2020-08-04 07:34:09',	NULL),
(2,	2,	'2020-08-04 07:34:26',	'2020-08-04 07:34:26',	NULL),
(5,	3,	'2020-08-04 23:09:49',	'2020-08-04 23:09:49',	NULL);

DROP TABLE IF EXISTS `global_extra_translations`;
CREATE TABLE `global_extra_translations` (
  `id` bigint(20) unsigned NOT NULL AUTO_INCREMENT,
  `global_extra_id` bigint(20) unsigned NOT NULL,
  `name` varchar(191) COLLATE utf8mb4_unicode_ci NOT NULL,
  `description` varchar(255) COLLATE utf8mb4_unicode_ci DEFAULT NULL,
  `locale` varchar(5) COLLATE utf8mb4_unicode_ci NOT NULL,
  `created_at` timestamp NULL DEFAULT NULL,
  `updated_at` timestamp NULL DEFAULT NULL,
  PRIMARY KEY (`id`),
  UNIQUE KEY `global_extra_translations_global_extra_id_locale_unique` (`global_extra_id`,`locale`),
  KEY `global_extra_translations_locale_index` (`locale`),
  CONSTRAINT `global_extra_translations_global_extra_id_foreign` FOREIGN KEY (`global_extra_id`) REFERENCES `global_extras` (`id`) ON DELETE CASCADE
) ENGINE=InnoDB DEFAULT CHARSET=utf8mb4 COLLATE=utf8mb4_unicode_ci;

INSERT INTO `global_extra_translations` (`id`, `global_extra_id`, `name`, `description`, `locale`, `created_at`, `updated_at`) VALUES
(1,	1,	'Extra 1',	'Extra 1 Description',	'en',	'2020-08-04 07:34:09',	'2020-08-04 07:34:09'),
(2,	1,	'Extra 1',	'Extra 1 Description',	'ar',	'2020-08-04 07:34:09',	'2020-08-04 07:34:09'),
(3,	2,	'Extra 2',	'Extra 2 Description',	'en',	'2020-08-04 07:34:26',	'2020-08-04 07:34:26'),
(4,	2,	'Extra 2',	'Extra 2 Description',	'ar',	'2020-08-04 07:34:26',	'2020-08-04 07:34:26'),
(9,	5,	'Extra 3',	'Extra 3 Description',	'en',	'2020-08-04 23:09:49',	'2020-08-04 23:09:49'),
(10,	5,	'Extra 3',	'Extra 3 Description',	'ar',	'2020-08-04 23:09:49',	'2020-08-04 23:09:49');

DROP TABLE IF EXISTS `insurances`;
CREATE TABLE `insurances` (
  `id` bigint(20) unsigned NOT NULL AUTO_INCREMENT,
  `insurance_order` bigint(20) unsigned NOT NULL,
  `created_at` timestamp NULL DEFAULT NULL,
  `updated_at` timestamp NULL DEFAULT NULL,
  `deleted_at` timestamp NULL DEFAULT NULL,
  PRIMARY KEY (`id`)
) ENGINE=InnoDB DEFAULT CHARSET=utf8mb4 COLLATE=utf8mb4_unicode_ci;

INSERT INTO `insurances` (`id`, `insurance_order`, `created_at`, `updated_at`, `deleted_at`) VALUES
(1,	2,	'2020-08-04 07:16:15',	'2020-08-04 07:16:15',	NULL),
(2,	2,	'2020-08-21 14:32:56',	'2020-08-21 14:32:56',	NULL);

DROP TABLE IF EXISTS `insurance_translations`;
CREATE TABLE `insurance_translations` (
  `id` bigint(20) unsigned NOT NULL AUTO_INCREMENT,
  `insurance_id` bigint(20) unsigned NOT NULL,
  `name` varchar(191) COLLATE utf8mb4_unicode_ci NOT NULL,
  `locale` varchar(5) COLLATE utf8mb4_unicode_ci NOT NULL,
  `created_at` timestamp NULL DEFAULT NULL,
  `updated_at` timestamp NULL DEFAULT NULL,
  PRIMARY KEY (`id`),
  UNIQUE KEY `insurance_translations_insurance_id_locale_unique` (`insurance_id`,`locale`),
  KEY `insurance_translations_locale_index` (`locale`),
  CONSTRAINT `insurance_translations_insurance_id_foreign` FOREIGN KEY (`insurance_id`) REFERENCES `insurances` (`id`) ON DELETE CASCADE
) ENGINE=InnoDB DEFAULT CHARSET=utf8mb4 COLLATE=utf8mb4_unicode_ci;

INSERT INTO `insurance_translations` (`id`, `insurance_id`, `name`, `locale`, `created_at`, `updated_at`) VALUES
(1,	1,	'Third Party',	'en',	'2020-08-04 07:16:15',	'2020-08-04 07:16:15'),
(2,	1,	'طرف ثالث',	'ar',	'2020-08-04 07:16:15',	'2020-08-27 10:55:42'),
(3,	2,	'Compressive',	'en',	'2020-08-21 14:32:56',	'2020-08-21 14:32:56'),
(4,	2,	'شامل',	'ar',	'2020-08-21 14:32:57',	'2020-08-27 10:56:24');

DROP TABLE IF EXISTS `languages`;
CREATE TABLE `languages` (
  `id` bigint(20) unsigned NOT NULL AUTO_INCREMENT,
  `name` varchar(191) COLLATE utf8mb4_unicode_ci NOT NULL,
  `is_rtl` tinyint(4) NOT NULL,
  `language_code` varchar(5) COLLATE utf8mb4_unicode_ci NOT NULL,
  `status` enum('Active','InActive') COLLATE utf8mb4_unicode_ci NOT NULL,
  `created_at` timestamp NULL DEFAULT NULL,
  `updated_at` timestamp NULL DEFAULT NULL,
  PRIMARY KEY (`id`)
) ENGINE=InnoDB DEFAULT CHARSET=utf8mb4 COLLATE=utf8mb4_unicode_ci;

INSERT INTO `languages` (`id`, `name`, `is_rtl`, `language_code`, `status`, `created_at`, `updated_at`) VALUES
(1,	'English',	0,	'en',	'Active',	'2020-08-04 06:33:19',	'2020-08-04 06:33:19'),
(2,	'Arabic',	1,	'ar',	'Active',	'2020-08-04 06:33:19',	'2020-08-04 06:33:19');

DROP TABLE IF EXISTS `language_strings`;
CREATE TABLE `language_strings` (
  `id` bigint(20) unsigned NOT NULL AUTO_INCREMENT,
  `app_or_panel` tinyint(3) unsigned NOT NULL,
  `screen_name` varchar(191) COLLATE utf8mb4_unicode_ci NOT NULL,
  `name_key` varchar(191) COLLATE utf8mb4_unicode_ci NOT NULL,
  `created_at` timestamp NULL DEFAULT NULL,
  `updated_at` timestamp NULL DEFAULT NULL,
  PRIMARY KEY (`id`)
) ENGINE=InnoDB DEFAULT CHARSET=utf8mb4 COLLATE=utf8mb4_unicode_ci;

INSERT INTO `language_strings` (`id`, `app_or_panel`, `screen_name`, `name_key`, `created_at`, `updated_at`) VALUES
(1,	0,	'sidebar',	'dashboard',	'2020-08-04 06:33:19',	'2020-08-27 12:53:30'),
(2,	0,	'button',	'submit',	'2020-08-04 06:33:19',	'2020-08-22 13:40:14'),
(3,	0,	'button',	'cancel',	'2020-08-04 06:33:19',	'2020-08-22 13:40:36'),
(4,	0,	'sidebar',	'dealer',	'2020-08-04 06:33:19',	'2020-08-22 13:41:17'),
(5,	0,	'sidebar',	'add_dealer',	'2020-08-04 06:33:19',	'2020-08-22 13:42:25'),
(6,	0,	'sidebar',	'rydes_db',	'2020-08-04 06:33:19',	'2020-08-22 13:42:54'),
(7,	0,	'sidebar',	'rydes',	'2020-08-04 06:33:19',	'2020-08-22 13:43:18'),
(8,	0,	'sidebar',	'bodies',	'2020-08-04 06:33:19',	'2020-08-22 13:54:52'),
(9,	0,	'sidebar',	'brands',	'2020-08-04 06:33:19',	'2020-08-22 13:51:06'),
(10,	0,	'sidebar',	'models',	'2020-08-04 06:33:19',	'2020-08-22 13:50:57'),
(11,	0,	'sidebar',	'colors',	'2020-08-04 06:33:19',	'2020-08-22 18:43:28'),
(12,	0,	'sidebar',	'years',	'2020-08-04 06:33:19',	'2020-08-22 18:44:01'),
(13,	0,	'sidebar',	'doors',	'2020-08-04 06:33:19',	'2020-08-22 18:45:06'),
(14,	0,	'sidebar',	'engines',	'2020-08-04 06:33:19',	'2020-08-22 18:45:48'),
(15,	0,	'sidebar',	'gearboxes',	'2020-08-04 06:33:19',	'2020-08-22 18:46:58'),
(16,	0,	'sidebar',	'fuels',	'2020-08-04 06:33:19',	'2020-08-22 18:47:27'),
(17,	0,	'sidebar',	'insurances',	'2020-08-04 06:33:19',	'2020-08-22 18:47:52'),
(18,	0,	'sidebar',	'options',	'2020-08-04 06:33:19',	'2020-08-22 18:48:16'),
(19,	0,	'sidebar',	'extras',	'2020-08-04 06:33:19',	'2020-08-22 18:48:43'),
(20,	0,	'sidebar',	'features',	'2020-08-04 06:33:19',	'2020-08-22 18:49:08'),
(21,	0,	'sidebar',	'manage_payments',	'2020-08-04 06:33:19',	'2020-08-22 18:50:14'),
(22,	0,	'sidebar',	'ryde_zilla_commissions',	'2020-08-04 06:33:19',	'2020-08-22 18:52:05'),
(23,	0,	'sidebar',	'featured_category',	'2020-08-04 06:33:19',	'2020-08-22 18:52:32'),
(24,	0,	'sidebar',	'announcement',	'2020-08-04 06:33:19',	'2020-08-22 18:59:29'),
(25,	0,	'sidebar',	'manage_admins',	'2020-08-04 06:33:19',	'2020-08-22 18:59:55'),
(26,	0,	'sidebar',	'abilities',	'2020-08-04 06:33:19',	'2020-08-22 19:00:55'),
(27,	0,	'sidebar',	'add_ability',	'2020-08-04 06:33:19',	'2020-08-22 19:01:21'),
(28,	0,	'roles',	'roles',	'2020-08-04 06:33:19',	'2020-08-22 19:03:17'),
(29,	0,	'sidebar',	'add_role',	'2020-08-04 06:33:19',	'2020-08-22 19:03:28'),
(30,	0,	'sidebar',	'global_settings',	'2020-08-04 06:33:19',	'2020-08-22 19:03:48'),
(31,	0,	'sidebar',	'language_string',	'2020-08-04 06:33:19',	'2020-08-22 19:05:18'),
(32,	0,	'sidebar',	'setting',	'2020-08-04 06:33:19',	'2020-08-22 19:05:36'),
(33,	0,	'sidebar',	'country',	'2020-08-04 06:33:19',	'2020-08-22 19:05:58'),
(34,	0,	'sidebar',	'page',	'2020-08-04 06:33:19',	'2020-08-22 19:06:35'),
(35,	0,	'button',	'add_new',	'2020-08-04 06:33:19',	'2020-08-22 19:06:56'),
(36,	0,	'Table Column',	'id',	'2020-08-04 06:33:19',	'2020-08-22 19:07:22'),
(37,	0,	'Table Column',	'name',	'2020-08-04 06:33:19',	'2020-08-22 19:08:01'),
(38,	0,	'Table Column',	'email',	'2020-08-04 06:33:19',	'2020-08-22 19:08:23'),
(39,	0,	'Table Column',	'mobile_no',	'2020-08-04 06:33:19',	'2020-08-22 19:09:05'),
(40,	0,	'Table Column',	'actions',	'2020-08-04 06:33:19',	'2020-08-22 19:09:26'),
(41,	0,	'Button',	'edit',	'2020-08-04 06:33:19',	'2020-09-15 08:18:41'),
(42,	0,	'Button',	'delete',	'2020-08-04 06:33:19',	'2020-08-22 19:17:16'),
(43,	0,	'Button',	'view_details',	'2020-08-04 06:33:19',	'2020-08-22 19:17:41'),
(44,	0,	'Add Dealer',	'contact_details',	'2020-08-04 06:33:19',	'2020-08-22 19:18:19'),
(45,	0,	'Add Dealer',	'security_deposit',	'2020-08-04 06:33:19',	'2020-08-22 19:18:46'),
(46,	0,	'Add Dealer',	'bank_iban',	'2020-08-04 06:33:19',	'2020-08-22 19:19:52'),
(47,	0,	'Add Dealer',	'license_umber',	'2020-08-04 06:33:19',	'2020-08-22 19:20:13'),
(48,	0,	'Table Column',	'image',	'2020-08-04 06:33:19',	'2020-08-22 19:20:30'),
(49,	0,	'Table Column',	'brand',	'2020-08-04 06:33:19',	'2020-08-22 19:21:16'),
(50,	0,	'select_box',	'please_select_brand',	'2020-08-04 06:33:19',	'2020-08-22 19:21:38'),
(51,	0,	'Table Column',	'year',	'2020-08-04 06:33:19',	'2020-08-22 19:22:32'),
(52,	0,	'Table Column',	'model',	'2020-08-04 06:33:19',	'2020-08-22 19:23:23'),
(53,	0,	'Table Column',	'color',	'2020-08-04 06:33:19',	'2020-08-22 19:23:35'),
(54,	0,	'button',	'close',	'2020-08-04 06:33:19',	'2020-08-22 19:23:48'),
(55,	0,	'Table Column',	'body',	'2020-08-04 06:33:19',	'2020-08-22 19:24:03'),
(56,	0,	'Table Column',	'engine',	'2020-08-04 06:33:19',	'2020-08-22 19:24:13'),
(57,	0,	'Table Column',	'door',	'2020-08-04 06:33:19',	'2020-08-22 19:24:35'),
(58,	0,	'Table Column',	'gearbox',	'2020-08-04 06:33:19',	'2020-08-22 19:25:00'),
(59,	0,	'Table Column',	'fuel',	'2020-08-04 06:33:19',	'2020-08-22 19:25:17'),
(60,	0,	'Table Column',	'seat',	'2020-08-04 06:33:19',	'2020-08-22 19:25:34'),
(61,	0,	'Select Box',	'please_select_model',	'2020-08-04 06:33:19',	'2020-08-22 19:27:29'),
(62,	0,	'Select Box',	'please_select_year',	'2020-08-04 06:33:19',	'2020-08-22 19:27:47'),
(63,	0,	'Select Box',	'please_select_color',	'2020-08-04 06:33:19',	'2020-08-22 19:29:16'),
(64,	0,	'Select Box',	'please_select_body',	'2020-08-04 06:33:19',	'2020-08-22 19:30:00'),
(65,	0,	'Select Box',	'please_select_engine',	'2020-08-04 06:33:19',	'2020-08-22 19:30:16'),
(66,	0,	'Select Box',	'please_select_door',	'2020-08-04 06:33:19',	'2020-08-22 19:30:39'),
(67,	0,	'Select Box',	'please_select_gearbox',	'2020-08-04 06:33:19',	'2020-08-22 19:31:14'),
(68,	0,	'Select Box',	'please_select_fuel',	'2020-08-04 06:33:19',	'2020-08-22 19:31:35'),
(69,	0,	'Ryde',	'add_ryde',	'2020-08-04 06:33:19',	'2020-08-22 19:41:51'),
(70,	0,	'Ryde',	'edit_ryde',	'2020-08-04 06:33:19',	'2020-08-22 19:42:13'),
(71,	0,	'Ryde',	'ryde_details',	'2020-08-04 06:33:19',	'2020-08-23 14:09:53'),
(72,	0,	'Body',	'add_body',	'2020-08-04 06:33:19',	'2020-08-23 14:10:38'),
(73,	0,	'Body',	'edit_body',	'2020-08-04 06:33:19',	'2020-08-23 14:07:50'),
(74,	0,	'Brand',	'add_brand',	'2020-08-04 06:33:19',	'2020-08-23 14:11:20'),
(75,	0,	'Brand',	'edit_brand',	'2020-08-04 06:33:19',	'2020-08-23 14:11:59'),
(76,	0,	'Model',	'add_model',	'2020-08-04 06:33:19',	'2020-08-23 14:12:29'),
(77,	0,	'Model',	'edit_model',	'2020-08-04 06:33:19',	'2020-08-23 14:18:46'),
(78,	0,	'Color',	'add_color',	'2020-08-04 06:33:19',	'2020-08-23 14:19:16'),
(79,	0,	'Color',	'edit_color',	'2020-08-04 06:33:19',	'2020-08-23 14:19:39'),
(80,	0,	'Year',	'add_year',	'2020-08-04 06:33:19',	'2020-08-23 14:20:02'),
(81,	0,	'Year',	'edit_year',	'2020-08-04 06:33:19',	'2020-08-23 14:21:04'),
(82,	0,	'Door',	'add_door',	'2020-08-04 06:33:19',	'2020-08-23 14:21:17'),
(83,	0,	'Door',	'edit_door',	'2020-08-04 06:33:19',	'2020-08-23 14:21:28'),
(84,	0,	'Engine',	'add_engine',	'2020-08-04 06:33:19',	'2020-08-23 14:21:40'),
(85,	0,	'Engine',	'edit_engine',	'2020-08-04 06:33:19',	'2020-08-23 14:21:54'),
(86,	0,	'Gearbox',	'add_gearbox',	'2020-08-04 06:33:19',	'2020-08-23 14:22:06'),
(87,	0,	'Gearbox',	'edit_gearbox',	'2020-08-04 06:33:19',	'2020-08-23 14:22:18'),
(88,	0,	'Insurances',	'add_insurance',	'2020-08-04 06:33:19',	'2020-08-23 14:22:49'),
(89,	0,	'Insurances',	'edit_insurance',	'2020-08-04 06:33:19',	'2020-08-23 14:23:02'),
(90,	0,	'Option',	'add_option',	'2020-08-04 06:33:19',	'2020-08-23 14:23:22'),
(91,	0,	'Option',	'edit_option',	'2020-08-04 06:33:19',	'2020-08-23 14:24:11'),
(92,	0,	'Extra',	'add_extra',	'2020-08-04 06:33:19',	'2020-08-23 14:30:00'),
(93,	0,	'Extra',	'edit_extra',	'2020-08-04 06:33:19',	'2020-08-23 14:29:37'),
(94,	0,	'Features',	'add_feature',	'2020-08-04 06:33:19',	'2020-08-23 14:30:26'),
(95,	0,	'Features',	'edit_feature',	'2020-08-04 06:33:19',	'2020-08-23 14:30:50'),
(96,	0,	'Featured Category',	'add_featured_category',	'2020-08-04 06:33:19',	'2020-08-23 14:31:12'),
(97,	0,	'Featured Category',	'edit_featured_category',	'2020-08-04 06:33:19',	'2020-08-23 14:31:53'),
(98,	0,	'Table Column',	'country_column',	'2020-08-04 06:33:19',	'2020-08-23 14:32:08'),
(99,	0,	'Table Column',	'message',	'2020-08-04 06:33:19',	'2020-08-23 14:32:25'),
(100,	0,	'Select Box',	'please_select_country',	'2020-08-04 06:33:19',	'2020-08-23 14:32:52'),
(101,	0,	'Announcement',	'add_announcement',	'2020-08-04 06:33:19',	'2020-08-23 14:34:12'),
(102,	0,	'Announcement',	'edit_announcement',	'2020-08-04 06:33:19',	'2020-08-23 14:34:42'),
(103,	0,	'Role',	'edit_role',	'2020-08-04 06:33:19',	'2020-08-23 14:35:18'),
(104,	0,	'Table Column',	'code',	'2020-08-04 06:33:19',	'2020-08-23 14:35:26'),
(105,	0,	'Table Column',	'country_code',	'2020-08-04 06:33:19',	'2020-08-23 14:35:39'),
(106,	0,	'Country',	'add_country',	'2020-08-04 06:33:19',	'2020-08-23 14:35:51'),
(107,	0,	'Country',	'edit_country',	'2020-08-04 06:33:19',	'2020-08-23 14:36:04'),
(108,	0,	'Country',	'phone_code',	'2020-08-04 06:33:19',	'2020-08-23 14:36:13'),
(109,	0,	'Table Column',	'description',	'2020-08-04 06:33:19',	'2020-08-23 14:36:19'),
(110,	0,	'Language String',	'add_language_string',	'2020-08-04 06:33:19',	'2020-08-23 14:36:35'),
(111,	0,	'Language String',	'edit_language_string',	'2020-08-04 06:33:19',	'2020-08-23 14:38:45'),
(112,	0,	'Table Column',	'for',	'2020-08-04 06:33:19',	'2020-08-23 14:43:30'),
(113,	0,	'Table Column',	'app_or_panel',	'2020-08-04 06:33:19',	'2020-08-23 14:43:48'),
(114,	0,	'Table Column',	'screen_name',	'2020-08-04 06:33:19',	'2020-08-23 14:44:21'),
(115,	0,	'Table Column',	'key',	'2020-08-04 06:33:19',	'2020-08-23 14:44:32'),
(116,	0,	'Table Column',	'value',	'2020-08-04 06:33:19',	'2020-08-23 14:44:52'),
(117,	0,	'button',	'driver_requirement',	'2020-08-04 06:33:19',	'2020-08-23 14:45:07'),
(118,	0,	'Table Column',	'requirement',	'2020-08-04 06:33:19',	'2020-08-23 14:45:27'),
(119,	0,	'Driver Requirement',	'add_driver_requirement',	'2020-08-04 06:33:19',	'2020-08-23 14:45:57'),
(120,	0,	'Driver Requirement',	'edit_driver_requirement',	'2020-08-04 06:33:19',	'2020-08-23 14:46:56'),
(121,	1,	'login',	'error',	'2020-08-04 06:33:19',	'2020-08-23 14:47:46'),
(122,	1,	'Forgot Password',	'please_check_your_mail',	'2020-08-04 06:33:19',	'2020-08-04 06:33:19'),
(123,	1,	'change Password',	'invalid_old_password',	'2020-08-04 06:33:19',	'2020-08-23 14:48:08'),
(124,	1,	'Checkout',	'ryde_bookd',	'2020-08-04 06:33:19',	'2020-08-23 14:48:58'),
(125,	1,	'Reset Password',	'this_link_is_expire',	'2020-08-04 06:33:19',	'2020-08-23 14:49:17'),
(126,	1,	'Reset Password',	'user_not_found',	'2020-08-04 06:33:19',	'2020-08-23 14:49:32'),
(127,	1,	'Reset Password',	'password_reset_successfully',	'2020-08-04 06:33:19',	'2020-08-23 14:50:28'),
(128,	1,	'login',	'invalid_credentials',	'2020-08-04 06:33:19',	'2020-08-23 14:51:17'),
(129,	1,	'Extend Contract',	'ryde_not_available',	'2020-08-04 06:33:19',	'2020-08-23 14:51:48'),
(130,	1,	'My Ride',	'my_ryde_not_available',	'2020-08-04 06:33:20',	'2020-08-23 14:52:00'),
(131,	1,	'Ryde Details',	'my_ryde_details_not_available',	'2020-08-04 06:33:20',	'2020-08-23 14:54:35'),
(132,	0,	'Sidebar',	'branches',	'2020-08-04 06:33:20',	'2020-08-23 14:54:58'),
(133,	0,	'sidebar',	'add_branch',	'2020-08-04 06:33:20',	'2020-08-23 14:55:13'),
(134,	0,	'Add Dealer',	'trade_license_doc',	'2020-08-04 06:33:20',	'2020-08-23 14:55:40'),
(135,	0,	'Add Dealer',	'login_details',	'2020-08-04 06:33:20',	'2020-08-23 14:56:20'),
(136,	0,	'Add Dealer',	'same_as_contact_details',	'2020-08-04 06:33:20',	'2020-08-23 14:57:36'),
(137,	0,	'Add Dealer',	'login_user_name',	'2020-08-04 06:33:20',	'2020-08-23 14:58:13'),
(138,	0,	'Add Dealer',	'login_user_contact_no',	'2020-08-04 06:33:20',	'2020-08-23 14:59:43'),
(139,	0,	'Add Dealer',	'contact_no',	'2020-08-04 06:33:20',	'2020-08-23 15:00:14'),
(140,	0,	'Add Dealer',	'login_user_email',	'2020-08-04 06:33:20',	'2020-08-23 15:01:00'),
(141,	0,	'Add Dealer',	'password',	'2020-08-04 06:33:20',	'2020-08-23 15:01:35'),
(142,	0,	'Add Dealer',	'business_details',	'2020-08-04 06:33:20',	'2020-08-23 15:06:27'),
(143,	0,	'Add Dealer',	'business_name',	'2020-08-04 06:33:20',	'2020-08-23 15:06:41'),
(144,	0,	'Add Dealer',	'business_number',	'2020-08-04 06:33:20',	'2020-08-23 15:06:53'),
(145,	0,	'Edit Dealer',	'edit_dealer',	'2020-08-04 06:33:20',	'2020-08-23 15:02:59'),
(146,	0,	'Dealer Detail',	'detail',	'2020-08-04 06:33:20',	'2020-08-23 15:03:18'),
(147,	0,	'Dealer Detail',	'add_new_ranch',	'2020-08-04 06:33:20',	'2020-08-23 15:03:38'),
(148,	0,	'Dealer Detail',	'business_bank_license_details',	'2020-08-04 06:33:20',	'2020-08-23 15:04:42'),
(149,	0,	'Dealer Detail',	'phone_no',	'2020-08-04 06:33:20',	'2020-08-23 15:05:00'),
(150,	0,	'Dealer Detail',	'company_name',	'2020-08-04 06:33:20',	'2020-08-23 15:05:19'),
(151,	0,	'Dealer Detail',	'address',	'2020-08-04 06:33:20',	'2020-08-04 06:33:20'),
(152,	0,	'Dealer Detail',	'service_distance',	'2020-08-04 06:33:20',	'2020-08-23 15:17:28'),
(153,	0,	'Table Column',	'status',	'2020-08-04 06:33:20',	'2020-08-23 15:18:00'),
(154,	0,	'Dealer Detail',	'view_image',	'2020-08-04 06:33:20',	'2020-08-04 06:33:20'),
(155,	0,	'Dealer Detail',	'branch_contact_details',	'2020-08-04 06:33:20',	'2020-08-23 15:18:30'),
(156,	0,	'Branch Detail',	'working_hour',	'2020-08-04 06:33:20',	'2020-08-23 15:18:50'),
(157,	0,	'Dealer Detail',	'day',	'2020-08-04 06:33:20',	'2020-08-23 15:19:01'),
(158,	0,	'Dealer Detail',	'shift_1_start_time',	'2020-08-04 06:33:20',	'2020-08-23 15:21:13'),
(159,	0,	'Dealer Detail',	'shift_1_end_time',	'2020-08-04 06:33:20',	'2020-08-23 15:21:35'),
(160,	0,	'Dealer Detail',	'shift_2_start_time',	'2020-08-04 06:33:20',	'2020-08-23 15:22:10'),
(161,	0,	'Dealer Detail',	'shift_2_end_time',	'2020-08-04 06:33:20',	'2020-08-23 15:22:40'),
(162,	0,	'Ryde',	'ryde_extra',	'2020-08-04 06:33:20',	'2020-08-23 15:24:22'),
(163,	0,	'Ryde',	'ryde_feature',	'2020-08-04 06:33:20',	'2020-08-23 15:24:47'),
(164,	0,	'Ryde',	'hourly_amount',	'2020-08-04 06:33:20',	'2020-08-23 15:25:47'),
(165,	0,	'Ryde',	'daily_amount',	'2020-08-04 06:33:20',	'2020-08-23 15:26:05'),
(166,	0,	'Ryde',	'weekly_amount',	'2020-08-04 06:33:20',	'2020-08-23 15:26:22'),
(167,	0,	'Ryde',	'monthly_amount',	'2020-08-04 06:33:20',	'2020-08-23 15:26:36'),
(168,	0,	'Ryde',	'price',	'2020-08-04 06:33:20',	'2020-08-23 15:26:46'),
(169,	0,	'Commissions',	'booking_id',	'2020-08-04 06:33:20',	'2020-08-23 15:28:01'),
(170,	0,	'Commissions',	'amount',	'2020-08-04 06:33:20',	'2020-08-23 15:29:02'),
(171,	0,	'Commissions',	'type',	'2020-08-04 06:33:20',	'2020-08-23 15:30:15'),
(172,	0,	'Commissions',	'timeago',	'2020-08-04 06:33:20',	'2020-08-23 15:30:34'),
(173,	0,	'Commissions',	'company',	'2020-08-04 06:33:20',	'2020-08-23 15:30:56'),
(174,	0,	'Commissions',	'commissions',	'2020-08-04 06:33:20',	'2020-08-23 15:31:02'),
(175,	0,	'button',	'in_transfer',	'2020-08-04 06:33:20',	'2020-08-23 15:31:12'),
(176,	0,	'button',	'transferred',	'2020-08-04 06:33:20',	'2020-08-23 15:31:31'),
(177,	0,	'Add Branch',	'same_as_login_detail',	'2020-08-04 06:33:20',	'2020-08-23 15:32:06'),
(178,	0,	'Add Branch',	'branch_contact_name',	'2020-08-04 06:33:20',	'2020-08-23 15:32:43'),
(179,	0,	'Add Branch',	'branch_contact_number',	'2020-08-04 06:33:20',	'2020-08-23 15:33:10'),
(180,	0,	'Add Branch',	'shift_2',	'2020-08-04 06:33:20',	'2020-08-23 15:34:22'),
(181,	0,	'Branch',	'edit_branch',	'2020-08-04 06:33:20',	'2020-08-23 15:34:33'),
(182,	0,	'Select Box',	'please_select_insurance',	'2020-08-04 06:33:20',	'2020-08-23 15:34:53'),
(183,	0,	'Add Ryde',	'per_day',	'2020-08-04 06:33:20',	'2020-08-23 15:35:07'),
(184,	0,	'Ryde',	'ryde_does_not_found',	'2020-08-04 06:33:20',	'2020-08-23 15:35:41'),
(185,	0,	'Ryde',	'ryde_not_availability',	'2020-08-04 06:33:20',	'2020-08-23 15:35:57'),
(186,	0,	'Date',	'start_date',	'2020-08-04 06:33:20',	'2020-08-23 15:36:11'),
(187,	0,	'Date',	'end_date',	'2020-08-04 06:33:20',	'2020-08-23 15:36:21'),
(188,	0,	'Button',	'active',	'2020-08-04 06:33:20',	'2020-08-23 15:36:46'),
(189,	0,	'Button',	'in_active',	'2020-08-04 06:33:20',	'2020-08-23 15:36:53'),
(190,	0,	'date',	'date',	'2020-08-04 06:33:20',	'2020-08-23 15:37:01'),
(191,	0,	'Payment',	'payment',	'2020-08-04 06:33:20',	'2020-08-24 11:26:55'),
(192,	0,	'Payment',	'withdraw',	'2020-08-04 06:33:20',	'2020-08-24 11:22:49'),
(193,	0,	'Payment',	'total_balance',	'2020-08-04 06:33:20',	'2020-08-24 11:23:43'),
(194,	0,	'Booking Details',	'transaction_id',	'2020-08-04 06:33:20',	'2020-08-24 11:24:09'),
(195,	0,	'Booking Details',	'booking_details',	'2020-08-04 06:33:20',	'2020-08-24 11:24:30'),
(196,	0,	'Booking Details',	'total_car_rent',	'2020-08-04 06:33:20',	'2020-08-24 11:25:09'),
(197,	0,	'Booking Details',	'pricing',	'2020-08-04 06:33:20',	'2020-08-24 11:25:20'),
(198,	0,	'Booking Details',	'extra_service',	'2020-08-04 06:33:20',	'2020-08-24 11:25:37'),
(199,	1,	'Booking Details',	'total',	'2020-08-04 06:33:20',	'2020-08-24 11:25:51'),
(200,	0,	'Booking Details',	'final_amount',	'2020-08-04 06:33:20',	'2020-08-24 11:26:24'),
(201,	0,	'Popup Modal',	'destroy_dealer',	'2020-08-04 06:33:20',	'2020-08-24 11:29:03'),
(202,	0,	'Popup Modal',	'confirm_message',	'2020-08-04 06:33:20',	'2020-08-24 11:29:24'),
(203,	0,	'Popup Modal',	'no_cancel_plx',	'2020-08-04 06:33:20',	'2020-08-24 11:30:05'),
(204,	0,	'Popup Modal',	'yes_delete_it',	'2020-08-04 06:33:20',	'2020-08-24 11:30:22'),
(205,	0,	'Popup Modal',	'destroy_ryde',	'2020-08-04 06:33:20',	'2020-08-24 11:30:37'),
(206,	0,	'Popup Modal',	'destroy_body',	'2020-08-04 06:33:20',	'2020-08-24 11:30:50'),
(207,	0,	'Popup Modal',	'destroy_brand',	'2020-08-04 06:33:20',	'2020-08-24 11:31:01'),
(208,	0,	'Popup Modal',	'destroy_model',	'2020-08-04 06:33:20',	'2020-08-24 11:31:14'),
(209,	0,	'Popup Modal',	'destroy_color',	'2020-08-04 06:33:20',	'2020-08-24 11:31:21'),
(210,	0,	'Popup Modal',	'destroy_modelyear',	'2020-08-04 06:33:20',	'2020-08-24 11:31:39'),
(211,	0,	'Popup Modal',	'destroy_door',	'2020-08-04 06:33:20',	'2020-08-24 11:32:16'),
(212,	0,	'Popup Modal',	'destroy_gearbox',	'2020-08-04 06:33:20',	'2020-08-24 11:32:28'),
(213,	0,	'Popup Modal',	'destroy_engine',	'2020-08-04 06:33:20',	'2020-08-24 11:32:39'),
(214,	0,	'Popup Modal',	'destroy_fuel',	'2020-08-04 06:33:20',	'2020-08-24 11:32:52'),
(215,	0,	'Popup Modal',	'destroy_insurance',	'2020-08-04 06:33:20',	'2020-08-24 11:33:06'),
(216,	0,	'Popup Modal',	'destroy_option',	'2020-08-04 06:33:20',	'2020-08-24 11:33:17'),
(217,	0,	'Popup Modal',	'destroy_extra',	'2020-08-04 06:33:20',	'2020-08-24 11:33:28'),
(218,	0,	'Popup Modal',	'destroy_feature',	'2020-08-04 06:33:20',	'2020-08-24 11:33:40'),
(219,	0,	'Popup Modal',	'destroy_category',	'2020-08-04 06:33:20',	'2020-08-24 11:34:16'),
(220,	0,	'Popup Modal',	'destroy_country',	'2020-08-04 06:33:20',	'2020-08-24 11:34:27'),
(221,	0,	'Popup Modal',	'destroy_role',	'2020-08-04 06:33:20',	'2020-08-24 12:08:52'),
(222,	0,	'Popup Modal',	'destroy_language_string',	'2020-08-04 06:33:20',	'2020-08-24 12:09:16'),
(223,	0,	'Popup Modal',	'destroy_branch',	'2020-08-04 06:33:20',	'2020-08-24 12:09:30'),
(224,	0,	'Popup Modal',	'destroy_announcement',	'2020-08-04 06:33:20',	'2020-08-24 12:09:58'),
(225,	0,	'Popup Modal',	'destroy_ryde_not_availability',	'2020-08-04 06:33:20',	'2020-08-24 12:10:18'),
(226,	0,	'Popup Modal',	'confirm_change_status_message',	'2020-08-04 06:33:20',	'2020-08-24 12:10:38'),
(227,	0,	'Popup Modal',	'yes_change_it',	'2020-08-04 06:33:20',	'2020-08-24 12:11:21'),
(228,	0,	'Popup Modal',	'transfer',	'2020-08-04 06:33:20',	'2020-08-24 12:11:38'),
(229,	1,	'My Ryde Details',	'ryde_cancelled_successfully',	'2020-08-04 06:33:20',	'2020-08-24 12:11:59'),
(230,	1,	'Ryde Cancel',	'ryde_our_team_review_your_request',	'2020-08-04 06:33:20',	'2020-08-24 12:12:17'),
(231,	0,	'Common',	'deactive',	'2020-08-04 06:33:20',	'2020-08-24 12:14:12'),
(232,	1,	'Common',	'token_expire',	'2020-08-04 06:33:20',	'2020-08-24 12:14:31'),
(233,	0,	'Popup Modal',	'destroy_category_ryde',	'2020-08-04 06:33:20',	'2020-08-24 12:15:10'),
(234,	0,	'sidebar',	'booking',	'2020-08-04 06:33:20',	'2020-08-24 08:03:40'),
(235,	0,	'Table Column',	'user_name',	'2020-08-04 06:33:20',	'2020-08-24 12:15:26'),
(236,	0,	'Booking',	'booked',	'2020-08-04 06:33:20',	'2020-08-24 12:15:37'),
(237,	0,	'Booking',	'completed',	'2020-08-04 06:33:20',	'2020-08-24 12:16:12'),
(238,	0,	'Booking',	'cancelled',	'2020-08-04 06:33:20',	'2020-08-24 12:16:23'),
(239,	0,	'Booking',	'review',	'2020-08-04 06:33:20',	'2020-08-24 12:16:50'),
(240,	0,	'Table Column',	'start',	'2020-08-04 06:33:20',	'2020-08-24 12:17:00'),
(241,	0,	'Table Column',	'end',	'2020-08-04 06:33:20',	'2020-08-24 12:19:56'),
(242,	0,	'Table Column',	'total_day_rent',	'2020-08-04 06:33:20',	'2020-08-24 12:20:09'),
(243,	0,	'Dealer',	'license_expiry_date',	'2020-08-04 06:33:20',	'2020-08-24 12:20:26'),
(244,	0,	'Dealer',	'bank_details',	'2020-08-04 06:33:20',	'2020-08-24 12:20:57'),
(245,	0,	'Dealer',	'bank_name',	'2020-08-04 06:33:20',	'2020-08-24 12:21:15'),
(246,	0,	'Dealer',	'bank_address',	'2020-08-04 06:33:20',	'2020-08-24 12:21:50'),
(247,	0,	'Dealer',	'bank_contact_number',	'2020-08-04 06:33:20',	'2020-08-24 12:22:18'),
(248,	0,	'Dealer',	'beneficiary_name',	'2020-08-04 06:33:20',	'2020-08-24 12:22:40'),
(249,	0,	'Dealer',	'bank_code',	'2020-08-04 06:33:20',	'2020-08-24 12:22:50'),
(250,	0,	'Dealer',	'dealer_logo',	'2020-08-04 06:33:20',	'2020-08-24 12:23:21'),
(251,	0,	'Ryde',	'trim',	'2020-08-04 06:33:20',	'2020-08-24 12:26:28'),
(252,	0,	'Ryde',	'plate_number',	'2020-08-04 06:33:20',	'2020-08-24 12:26:54'),
(253,	0,	'Ryde',	'van_number',	'2020-08-04 06:33:20',	'2020-08-24 12:27:28'),
(254,	0,	'Dashboard',	'current_year_total_booking',	'2020-08-04 06:33:20',	'2020-08-24 12:28:02'),
(255,	0,	'Dashboard',	'current_month_total_booking',	'2020-08-04 06:33:20',	'2020-08-24 12:28:32'),
(256,	0,	'Dashboard',	'current_year_total_amount_earning',	'2020-08-04 06:33:20',	'2020-08-24 12:28:51'),
(257,	0,	'Dashboard',	'current_month_total_amount_earning',	'2020-08-04 06:33:20',	'2020-08-24 12:29:08'),
(258,	0,	'Dashboard',	'total_ryde',	'2020-08-04 06:33:20',	'2020-08-24 12:29:22'),
(259,	0,	'Dashboard',	'total_roday_booked_ryde',	'2020-08-04 06:33:20',	'2020-08-24 12:30:24'),
(260,	0,	'Dashboard',	'total_maintenance',	'2020-08-04 06:33:20',	'2020-08-24 12:30:38'),
(261,	0,	'sidebar',	'global_extra',	'2020-08-04 06:33:20',	'2020-08-24 12:31:41'),
(262,	0,	'Table Column',	'brand_logo',	'2020-08-04 06:33:20',	'2020-08-24 12:31:52'),
(263,	0,	'Dealer Detail',	'trade_license_image',	'2020-08-04 06:33:20',	'2020-08-24 12:32:15'),
(264,	0,	'sidebar',	'notification',	'2020-08-04 06:33:20',	'2020-08-24 12:32:26'),
(265,	0,	'sidebar',	'report_problem',	'2020-08-04 06:33:20',	'2020-08-24 12:33:03'),
(266,	0,	'sidebar',	'contact_us',	'2020-08-04 06:33:20',	'2020-08-24 12:33:12'),
(267,	0,	'Add Edit Dealer',	'extra_selection',	'2020-08-04 06:33:20',	'2020-08-24 12:33:41'),
(268,	0,	'Add Edit Dealer',	'price_type',	'2020-08-04 06:33:20',	'2020-08-24 12:34:07'),
(269,	0,	'Global',	'select',	'2020-08-04 06:33:20',	'2020-08-24 12:34:42'),
(270,	0,	'Add Edit Dealer',	'not_require',	'2020-08-04 06:33:20',	'2020-08-24 12:35:18'),
(271,	0,	'Add Edit Dealer',	'daily',	'2020-08-04 07:37:06',	'2020-08-24 12:36:06'),
(272,	0,	'Add Edit Dealer',	'one_time',	'2020-08-04 07:37:19',	'2020-08-24 12:36:17'),
(273,	0,	'User',	'users',	'2020-08-11 05:14:30',	'2020-08-24 12:36:27'),
(274,	0,	'Ryde',	'model_name',	'2020-08-11 05:26:39',	'2020-08-24 12:36:34'),
(275,	0,	'sidebar',	'admins',	'2020-08-14 05:48:00',	'2020-08-24 12:36:45'),
(276,	0,	'Admin',	'admin_user_inserted',	'2020-08-14 06:09:58',	'2020-08-24 12:37:12'),
(277,	0,	'Admin',	'admin_user_updated',	'2020-08-14 06:10:12',	'2020-08-24 12:37:28'),
(278,	0,	'Admin',	'is_password_update',	'2020-08-14 06:29:44',	'2020-08-24 12:38:12'),
(279,	0,	'Admin',	'edit_admin',	'2020-08-14 06:29:58',	'2020-08-24 12:38:46'),
(280,	1,	'Register',	'please_check_your_mail_and_verify_your_email_address',	'2020-08-17 16:35:32',	'2020-08-24 12:39:16'),
(281,	1,	'App Setting',	'notification_status_updated',	'2020-08-17 17:28:15',	'2020-08-24 12:39:53'),
(282,	1,	'Contact Us',	'contact_message_thank_you_message',	'2020-08-17 17:40:55',	'2020-08-24 12:40:21'),
(283,	1,	'Report Problem',	'report_message_thank_you_message',	'2020-08-17 17:41:44',	'2020-08-24 12:40:49'),
(284,	1,	'Final Screen Name',	'Final Key',	NULL,	'2020-08-24 12:41:16'),
(285,	1,	'terms',	'terms_privacy_policy',	NULL,	'2020-08-24 12:42:01'),
(286,	1,	'home',	'home_looking_for_a_ryde',	NULL,	'2020-08-24 12:42:22'),
(287,	1,	'home',	'home_go',	NULL,	'2020-08-24 12:44:44'),
(288,	1,	'home',	'home_filter',	NULL,	'2020-08-24 12:46:31'),
(289,	1,	'home',	'home_pick-up',	NULL,	'2020-08-24 12:47:35'),
(290,	1,	'home',	'home_return',	NULL,	'2020-08-24 12:48:15'),
(291,	1,	'home',	'home_featured',	NULL,	'2020-08-24 12:55:12'),
(292,	1,	'home',	'home_rydez',	NULL,	'2020-08-24 12:55:18'),
(293,	1,	'select_language',	'select_language_title',	NULL,	'2020-08-24 12:55:26'),
(294,	1,	'login',	'login_login_or_signup_to_complete_your_booking',	NULL,	'2020-08-24 12:56:25'),
(295,	1,	'login',	'login_login_title',	NULL,	'2020-08-24 12:56:36'),
(296,	1,	'login',	'login_login_submit',	NULL,	'2020-08-24 12:56:48'),
(297,	1,	'login',	'login_email_address',	NULL,	'2020-08-24 12:57:05'),
(298,	1,	'login',	'login_forgot_password',	NULL,	'2020-08-24 12:57:20'),
(299,	1,	'login',	'login_signup',	NULL,	'2020-08-24 12:57:31'),
(300,	1,	'signin',	'signin_signup',	NULL,	'2020-08-24 12:57:38'),
(301,	1,	'signin',	'signin_name',	NULL,	'2020-08-24 12:57:43'),
(302,	1,	'signin',	'signin_mobile',	NULL,	'2020-08-24 12:57:51'),
(303,	1,	'signin',	'signin_password',	NULL,	'2020-08-24 12:57:58'),
(304,	1,	'signin',	'signin_confirm_password',	NULL,	'2020-08-24 12:58:21'),
(305,	1,	'signin',	'signin_i_accept_the_terms_of_use_privacy',	NULL,	'2020-08-24 12:58:44'),
(306,	1,	'signin',	'signin_submit',	NULL,	'2020-08-24 12:59:23'),
(307,	1,	'forgot_pass',	'forgot_pass_forget_password',	NULL,	'2020-08-24 12:59:44'),
(308,	1,	'reset_pass',	'reset_pass_reset_password',	NULL,	'2020-08-24 12:54:42'),
(309,	1,	'reset_pass',	'reset_pass_new_password',	NULL,	'2020-08-24 12:54:17'),
(310,	1,	'reset_pass',	'reset_pass_reset',	NULL,	'2020-08-24 12:54:01'),
(311,	1,	'country',	'country_select_country',	NULL,	'2020-08-24 13:02:04'),
(312,	1,	'country',	'country_clear',	NULL,	'2020-08-24 13:02:51'),
(313,	1,	'country',	'country_apply',	NULL,	'2020-08-24 13:03:09'),
(314,	1,	'filter',	'filter_filter',	NULL,	'2020-08-24 13:03:21'),
(315,	1,	'filter',	'filter_sort_by',	NULL,	'2020-08-24 13:03:41'),
(316,	1,	'filter',	'filter_filter_by',	NULL,	'2020-08-24 13:03:53'),
(317,	1,	'filter',	'filter_rate',	NULL,	'2020-08-24 13:04:16'),
(318,	1,	'filter',	'filter_kd',	NULL,	'2020-08-24 13:04:32'),
(319,	1,	'filter',	'filter_newest_first',	NULL,	'2020-08-24 13:04:52'),
(320,	1,	'filter',	'filter_rating',	NULL,	'2020-08-24 13:05:06'),
(321,	1,	'filter',	'filter_year_newest',	NULL,	'2020-08-24 13:05:58'),
(322,	1,	'filter',	'filter_price_low_high',	NULL,	'2020-08-24 13:06:27'),
(323,	1,	'filter',	'filter_price_high_low',	NULL,	'2020-08-24 13:07:02'),
(324,	1,	'filter',	'filter_show_results',	NULL,	'2020-08-24 13:07:24'),
(325,	1,	'filter',	'filter_clear',	NULL,	'2020-08-24 13:07:41'),
(326,	1,	'browse',	'browse_edit',	NULL,	'2020-08-24 13:11:11'),
(327,	1,	'browse',	'browse_rental_company_name',	NULL,	'2020-08-24 13:11:33'),
(328,	1,	'browse',	'browse_days',	NULL,	'2020-08-24 13:11:53'),
(329,	1,	'browse',	'browse_pick-up',	NULL,	'2020-08-24 13:12:07'),
(330,	1,	'browse',	'browse_return',	NULL,	'2020-08-24 13:12:13'),
(331,	1,	'ryde_detail',	'ryde_detail_seats',	NULL,	'2020-08-24 13:12:22'),
(332,	1,	'ryde_detail',	'ryde_detail_days',	NULL,	'2020-08-24 13:12:34'),
(333,	1,	'ryde_detail',	'ryde_detail_book_now',	NULL,	'2020-08-24 13:12:43'),
(334,	1,	'ryde_detail',	'ryde_detail_pick_up',	NULL,	'2020-08-24 13:12:51'),
(335,	1,	'ryde_detail',	'ryde_detail_return',	NULL,	'2020-08-24 13:12:57'),
(336,	1,	'checkout',	'checkout_checkout',	NULL,	'2020-08-24 13:13:17'),
(337,	1,	'checkout',	'checkout_ryde',	NULL,	'2020-08-24 13:13:31'),
(338,	1,	'checkout',	'checkout_color',	NULL,	'2020-08-24 13:13:41'),
(339,	1,	'checkout',	'checkout_days_rent',	NULL,	'2020-08-24 13:14:30'),
(340,	1,	'checkout',	'checkout_sub_total',	NULL,	'2020-08-24 13:14:43'),
(341,	1,	'featured_detail',	'featured_detail_days',	NULL,	'2020-08-24 13:15:45'),
(342,	1,	'checkout',	'checkout_full_name',	NULL,	'2020-08-24 13:15:53'),
(343,	1,	'checkout',	'checkout_mobile',	NULL,	'2020-08-24 13:16:06'),
(344,	1,	'checkout',	'checkout_email',	NULL,	'2020-08-24 13:16:13'),
(345,	1,	'checkout',	'checkout_driver_requirements',	NULL,	'2020-08-24 13:16:29'),
(346,	1,	'checkout',	'checkout_security_deposit',	NULL,	'2020-08-24 13:17:41'),
(347,	1,	'checkout',	'checkout_credit_card_cash_cheques',	NULL,	'2020-08-24 13:18:06'),
(348,	1,	'checkout',	'checkout_company_name',	NULL,	'2020-08-24 13:18:13'),
(349,	1,	'checkout',	'checkout_pick-up',	NULL,	'2020-08-24 13:18:27'),
(350,	1,	'checkout',	'checkout_drop-off',	NULL,	'2020-08-24 13:18:36'),
(351,	1,	'checkout',	'checkout_date',	NULL,	'2020-08-24 13:18:45'),
(352,	1,	'checkout',	'checkout_time',	NULL,	'2020-08-24 13:18:51'),
(353,	1,	'checkout',	'checkout_pay',	NULL,	'2020-08-24 13:19:01'),
(354,	1,	'about',	'about_privacy_policy',	NULL,	'2020-08-24 13:19:51'),
(355,	1,	'cancel_booking',	'cancel_booking_cancel_booking',	NULL,	'2020-08-24 13:20:21'),
(356,	1,	'cancel_booking',	'cancel_booking_cancelation_terms',	NULL,	'2020-08-24 13:21:04'),
(357,	1,	'cancel_booking',	'cancel_booking_cancelation_reason_and_extra_details',	NULL,	'2020-08-24 13:21:24'),
(358,	1,	'cancel_booking',	'cancel_booking_message',	NULL,	'2020-08-24 13:21:44'),
(359,	1,	'cancel_booking',	'cancel_booking_cancel_request',	NULL,	'2020-08-24 13:22:20'),
(360,	1,	'extend_checkout',	'extend_checkout_full_name',	NULL,	'2020-08-24 13:22:30'),
(361,	1,	'extend_checkout',	'extend_checkout_mobile',	NULL,	'2020-08-24 13:24:50'),
(362,	1,	'extend_checkout',	'extend_checkout_email',	NULL,	'2020-08-24 13:24:54'),
(363,	1,	'extend_checkout',	'extend_checkout_drop-off',	NULL,	'2020-08-24 13:25:45'),
(364,	1,	'extend_checkout',	'extend_checkout_ryde',	NULL,	'2020-08-24 13:25:50'),
(365,	1,	'extend_checkout',	'extend_checkout_color',	NULL,	'2020-08-24 13:25:54'),
(366,	1,	'extend_checkout',	'extend_checkout_date',	NULL,	'2020-08-24 13:25:59'),
(367,	1,	'extend_checkout',	'extend_checkout_time',	NULL,	'2020-08-24 13:26:04'),
(368,	1,	'extend_checkout',	'extend_checkout_sub_total',	NULL,	'2020-08-24 13:26:11'),
(369,	1,	'extend_checkout',	'extend_checkout_days_rent',	NULL,	'2020-08-24 13:26:52'),
(370,	1,	'extend_contract',	'extend_contract_extend_contract',	NULL,	'2020-08-24 13:27:05'),
(371,	1,	'extend_contract',	'extend_contract_ryde_not_available',	NULL,	'2020-08-24 13:27:13'),
(372,	1,	'extend_contract',	'extend_contract_pick_different_return_date_or_find_new_ryde',	NULL,	'2020-08-24 13:28:22'),
(373,	1,	'extend_contract',	'extend_contract_find_new_ryde',	NULL,	'2020-08-24 13:28:53'),
(374,	1,	'extend_contract',	'extend_contract_check_availability',	NULL,	'2020-08-24 13:29:25'),
(375,	1,	'booking_detail',	'booking_detail_extend_contract',	NULL,	'2020-08-24 13:29:36'),
(376,	1,	'booking_detail',	'booking_detail_contact_support',	NULL,	'2020-08-24 13:32:57'),
(377,	1,	'booking_detail',	'booking_detail_cancel_booking',	NULL,	'2020-08-24 13:33:08'),
(378,	1,	'booking_detail',	'booking_detail_transaction_id',	NULL,	'2020-08-24 13:34:05'),
(379,	1,	'booking_detail',	'booking_detail_color',	NULL,	'2020-08-24 13:34:12'),
(380,	1,	'booking_detail',	'booking_detail_ryde',	NULL,	'2020-08-24 13:34:16'),
(381,	1,	'booking_detail',	'booking_detail_full_name',	NULL,	'2020-08-24 13:34:22'),
(382,	1,	'booking_detail',	'booking_detail_mobile',	NULL,	'2020-08-24 13:34:35'),
(383,	1,	'booking_detail',	'booking_detail_email',	NULL,	'2020-08-24 13:34:40'),
(384,	1,	'booking_detail',	'booking_detail_drop-off',	NULL,	NULL),
(385,	1,	'booking_detail',	'booking_detail_pick-up',	NULL,	'2020-08-24 13:34:50'),
(386,	1,	'booking_detail',	'booking_detail_date',	NULL,	'2020-08-24 13:35:00'),
(387,	1,	'booking_detail',	'booking_detail_time',	NULL,	'2020-08-24 13:35:06'),
(388,	1,	'account',	'account_account',	NULL,	'2020-08-24 13:35:11'),
(389,	1,	'account',	'account_app_settings',	NULL,	'2020-08-24 13:35:19'),
(390,	1,	'account',	'account_support',	NULL,	'2020-08-24 13:35:24'),
(391,	1,	'account',	'account_about',	NULL,	'2020-08-23 15:39:59'),
(392,	1,	'account',	'account_my_rydes',	NULL,	'2020-08-23 15:44:01'),
(393,	1,	'support',	'support_contact_us',	NULL,	'2020-08-23 15:40:39'),
(394,	1,	'support',	'support_report_a_problem',	NULL,	'2020-08-23 15:41:08'),
(395,	1,	'report_problem',	'report_problem_help_us_improve_our_app_experience',	NULL,	'2020-08-23 15:41:59'),
(396,	1,	'report_problem',	'report_problem_add_a_screenshot',	NULL,	'2020-08-23 15:42:33'),
(397,	1,	'contact_us',	'contact_us_send',	NULL,	'2020-08-23 15:42:44'),
(398,	1,	'contact_us',	'contact_us_send_us_a_message_we_will_get_back_to_you',	NULL,	'2020-08-23 15:43:06'),
(399,	1,	'about',	'about_privacy',	NULL,	'2020-08-23 15:43:22'),
(400,	1,	'about',	'about_terms_and_conditions',	NULL,	'2020-08-23 15:43:39'),
(401,	1,	'about',	'about_cancelation_and_refund_policy',	NULL,	'2020-08-23 15:44:40'),
(402,	1,	'app_setting',	'app_setting_app_settings',	NULL,	'2020-08-23 15:44:52'),
(403,	1,	'app_setting',	'app_setting_turn_off_notifications',	NULL,	'2020-08-23 15:45:05'),
(404,	1,	'service_not_found',	'service_not_available',	'2020-08-19 15:10:40',	'2020-08-23 15:45:30'),
(405,	0,	'commissions',	'table_company_name',	'2020-08-21 10:02:18',	'2020-08-23 15:45:38'),
(406,	0,	'commissions',	'due_balance',	'2020-08-21 10:02:32',	'2020-08-23 15:45:59'),
(407,	0,	'commissions',	'transferred_balance',	'2020-08-21 10:02:54',	'2020-08-23 15:46:17'),
(408,	0,	'commissions',	'last_transfer_date',	'2020-08-21 10:03:09',	'2020-08-23 15:46:31'),
(409,	0,	'commissions',	'view_past_transaction',	'2020-08-22 17:24:27',	'2020-08-23 15:46:48'),
(410,	0,	'commissions',	'transfer_amount',	'2020-08-22 17:24:47',	'2020-08-23 15:47:25'),
(411,	1,	'login',	'login_continue_as_guest',	'2020-08-24 08:48:54',	'2020-08-24 13:36:35'),
(412,	1,	'login',	'login_password',	'2020-08-24 09:07:03',	'2020-08-24 13:37:27'),
(413,	1,	'login',	'login_or',	'2020-08-24 09:29:14',	'2020-08-24 13:37:37'),
(414,	1,	'home',	'home_pick_up_location',	'2020-08-24 09:44:38',	'2020-08-24 13:37:47'),
(415,	1,	'browse',	'browse_filter',	'2020-08-24 09:58:11',	'2020-08-24 13:37:54'),
(416,	1,	'ryde_detail',	'ryde_detail_bodies',	'2020-08-24 10:30:33',	'2020-08-24 13:38:11'),
(417,	1,	'ryde_detail',	'ryde_detail_engines',	'2020-08-24 10:30:59',	'2020-08-24 13:38:25'),
(418,	1,	'ryde_detail',	'ryde_detail_fuels',	'2020-08-24 10:31:27',	'2020-08-24 13:38:34'),
(419,	1,	'ryde_detail',	'ryde_detail_gearboxes',	'2020-08-24 10:31:51',	'2020-08-24 13:38:43'),
(420,	1,	'ryde_detail',	'ryde_detail_insurances',	'2020-08-24 10:32:22',	'2020-08-24 13:38:50'),
(421,	1,	'support',	'support_support',	'2020-08-24 10:51:35',	'2020-08-24 13:38:57'),
(422,	1,	'extend_contract',	'extend_contract_ryde_available',	'2020-08-24 11:31:22',	'2020-08-24 13:39:16'),
(423,	1,	'extend_contract',	'extend_contract_date_not_available',	'2020-08-24 11:40:38',	'2020-08-24 13:39:51'),
(424,	1,	'about',	'about_about',	'2020-08-24 11:57:34',	'2020-08-24 13:40:20'),
(425,	1,	'contact_us',	'contact_us_contact_us',	'2020-08-24 12:02:25',	'2020-08-24 13:40:28'),
(426,	1,	'report_a_problem',	'report_a_problem_report_a_problem',	'2020-08-24 12:06:02',	'2020-08-24 13:40:52'),
(427,	1,	'booking_detail',	'booking_detail_account',	'2020-08-24 12:37:58',	'2020-08-24 13:40:59'),
(428,	1,	'booking_detail',	'booking_detail_live_support',	'2020-08-24 12:38:37',	'2020-08-24 13:41:08'),
(429,	1,	'booking_detail',	'booking_detail_subtotal',	'2020-08-24 12:39:01',	'2020-08-24 13:41:17'),
(430,	1,	'report_problem',	'report_problem_send',	'2020-08-24 12:58:42',	'2020-08-24 13:41:29'),
(431,	1,	'report_problem',	'report_problem_report_a_problem',	'2020-08-24 12:59:25',	'2020-08-24 13:42:02'),
(432,	1,	'filter',	'filter_apply',	'2020-08-24 13:57:14',	'2020-08-24 13:57:14'),
(433,	1,	'filter',	'filter_categories',	'2020-08-24 13:57:44',	'2020-08-24 13:57:44'),
(434,	1,	'filter',	'filter_dealer',	'2020-08-24 13:58:04',	'2020-08-24 13:58:04'),
(435,	1,	'filter',	'filter_insurance',	'2020-08-24 13:58:22',	'2020-08-24 13:58:22'),
(436,	1,	'filter',	'filter_make',	'2020-08-24 13:58:42',	'2020-08-24 13:58:42'),
(437,	1,	'filter',	'filter_model',	'2020-08-24 13:59:04',	'2020-08-24 13:59:04'),
(438,	1,	'country',	'country_type_here',	'2020-08-24 14:09:51',	'2020-08-24 14:09:51'),
(439,	1,	'forgot_pass',	'forgot_pass_email_address',	'2020-08-24 14:28:00',	'2020-08-24 14:28:00'),
(440,	1,	'forgot_pass',	'forgot_pass_submit',	'2020-08-24 14:28:21',	'2020-08-24 14:28:21'),
(441,	1,	'reset_pass',	'reset_pass_confirm_password',	'2020-08-24 14:28:46',	'2020-08-27 11:16:02'),
(442,	1,	'signin',	'signin_email',	'2020-08-24 14:52:13',	'2020-08-27 11:15:45'),
(443,	1,	'account',	'account_no_booking',	'2020-08-24 15:06:01',	'2020-08-27 11:15:29'),
(444,	1,	'general',	'loading',	'2020-08-24 15:53:32',	'2020-08-27 11:12:14'),
(445,	1,	'home',	'home_find',	'2020-08-24 16:07:56',	'2020-08-27 11:12:30'),
(446,	0,	'commissions',	'amount_added',	'2020-08-25 00:25:43',	'2020-08-27 11:13:02'),
(447,	0,	'commissions',	'not_insufficient_balance',	'2020-08-25 00:26:13',	'2020-08-27 11:13:22'),
(448,	0,	'commissions',	'credit',	'2020-08-25 00:46:48',	'2020-08-27 11:13:44'),
(449,	0,	'commissions',	'debit',	'2020-08-25 00:46:58',	'2020-08-27 11:14:35'),
(450,	0,	'Past Transaction',	'past_transaction',	'2020-08-25 00:48:09',	'2020-08-27 11:15:05'),
(451,	0,	'Past Transaction',	'added',	'2020-08-25 00:53:33',	'2020-08-27 11:18:01'),
(452,	0,	'Past Transaction',	'back_to_rydeZilla_commissions',	'2020-08-25 01:00:58',	'2020-08-27 11:18:49'),
(453,	0,	'Popup Modal',	'destroy_report_problem',	'2020-08-25 23:15:10',	'2020-08-27 11:19:23'),
(454,	0,	'Report Problem',	'report_problem_deleted',	'2020-08-25 23:17:00',	'2020-08-27 11:19:49'),
(455,	0,	'Popup Modal',	'report_problem_details',	'2020-08-25 23:22:26',	'2020-08-27 11:20:19'),
(456,	0,	'Contact Us',	'contact_us_request_deleted',	'2020-08-26 05:04:48',	'2020-10-15 09:22:13'),
(457,	0,	'Contact Us',	'destroy_contact_us_request',	'2020-08-26 05:06:24',	'2020-08-27 11:22:30'),
(458,	0,	'User Register Email',	'our_mailing_address',	'2020-08-26 09:06:04',	'2020-08-27 11:23:18'),
(459,	0,	'User Register Email',	'user_email_terms_privacy_policy',	'2020-08-26 09:06:24',	'2020-08-27 11:23:38'),
(460,	0,	'User Register Email',	'user_email_register_footer',	'2020-08-26 09:06:52',	'2020-08-27 11:33:20'),
(461,	0,	'Email template',	'copy_right',	'2020-08-26 09:07:12',	'2020-08-27 11:33:52'),
(462,	1,	'Email',	'team',	'2020-08-26 09:07:32',	'2020-08-27 11:34:10'),
(463,	0,	'Email',	'team_name',	'2020-08-26 09:07:51',	'2020-08-27 11:34:19'),
(464,	0,	'Email',	'received_mail_bt_mistake',	'2020-08-26 09:08:17',	'2020-08-27 11:37:44'),
(465,	0,	'User Register Email',	'user_account_message_body',	'2020-08-26 09:08:43',	'2020-09-04 16:43:17'),
(466,	0,	'User Register Email',	'user_account_verify_button_text',	'2020-08-26 09:09:10',	'2020-08-27 11:40:16'),
(467,	0,	'Account Activation',	'account_activation',	'2020-08-26 09:09:57',	'2020-08-27 11:40:28'),
(468,	0,	'Email',	'team_above_title',	'2020-08-26 09:11:15',	'2020-08-27 11:41:35'),
(469,	0,	'Welcome Email',	'welcome_email_title',	'2020-08-26 10:37:20',	'2020-08-27 11:41:45'),
(470,	0,	'Welcome Email',	'welcome_user_message_body',	'2020-08-26 10:37:51',	'2020-08-27 11:42:07'),
(471,	0,	'Reset Password email',	'reset_password',	'2020-08-26 10:45:07',	'2020-08-27 11:42:20'),
(472,	0,	'Reset Password email',	'reset_password_message_body',	'2020-08-26 10:45:55',	'2020-08-27 11:42:32'),
(473,	0,	'Reset Password email',	'reset_password_button_text',	'2020-08-26 10:46:30',	'2020-08-27 11:42:44'),
(474,	1,	'home',	'home_edit',	'2020-08-26 22:15:02',	'2020-08-27 11:42:51'),
(475,	1,	'extend_contract',	'extend_contract_checkout',	'2020-08-26 22:15:37',	'2020-08-27 11:42:58'),
(476,	1,	'extend_contract',	'extend_contract_select_return_date',	'2020-08-26 22:15:57',	'2020-08-27 11:43:05'),
(477,	1,	'extend_contract',	'extend_contract_return_time',	'2020-08-26 22:16:21',	'2020-08-27 11:44:05'),
(478,	1,	'extend_checkout',	'extend_checkout_checkout',	'2020-08-26 22:16:46',	'2020-08-27 16:24:28'),
(479,	1,	'extend_checkout',	'extend_checkout_pay',	'2020-08-26 22:17:03',	'2020-08-27 16:24:36'),
(480,	1,	'booking_detail',	'booking_detail_title',	'2020-08-26 22:17:17',	'2020-08-27 16:23:50'),
(481,	1,	'Featured Categories',	'ryde_not_found',	'2020-08-27 07:55:53',	'2020-08-27 16:21:45'),
(482,	1,	'General',	'country_not_found',	'2020-08-27 07:56:53',	'2020-08-27 16:22:20'),
(483,	1,	'General',	'language_not_found',	'2020-08-27 07:57:31',	'2020-08-27 16:22:39'),
(484,	1,	'General',	'language_string_not_found',	'2020-08-27 07:58:23',	'2020-08-27 16:22:57'),
(485,	1,	'General',	'page_not_found',	'2020-08-27 07:59:02',	'2020-08-27 16:23:11'),
(486,	1,	'general',	'ok',	'2020-08-28 14:42:42',	'2020-08-28 14:42:42'),
(487,	1,	'filter',	'search',	'2020-08-28 14:44:57',	'2020-08-28 14:44:57'),
(488,	1,	'extend_checkout',	'pick_up',	'2020-08-28 14:51:14',	'2020-08-28 14:51:14'),
(489,	1,	'forgot_pass',	'valid_email_message',	'2020-08-28 14:52:40',	'2020-08-28 14:52:40'),
(490,	1,	'browse',	'time_validation',	'2020-08-28 14:53:53',	'2020-08-28 14:53:53'),
(491,	1,	'browse',	'select_pick_up',	'2020-08-28 14:55:14',	'2020-08-28 14:55:14'),
(492,	1,	'browse',	'select_return',	'2020-08-28 14:55:43',	'2020-08-28 14:55:43'),
(493,	1,	'cancel_booking',	'enter_message',	'2020-08-28 14:57:35',	'2020-09-14 10:04:51'),
(494,	1,	'country',	'please_select_country',	'2020-08-28 15:08:54',	'2020-08-28 15:08:54'),
(495,	1,	'signin',	'enter_valid_email_address',	'2020-08-28 15:09:45',	'2020-08-28 15:09:45'),
(496,	1,	'signin',	'please_enter_password',	'2020-08-28 15:10:16',	'2020-08-28 15:10:16'),
(497,	1,	'report_problem',	'please_enter_message',	'2020-08-28 15:11:48',	'2020-08-28 15:11:48'),
(498,	1,	'report_problem',	'please_select_image',	'2020-08-28 15:12:23',	'2020-08-28 15:12:23'),
(499,	1,	'reset_pass',	'please_enter_new_password',	'2020-08-28 15:13:18',	'2020-09-01 07:49:27'),
(500,	1,	'reset_pass',	'please_enter_confirm_password',	'2020-08-28 15:14:06',	'2020-08-28 15:14:06'),
(501,	1,	'reset_pass',	'password_must_match',	'2020-08-28 15:14:45',	'2020-08-28 15:14:45'),
(502,	1,	'signup',	'enter_name',	'2020-08-28 15:21:06',	'2020-08-28 15:21:06'),
(503,	1,	'signup',	'signup_enter_valid_email_address',	'2020-08-28 15:22:35',	'2020-08-28 15:22:35'),
(504,	1,	'signup',	'signup_please_enter_name',	'2020-08-28 15:33:55',	'2020-08-28 15:33:55'),
(505,	1,	'sign_up',	'sign_up_please_enter_valid_email_address',	'2020-08-28 15:34:34',	'2020-08-28 15:34:34'),
(506,	1,	'sign_up',	'sign_up_please_enter_country_code',	'2020-08-28 15:35:17',	'2020-08-28 15:35:17'),
(507,	1,	'sign_up',	'sign_up_please_enter_mobile_number',	'2020-08-28 15:35:38',	'2020-08-28 15:35:38'),
(508,	1,	'sign_up',	'sign_up_please_enter_password',	'2020-08-28 15:35:59',	'2020-08-28 15:35:59'),
(509,	1,	'sign_up',	'sign_up_please_enter_confirm_password',	'2020-08-28 15:36:20',	'2020-08-28 15:36:20'),
(510,	1,	'sign_up',	'sign_up_password_and_confirm_match',	'2020-08-28 15:37:04',	'2020-08-28 15:37:04'),
(511,	1,	'sign_up',	'sign_up_accept_terms',	'2020-08-28 15:37:35',	'2020-08-28 15:37:35'),
(512,	1,	'general',	'hours',	'2020-08-28 15:41:49',	'2020-08-28 15:41:49'),
(513,	1,	'general',	'days',	'2020-08-28 15:42:39',	'2020-08-28 15:42:39'),
(514,	1,	'general',	'daily',	'2020-08-28 15:43:42',	'2020-08-28 15:43:42'),
(515,	1,	'general',	'hourly',	'2020-08-28 15:44:33',	'2020-08-28 15:44:33'),
(516,	1,	'extend_contract',	'extend_contract_return',	'2020-08-28 15:46:57',	'2020-08-28 15:46:57'),
(517,	1,	'cancel_booking',	'cancel_booking_popup_title',	'2020-08-28 17:16:20',	'2020-09-14 10:05:47'),
(518,	1,	'cancel_booking',	'cancel_booking_popup_description',	'2020-08-28 17:17:03',	'2020-09-14 10:07:55'),
(519,	1,	'cancel_booking',	'cancel_booking_popup_mybookings',	'2020-08-28 17:17:23',	'2020-09-14 10:08:17'),
(520,	1,	'sign_up',	'sign_up_please_enter_email_address',	'2020-08-29 10:28:12',	'2020-08-29 10:28:12'),
(521,	1,	'forgot_pass',	'forgot_pass_please_enter_email_address',	'2020-08-29 10:47:31',	'2020-08-29 10:47:31'),
(522,	1,	'general',	'Alert',	'2020-08-29 10:49:42',	'2020-08-29 11:05:22'),
(523,	1,	'login',	'login_please_enter_email',	'2020-08-29 11:19:59',	'2020-08-29 11:19:59'),
(524,	1,	'login',	'login_please_enter_valid_email',	'2020-08-29 11:20:46',	'2020-08-29 11:20:46'),
(525,	1,	'login',	'login_please_enter_password',	'2020-08-29 11:25:05',	'2020-08-29 11:25:05'),
(526,	1,	'reset_pass',	'reset_pass_please_enter_password',	'2020-08-29 12:15:15',	'2020-08-29 12:15:15'),
(527,	1,	'reset_pass',	'reset_pass_please_enter_confirm_password',	'2020-08-29 12:16:03',	'2020-08-29 12:16:03'),
(528,	1,	'reset_pass',	'reset_password_must_match',	'2020-08-29 12:18:39',	'2020-08-29 12:18:39'),
(529,	1,	'cancel_booking',	'cancel_booking_enter_message',	'2020-08-29 12:53:15',	'2020-09-14 10:08:59'),
(530,	1,	'contact_us',	'contact_us_enter_message',	'2020-08-29 12:56:29',	'2020-08-29 12:56:29'),
(531,	1,	'country',	'country_please_select_country',	'2020-08-29 13:06:56',	'2020-08-29 13:06:56'),
(532,	1,	'report_problem',	'report_problem_please_enter_message',	'2020-08-29 13:14:38',	'2020-08-29 13:14:38'),
(533,	1,	'report_problem',	'report_problem_please_select_image',	'2020-08-29 13:15:14',	'2020-08-29 13:15:14'),
(534,	1,	'general',	'general_Yes',	'2020-08-29 13:33:59',	'2020-08-29 13:33:59'),
(535,	1,	'general',	'general_OK',	'2020-08-29 13:35:51',	'2020-08-29 13:49:22'),
(536,	1,	'general',	'general_No',	'2020-08-29 13:36:30',	'2020-08-29 13:36:30'),
(537,	0,	'Booking Details',	'pick_up_location',	'2020-08-31 14:12:14',	'2020-08-31 14:12:14'),
(538,	0,	'Booking Details',	'pick_up_latitude',	'2020-08-31 14:12:34',	'2020-08-31 14:12:34'),
(539,	0,	'Booking Details',	'pick_up_longitude',	'2020-08-31 14:12:53',	'2020-08-31 14:12:53'),
(540,	1,	'general',	'general_share_ryde_content',	'2020-08-31 15:08:54',	'2020-08-31 15:08:54'),
(541,	0,	'Email',	'hey',	'2020-09-01 16:47:22',	'2020-09-01 16:47:22'),
(542,	0,	'Account Verify Subject',	'account_verify_subject',	'2020-09-01 16:47:43',	'2020-09-01 16:47:43'),
(543,	0,	'Reset Password',	'reset_password_subject',	'2020-09-01 16:47:59',	'2020-09-01 16:47:59'),
(544,	0,	'Dealer Register email subject',	'dealer_welcome_email_subject',	'2020-09-01 16:48:21',	'2020-09-01 16:48:21'),
(545,	0,	'Delaer Welcome Email',	'delaerWelcomEmailHeader',	'2020-09-01 16:48:41',	'2020-09-01 16:48:41'),
(546,	0,	'Account Verify successfully email',	'account_verify_success_subject',	'2020-09-01 16:49:46',	'2020-09-01 16:49:46'),
(547,	0,	'Booking',	'booking_status_changed',	'2020-09-01 16:50:00',	'2020-09-01 16:50:00'),
(548,	0,	'Booking',	'cancel_booking',	'2020-09-01 16:50:20',	'2020-10-22 09:32:59'),
(549,	0,	'Booking',	'cancel_booking_text',	'2020-09-01 16:56:19',	'2020-09-14 10:10:28'),
(550,	0,	'Booking',	'yes_cancel_it',	'2020-09-01 16:56:49',	'2020-09-14 10:10:51'),
(551,	0,	'Booking',	'yes_reject_it',	'2020-09-01 16:57:11',	'2020-09-01 16:57:11'),
(552,	0,	'Booking',	'reject_booking',	'2020-09-01 16:57:43',	'2020-09-14 10:11:13'),
(553,	0,	'Booking',	'reject_booking_text',	'2020-09-01 16:58:16',	'2020-09-14 10:11:46'),
(554,	0,	'Booking',	'rejected',	'2020-09-01 16:58:29',	'2020-09-01 16:58:29'),
(555,	0,	'Booking',	'adjustment',	'2020-09-03 15:23:24',	'2020-09-03 15:23:24'),
(556,	0,	'Button',	'save',	'2020-09-03 15:26:55',	'2020-09-03 15:26:55'),
(557,	0,	'Booking',	'adjustment_successfully',	'2020-09-03 15:44:17',	'2020-09-03 15:44:17'),
(558,	1,	'featured',	'featured_pickup_date',	'2020-09-03 16:26:20',	'2020-09-03 16:26:20'),
(559,	1,	'featured',	'featured_dropoff_date',	'2020-09-03 16:26:47',	'2020-09-03 16:26:47'),
(560,	1,	'featured',	'featured_select_dates',	'2020-09-03 16:41:37',	'2020-09-03 16:41:37'),
(561,	1,	'featured',	'featured_return_time_greater_pick_time',	'2020-09-03 16:42:26',	'2020-09-03 16:42:26'),
(562,	0,	'Ryde',	'feature_placeholder',	'2020-09-07 17:42:41',	'2020-09-07 17:42:41'),
(563,	0,	'Ryde',	'option_placeholder',	'2020-09-07 17:43:31',	'2020-09-07 17:43:31'),
(564,	1,	'Profile',	'profile_updated',	'2020-09-08 15:37:48',	'2020-09-08 15:55:56'),
(565,	0,	'Booking',	'book_date',	'2020-09-08 16:42:10',	'2020-09-08 16:42:10'),
(566,	0,	'Setting',	'default_radius_km',	'2020-09-08 16:51:24',	'2020-09-08 16:51:24'),
(567,	0,	'Setting',	'dealer_commission',	'2020-09-08 16:51:51',	'2020-09-08 16:51:51'),
(568,	0,	'Setting',	'support_contact_no',	'2020-09-08 16:52:08',	'2020-09-08 16:52:08'),
(569,	0,	'Setting',	'whatsapp_no',	'2020-09-08 16:52:27',	'2020-09-08 16:52:27'),
(570,	0,	'sidebar',	'email_string',	'2020-09-09 04:45:05',	'2020-09-09 04:45:05'),
(571,	0,	'Table Column',	'template_name',	'2020-09-09 04:46:58',	'2020-09-09 04:46:58'),
(572,	0,	'password',	'current_password',	'2020-09-09 04:48:01',	'2020-09-09 04:48:01'),
(573,	1,	'password',	'new_password',	'2020-09-09 04:48:30',	'2020-09-09 04:48:30'),
(574,	0,	'password',	'confirmed_password',	'2020-09-09 04:49:24',	'2020-09-09 04:49:24'),
(575,	0,	'Email',	'add_email_string',	'2020-09-09 04:51:45',	'2020-09-09 04:51:45'),
(576,	0,	'Email',	'edit_email_string',	'2020-09-09 04:52:46',	'2020-09-09 04:52:46'),
(577,	1,	'account',	'account_confirm_logout_message',	'2020-09-09 17:16:39',	'2020-09-09 17:16:39'),
(578,	0,	'Table Column',	'tax_name',	'2020-09-10 21:04:07',	'2020-09-10 21:04:07'),
(579,	0,	'Table Column',	'tax_percentage',	'2020-09-10 21:29:25',	'2020-09-10 21:29:25'),
(580,	0,	'Select Box',	'please_select_branch',	'2020-09-16 05:11:24',	'2020-09-16 05:11:24'),
(581,	0,	'Add Ryde',	'duplicate_plate_number',	'2020-09-22 09:58:28',	'2020-09-22 09:58:28'),
(582,	0,	'Add Ryde',	'ryde_inserted',	'2020-09-22 10:05:02',	'2020-09-22 10:05:02'),
(583,	0,	'Add Ryde',	'please_select_date',	'2020-09-23 03:48:35',	'2020-09-23 03:48:35'),
(584,	0,	'Add Ryde',	'ryde_not_available_this_date',	'2020-09-23 03:48:59',	'2020-09-23 03:48:59'),
(585,	1,	'Add Ryde',	'total_tax_percentage',	'2020-09-23 03:49:20',	'2020-09-23 03:49:20'),
(586,	0,	'Add Ryde',	'sub_total',	'2020-09-23 03:49:39',	'2020-09-23 03:49:39'),
(587,	0,	'Add Ryde',	'total',	'2020-09-23 03:49:52',	'2020-09-23 03:49:52'),
(588,	0,	'Add Ryde',	'select_ryde',	'2020-09-23 03:50:03',	'2020-09-23 03:50:03'),
(589,	0,	'Add Ryde',	'please_select_ryde',	'2020-09-23 03:50:15',	'2020-09-23 03:50:15'),
(590,	0,	'Add Ryde',	'daily_price',	'2020-09-23 03:50:30',	'2020-09-23 03:50:30'),
(591,	0,	'Add Ryde',	'hourly_price',	'2020-09-23 03:50:47',	'2020-09-23 03:50:47'),
(592,	0,	'Add Ryde',	'weekly_price',	'2020-09-23 03:50:58',	'2020-09-23 03:50:58'),
(593,	0,	'Add Ryde',	'monthly_price',	'2020-09-23 03:51:08',	'2020-09-23 03:51:08'),
(594,	0,	'Add Ryde',	'booking_successfully',	'2020-09-23 03:51:27',	'2020-09-23 03:51:27'),
(595,	1,	'Add Ryde',	'add_new_booking',	'2020-09-23 03:55:30',	'2020-09-23 03:55:30'),
(596,	0,	'Add Ryde',	'booking_date',	'2020-09-23 03:55:44',	'2020-09-23 03:55:44'),
(597,	1,	'Add Ryde',	'notes',	'2020-09-23 03:57:30',	'2020-09-23 03:57:30'),
(598,	0,	'Add Ryde',	'extra',	'2020-09-23 04:14:32',	'2020-09-23 04:14:32'),
(599,	0,	'Show Branch Detail',	'branch_name',	'2020-10-05 12:34:48',	'2020-10-05 12:34:48'),
(600,	1,	'Show Branch Detail',	'branch_logo',	'2020-10-05 12:35:46',	'2020-10-05 12:35:46'),
(601,	0,	'Show Branch Detail',	'allowed_millage',	'2020-10-05 12:36:27',	'2020-10-05 12:36:27'),
(602,	1,	'Show Branch Detail',	'trading_license',	'2020-10-05 12:37:12',	'2020-10-05 12:37:12'),
(603,	0,	'Show Branch Detail',	'bank_account',	'2020-10-05 12:37:54',	'2020-10-05 12:37:54'),
(604,	1,	'Login',	'this_email_is_already_used_another_method_of_login',	'2020-10-06 10:57:23',	'2020-10-06 10:57:23'),
(605,	0,	'Sidebar',	'main_ryde',	'2020-10-06 18:29:00',	'2020-10-06 18:29:00'),
(606,	0,	'sidebar',	'become_a_dealer',	'2020-10-11 15:55:50',	'2020-10-11 15:55:50'),
(607,	0,	'Table Column',	'title',	'2020-10-11 16:04:34',	'2020-10-11 16:04:34'),
(608,	0,	'Brand List',	'brand_destroy_warning',	'2020-10-12 09:25:41',	'2020-10-12 09:25:41'),
(609,	0,	'Color List',	'destroy_warning',	'2020-10-12 09:26:05',	'2020-10-12 09:26:05'),
(610,	0,	'Ryde List',	'ryde_destroy',	'2020-10-12 09:26:35',	'2020-10-12 09:26:35'),
(611,	0,	'Dealer List',	'dealer_destroy',	'2020-10-12 09:27:25',	'2020-10-12 09:27:25'),
(612,	0,	'Vehicle List',	'vehicle_destroy',	'2020-10-12 09:27:51',	'2020-10-12 09:27:51'),
(613,	0,	'Add Ryde',	'buy_price',	'2020-10-12 10:39:50',	'2020-10-12 10:39:50'),
(614,	0,	'Add Ryde',	'cost_per_extra_km',	'2020-10-12 10:40:28',	'2020-10-12 10:40:28'),
(615,	0,	'Table Column',	'from_year',	'2020-10-13 01:34:22',	'2020-10-13 01:34:22'),
(616,	0,	'Table Column',	'to_year',	'2020-10-13 01:35:08',	'2020-10-13 01:35:08'),
(617,	0,	'sidebar',	'report_model',	'2020-10-13 02:27:02',	'2020-10-13 02:27:02'),
(618,	0,	'Become A Dealer',	'destroy_become_a_dealer',	'2020-10-13 02:33:54',	'2020-10-13 02:33:54'),
(619,	0,	'Report Model',	'destroy_report_model',	'2020-10-13 02:35:26',	'2020-10-13 02:35:26'),
(620,	1,	'Ryde Extend',	'ryde_extend_successfully',	'2020-10-13 04:27:23',	'2020-10-13 04:27:23'),
(621,	1,	'extend_contract',	'extend_contract_date_should_be_greater',	'2020-10-14 05:07:55',	'2020-10-14 05:07:55'),
(622,	1,	'login',	'login_valid_email',	'2020-10-17 09:43:16',	'2020-10-17 09:43:16'),
(623,	1,	'login',	'login_invalid_email',	'2020-10-17 09:45:03',	'2020-10-17 09:45:03'),
(624,	1,	'sign_up',	'signup_valid_name',	'2020-10-17 09:49:49',	'2020-10-17 09:49:49'),
(625,	1,	'sign_up',	'signup_invalid_name',	'2020-10-17 09:50:43',	'2020-10-17 09:50:43'),
(626,	1,	'signup',	'signup_valid_email',	'2020-10-17 09:52:59',	'2020-10-17 09:52:59'),
(627,	1,	'sign_up',	'signup_invalid_email',	'2020-10-17 09:53:51',	'2020-10-17 09:53:51'),
(628,	1,	'sign_up',	'sign_up_valid_mobile',	'2020-10-17 09:54:30',	'2020-10-17 09:54:30'),
(629,	1,	'sign_up',	'sign_up_invalid_mobile',	'2020-10-17 09:55:02',	'2020-10-17 09:55:02'),
(630,	0,	'Table Column',	'front_image',	'2020-10-18 04:47:08',	'2020-10-18 04:47:08'),
(631,	0,	'Table Column',	'back_image',	'2020-10-18 04:48:09',	'2020-10-18 04:48:09'),
(632,	0,	'Table Column',	'right_image',	'2020-10-18 04:49:20',	'2020-10-18 04:49:20'),
(633,	0,	'Table Column',	'left_image',	'2020-10-18 04:50:21',	'2020-10-18 04:50:21'),
(634,	0,	'Page',	'edit_page',	'2020-10-19 04:49:49',	'2020-10-19 04:49:49'),
(635,	0,	'Page',	'user',	'2020-10-19 05:47:00',	'2020-10-19 05:47:00'),
(636,	1,	'Dealer Home Screen',	'up_coming_status',	'2020-10-20 12:17:54',	'2020-10-20 12:17:54'),
(637,	1,	'Dealer Home Screen',	'due_for_pickup_status',	'2020-10-20 12:18:17',	'2020-10-20 12:18:17'),
(638,	1,	'Dealer Home Screen',	'missed_pickup_status',	'2020-10-20 12:18:32',	'2020-10-20 12:18:32'),
(639,	1,	'Dealer Home Screen',	'missed_return_status',	'2020-10-20 12:18:53',	'2020-10-20 12:18:53'),
(640,	1,	'Dealer Home Screen',	'due_for_return_status',	'2020-10-20 12:19:11',	'2020-10-20 12:19:11'),
(641,	1,	'Dealer Home Screen',	'active_status',	'2020-10-20 12:19:23',	'2020-10-20 12:19:23'),
(642,	0,	'Become A Dealer',	'contect_details',	'2020-10-21 02:09:43',	'2020-10-21 02:09:43'),
(643,	1,	'Dealer Home',	'home_company_name',	'2020-10-21 05:04:33',	'2020-10-21 05:06:27'),
(644,	1,	'Dealer Home',	'home_branch_name',	'2020-10-21 05:05:14',	'2020-10-21 05:06:50'),
(645,	1,	'Dealer Home',	'home_pickup',	'2020-10-21 05:09:55',	'2020-10-21 05:09:55'),
(646,	1,	'Dealer Home',	'dealer_home_company_name',	'2020-10-21 05:12:48',	'2020-10-21 05:12:48'),
(647,	1,	'Dealer Home',	'dealer_home_pickup',	'2020-10-21 05:13:05',	'2020-10-21 05:13:05'),
(648,	1,	'Dealer Home',	'dealer_home_branch',	'2020-10-21 05:13:35',	'2020-10-21 05:13:58'),
(649,	1,	'Dealer Home',	'dealer_home_return',	'2020-10-21 05:14:29',	'2020-10-21 05:14:29'),
(650,	1,	'Dealer Home',	'dealer_home_pickup_capital',	'2020-10-21 05:15:21',	'2020-10-21 05:15:42'),
(651,	1,	'Dealer Ryde Details',	'dealer_ryde_details',	'2020-10-21 05:19:27',	'2020-10-21 05:19:27'),
(652,	1,	'Dealer Ryde Details',	'dealer_ryde_details_pickup',	'2020-10-21 05:19:52',	'2020-10-21 05:19:52'),
(653,	1,	'Dealer Ryde Details',	'dealer_ryde_details_return',	'2020-10-21 05:20:06',	'2020-10-21 05:20:06'),
(654,	1,	'Dealer Home',	'dealer_home_return_capital',	'2020-10-21 05:21:00',	'2020-10-21 05:21:00'),
(655,	1,	'Dealer Home',	'dealer_home_canceled',	'2020-10-21 05:21:37',	'2020-10-21 05:21:37'),
(656,	1,	'Dealer Ryde Details',	'dealer_ryde_details_inspect_ryde',	'2020-10-21 05:22:21',	'2020-10-21 05:22:21'),
(657,	1,	'Dealer Ryde Details',	'dealer_ryde_details_inspection_report',	'2020-10-21 05:23:25',	'2020-10-21 05:23:25'),
(658,	1,	'Dealer Ryde Details',	'dealer_ryde_details_active_booking',	'2020-10-21 05:23:55',	'2020-10-21 05:23:55'),
(659,	1,	'Dealer Ryde Details',	'dealer_ryde_details_transaction_id',	'2020-10-21 05:24:38',	'2020-10-21 05:24:38'),
(660,	1,	'Dealer Ryde Details',	'dealer_ryde_details_ryde',	'2020-10-21 05:25:03',	'2020-10-21 05:25:03'),
(661,	1,	'Dealer Ryde Details',	'dealer_ryde_details_color',	'2020-10-21 05:26:23',	'2020-10-21 05:26:23'),
(662,	1,	'Dealer Ryde Details',	'dealer_ryde_details_full_name',	'2020-10-21 05:26:53',	'2020-10-21 05:26:53'),
(663,	1,	'Dealer Ryde Details',	'dealer_ryde_details_mobile',	'2020-10-21 05:27:13',	'2020-10-21 05:27:13'),
(664,	1,	'Dealer Ryde Details',	'dealer_ryde_details_email',	'2020-10-21 05:28:23',	'2020-10-21 05:28:23'),
(665,	1,	'Dealer Ryde Details',	'dealer_ryde_details_pick_up',	'2020-10-21 05:28:47',	'2020-10-21 05:28:47'),
(666,	1,	'Dealer Ryde Details',	'dealer_ryde_details_date',	'2020-10-21 05:29:02',	'2020-10-21 05:29:02'),
(667,	1,	'Dealer Ryde Details',	'dealer_ryde_details_time',	'2020-10-21 05:29:19',	'2020-10-21 05:29:19'),
(668,	1,	'Dealer Side Menu',	'dealer_side_menu_title',	'2020-10-21 05:30:34',	'2020-10-21 05:30:34'),
(669,	1,	'Dealer Side Menu',	'dealer_side_menu_app_settings',	'2020-10-21 05:31:42',	'2020-10-21 05:31:42'),
(670,	1,	'Dealer Side Menu',	'dealer_side_menu_support',	'2020-10-21 05:32:28',	'2020-10-21 05:32:28'),
(671,	1,	'Dealer Side Menu',	'dealer_side_menu_account',	'2020-10-21 05:32:59',	'2020-10-21 05:32:59'),
(672,	1,	'Dealer Side Menu',	'dealer_side_menu_about',	'2020-10-21 05:33:24',	'2020-10-21 05:33:24'),
(673,	1,	'Dealer App Settings',	'dealer_app_settings_title',	'2020-10-21 05:34:13',	'2020-10-21 05:35:58'),
(674,	1,	'Dealer App Settings',	'dealer_app_settings_turn_off_notification',	'2020-10-21 05:35:17',	'2020-10-21 05:35:17'),
(675,	1,	'Dealer App Settings',	'dealer_app_settings_turn_on_notification',	'2020-10-21 05:36:37',	'2020-10-21 05:36:37'),
(676,	1,	'Dealer Support',	'dealer_support_title',	'2020-10-21 05:37:37',	'2020-10-21 05:37:37'),
(677,	1,	'Dealer Support',	'dealer_support_contact_us',	'2020-10-21 05:38:38',	'2020-10-21 05:38:38'),
(678,	1,	'Dealer Support',	'dealer_support_report_a_problem',	'2020-10-21 05:39:31',	'2020-10-21 05:39:31'),
(679,	1,	'Dealer Report A Problem',	'dealer_report_a_problem_title',	'2020-10-21 05:40:24',	'2020-10-21 05:40:24'),
(680,	1,	'Dealer Report A Problem',	'dealer_report_a_problem_help_us',	'2020-10-21 05:41:43',	'2020-10-21 05:41:43'),
(681,	1,	'Dealer Report A Problem',	'dealer_report_a_problem_add_screenshot',	'2020-10-21 05:42:41',	'2020-10-21 05:42:41'),
(682,	1,	'Dealer Report A Problem',	'dealer_report_a_problem_text',	'2020-10-21 05:43:05',	'2020-10-21 05:43:05'),
(683,	1,	'Dealer Report A Problem',	'dealer_report_a_problem_message',	'2020-10-21 05:45:01',	'2020-10-21 05:45:01'),
(684,	1,	'Dealer Contact Us',	'dealer_contact_us_title',	'2020-10-21 05:46:18',	'2020-10-21 05:46:18'),
(685,	1,	'Dealer Contact Us',	'dealer_contact_us_send_us',	'2020-10-21 05:47:19',	'2020-10-21 05:47:19'),
(686,	1,	'Dealer Contact Us',	'dealer_contact_us_message',	'2020-10-21 05:47:53',	'2020-10-21 05:47:53'),
(687,	1,	'Dealer Contact Us',	'dealer_contact_us_send',	'2020-10-21 05:48:19',	'2020-10-21 05:48:19'),
(688,	1,	'Dealer About',	'dealer_about_title',	'2020-10-21 05:49:04',	'2020-10-21 05:49:04'),
(689,	1,	'Dealer About',	'dealer_about_privacy',	'2020-10-21 05:49:54',	'2020-10-21 05:49:54'),
(690,	1,	'Dealer About',	'dealer_about_terms_condition',	'2020-10-21 05:50:46',	'2020-10-21 05:50:46'),
(691,	1,	'Dealer About',	'dealer_about_version',	'2020-10-21 05:51:37',	'2020-10-21 05:51:37'),
(692,	1,	'Dealer Privacy Policy',	'dealer_privacy_policy_title',	'2020-10-21 05:52:50',	'2020-10-21 05:52:50'),
(693,	1,	'Dealer Account',	'dealer_account_title',	'2020-10-21 05:54:44',	'2020-10-21 05:54:44'),
(694,	1,	'Dealer Account',	'dealer_account_company',	'2020-10-21 05:55:27',	'2020-10-21 05:55:27'),
(695,	1,	'Dealer Account',	'dealer_account_email_address',	'2020-10-21 05:55:59',	'2020-10-21 05:55:59'),
(696,	1,	'Dealer Account',	'dealer_account_logout_message',	'2020-10-21 05:59:52',	'2020-10-21 05:59:52'),
(697,	1,	'Dealer Account',	'dealer_account_mobile_number',	'2020-10-21 06:00:46',	'2020-10-21 06:00:46'),
(698,	1,	'Dealer Inspect Ryde',	'dealer_inspect_ryde_title',	'2020-10-21 06:02:41',	'2020-10-21 06:02:41'),
(699,	1,	'Dealer Inspect Ryde',	'dealer_inspect_ryde_pickup',	'2020-10-21 06:03:34',	'2020-10-21 06:03:34'),
(700,	1,	'Dealer Inspect Ryde',	'dealer_inspect_ryde_fuel_level',	'2020-10-21 06:04:28',	'2020-10-21 06:04:28'),
(701,	1,	'Dealer Inspect Ryde',	'dealer_inspect_ryde_quarter',	'2020-10-21 06:05:04',	'2020-10-21 06:05:04'),
(702,	1,	'Dealer Inspect Ryde',	'dealer_inspect_ryde_interior',	'2020-10-21 06:05:55',	'2020-10-21 06:05:55'),
(703,	1,	'Dealer Inspect Ryde',	'dealer_inspect_ryde_kit',	'2020-10-21 06:06:20',	'2020-10-21 06:06:20'),
(704,	1,	'Dealer Inspect Ryde',	'dealer_inspect_ryde_spare_tire',	'2020-10-21 06:07:07',	'2020-10-21 06:07:07'),
(705,	1,	'Dealer Inspect Ryde',	'dealer_inspect_ryde_ryde_mileage',	'2020-10-21 06:08:13',	'2020-10-21 06:08:13'),
(706,	1,	'Dealer Inspect Ryde',	'dealer_inspect_ryde_body_inspection',	'2020-10-21 06:10:03',	'2020-10-21 06:10:03'),
(707,	1,	'Dealer Inspect Ryde',	'dealer_inspect_ryde_ryde_photos',	'2020-10-21 06:10:57',	'2020-10-21 06:10:57'),
(708,	1,	'Dealer Inspect Ryde',	'dealer_inspect_ryde_license_photo',	'2020-10-21 06:11:49',	'2020-10-21 06:11:49'),
(709,	1,	'Dealer Inspect Ryde',	'dealer_inspect_ryde_awaiting_customer_approval',	'2020-10-21 06:13:17',	'2020-10-21 06:13:17'),
(710,	1,	'Dealer Inspect Ryde',	'dealer_inspect_ryde_inspection_sent',	'2020-10-21 06:14:03',	'2020-10-21 06:14:03'),
(711,	1,	'Dealer Inspect Ryde',	'dealer_inspect_ryde_edit_resend',	'2020-10-21 06:14:52',	'2020-10-21 06:14:52'),
(712,	1,	'Dealer Inspect Ryde',	'dealer_inspect_ryde_cancel_unsend',	'2020-10-21 06:16:24',	'2020-10-21 06:16:24'),
(713,	1,	'Dealer Inspect Ryde',	'dealer_inspect_ryde_approved',	'2020-10-21 06:17:31',	'2020-10-21 06:17:31'),
(714,	1,	'Dealer Inspect Ryde',	'dealer_inspect_ryde_ryde_page',	'2020-10-21 06:18:13',	'2020-10-21 06:18:13'),
(715,	1,	'Dealer Inspect Ryde',	'dealer_inspect_ryde_return',	'2020-10-21 06:19:02',	'2020-10-21 06:19:02'),
(716,	1,	'Dealer Inspect Ryde',	'dealer_inspect_ryde_canceled',	'2020-10-21 06:19:46',	'2020-10-21 06:19:46'),
(717,	1,	'Dealer Inspect Ryde',	'dealer_inspect_ryde_retake_by_camera',	'2020-10-21 06:21:13',	'2020-10-21 06:21:13'),
(718,	1,	'Dealer Inspect Ryde',	'dealer_inspect_ryde_replace_from_galley',	'2020-10-21 06:21:47',	'2020-10-21 06:21:47'),
(719,	1,	'Dealer Inspect Ryde',	'dealer_inspect_ryde_delete',	'2020-10-21 06:22:18',	'2020-10-21 06:22:18'),
(720,	1,	'Dealer Inspect Ryde',	'dealer_inspect_ryde_send',	'2020-10-21 06:23:07',	'2020-10-21 06:23:07'),
(721,	1,	'Dealer Body Inspection',	'dealer_body_inspection_title',	'2020-10-21 06:25:29',	'2020-10-21 06:25:29'),
(722,	1,	'Dealer Body Inspection',	'dealer_body_inspection_left_side',	'2020-10-21 06:27:04',	'2020-10-21 06:27:04'),
(723,	1,	'Dealer Body Inspection',	'dealer_body_inspection_right_side',	'2020-10-21 06:27:51',	'2020-10-21 06:27:51'),
(724,	1,	'Dealer Body Inspection',	'dealer_body_inspection_front',	'2020-10-21 06:28:47',	'2020-10-21 06:28:47'),
(725,	1,	'Dealer Body Inspection',	'dealer_body_inspection_back',	'2020-10-21 06:29:18',	'2020-10-21 06:29:18'),
(726,	1,	'Dealer Body Inspection',	'dealer_body_inspection_bump',	'2020-10-21 06:29:59',	'2020-10-21 06:29:59'),
(727,	1,	'Dealer Body Inspection',	'dealer_body_inspection_scratch',	'2020-10-21 06:30:38',	'2020-10-21 06:30:38'),
(728,	1,	'Dealer Body Inspection',	'dealer_body_inspection_broken',	'2020-10-21 06:31:13',	'2020-10-21 06:31:13'),
(729,	1,	'Dealer Body Inspection',	'dealer_body_inspection_cancel',	'2020-10-21 06:31:51',	'2020-10-21 06:31:51'),
(730,	1,	'Dealer Notification',	'dealer_notification_title',	'2020-10-21 06:34:19',	'2020-10-21 06:34:19'),
(731,	1,	'Dealer Branch',	'dealer_branch_title',	'2020-10-21 06:38:01',	'2020-10-21 06:38:01'),
(732,	1,	'Dealer Branch',	'dealer_branch_clear',	'2020-10-21 06:38:34',	'2020-10-21 06:38:34'),
(733,	1,	'Dealer Branch',	'dealer_branch_apply',	'2020-10-21 06:39:34',	'2020-10-21 06:39:34'),
(734,	1,	'Dealer Branch',	'dealer_branch_select_message',	'2020-10-21 06:40:32',	'2020-10-21 06:40:32'),
(735,	1,	'Dealer Branch',	'dealer_branch_type_here',	'2020-10-21 06:41:22',	'2020-10-21 06:41:22'),
(736,	1,	'Dealer Login',	'deal_login_title',	'2020-10-21 06:49:34',	'2020-10-21 06:49:34'),
(737,	1,	'Dealer Login',	'dealer_login_email_address',	'2020-10-21 06:50:33',	'2020-10-21 06:50:33'),
(738,	1,	'Dealer Login',	'dealer_login_password',	'2020-10-21 06:50:57',	'2020-10-21 06:50:57'),
(739,	1,	'Dealer Login',	'dealer_login_forgot_password',	'2020-10-21 06:52:04',	'2020-10-21 06:52:04'),
(740,	1,	'Dealer Login',	'dealer_login_please_contact_you',	'2020-10-21 06:53:02',	'2020-10-21 06:53:02'),
(741,	1,	'Dealer Login',	'dealer_login_please_enter_email',	'2020-10-21 06:54:38',	'2020-10-21 06:54:38'),
(742,	1,	'Dealer Login',	'dealer_login_please_enter_password',	'2020-10-21 06:55:34',	'2020-10-21 06:55:34'),
(743,	1,	'Dealer Select Language',	'dealer_select_language_title',	'2020-10-21 06:57:47',	'2020-10-21 06:57:47'),
(744,	1,	'Dealer Select Language',	'dealer_select_language_en',	'2020-10-21 06:58:36',	'2020-10-21 06:58:36'),
(745,	1,	'Dealer Select Language',	'dealer_select_language_ar',	'2020-10-21 06:59:09',	'2020-10-21 06:59:09'),
(746,	1,	'Dealer Report A Problem',	'dealer_report_a_problem_please_upload_screenshot',	'2020-10-21 07:01:24',	'2020-10-21 07:01:24'),
(747,	1,	'Dealer Report A Problem',	'dealer_report_a_problem_please_enter_message',	'2020-10-21 07:02:06',	'2020-10-21 07:02:06'),
(748,	1,	'Dealer Contact Us',	'dealer_contact_us_please_enter_message',	'2020-10-21 07:03:04',	'2020-10-21 07:03:04'),
(749,	1,	'Dealer Login',	'dealer_login_please_enter_valid_email',	'2020-10-21 08:05:58',	'2020-10-21 08:05:58'),
(750,	1,	'Dealer Home Screen',	'complete_status',	'2020-10-21 10:02:56',	'2020-10-21 10:02:56'),
(751,	1,	'Dealer Home Screen',	'cancelled_status',	'2020-10-21 10:03:15',	'2020-10-21 10:03:15'),
(752,	1,	'Dealer Home Screen',	'no_show_status',	'2020-10-21 10:03:28',	'2020-10-21 10:03:28'),
(753,	0,	'Become A Dealer',	'accept',	'2020-10-22 01:04:30',	'2020-10-22 01:04:30'),
(754,	0,	'Become A Dealer',	'reject',	'2020-10-22 01:05:22',	'2020-10-22 01:05:22'),
(755,	0,	'Vehicle List',	'sold',	'2020-10-22 05:00:35',	'2020-10-22 05:00:35'),
(756,	0,	'Vehicle List',	'enter_price',	'2020-10-22 05:01:36',	'2020-10-22 05:01:36'),
(757,	0,	'Vehicle List',	'sold_vehicle_modal',	'2020-10-22 05:48:12',	'2020-10-22 05:48:12'),
(758,	0,	'Vehicle List',	'future_booked',	'2020-10-22 05:58:07',	'2020-10-22 05:58:07'),
(759,	0,	'Vehicle List',	'sold_price_update',	'2020-10-22 06:00:25',	'2020-10-22 06:00:25'),
(760,	0,	'Vehicle List',	'maintenance',	'2020-10-22 06:05:13',	'2020-10-22 06:05:13'),
(761,	0,	'Vehicle List',	'retired',	'2020-10-22 06:05:30',	'2020-10-22 06:05:30'),
(762,	0,	'Vehicle List',	'change_status',	'2020-10-22 08:42:54',	'2020-10-22 08:42:54'),
(763,	0,	'Become A Dealer',	'yes_accept_it',	'2020-10-23 01:51:36',	'2020-10-23 01:51:36'),
(764,	0,	'Become A Dealer',	'reason',	'2020-10-23 01:52:31',	'2020-10-23 01:52:31'),
(765,	0,	'Main Ryde',	'branch',	'2020-10-24 11:30:23',	'2020-10-24 11:30:23'),
(766,	0,	'Main Ryde',	'filters',	'2020-10-24 11:30:49',	'2020-10-24 11:30:49'),
(767,	1,	'Inspection',	'ryde_inspect_successfully',	'2020-10-24 12:38:58',	'2020-10-24 12:38:58'),
(768,	1,	'Inspection',	'you_have_already_inspected_this_ryde',	'2020-10-24 12:51:38',	'2020-10-24 12:51:38'),
(769,	1,	'Rating',	'thanks_for_rating',	'2020-10-26 04:56:14',	'2020-10-26 04:56:14'),
(770,	1,	'Rating',	'you_have_already_rating_this_booking',	'2020-10-26 04:57:00',	'2020-10-26 04:57:00');

DROP TABLE IF EXISTS `language_string_translations`;
CREATE TABLE `language_string_translations` (
  `id` bigint(20) unsigned NOT NULL AUTO_INCREMENT,
  `language_string_id` bigint(20) unsigned NOT NULL,
  `name` varchar(191) COLLATE utf8mb4_unicode_ci NOT NULL,
  `locale` varchar(191) COLLATE utf8mb4_unicode_ci NOT NULL,
  PRIMARY KEY (`id`),
  UNIQUE KEY `language_string_translations_language_string_id_locale_unique` (`language_string_id`,`locale`),
  KEY `language_string_translations_locale_index` (`locale`),
  CONSTRAINT `language_string_translations_language_string_id_foreign` FOREIGN KEY (`language_string_id`) REFERENCES `language_strings` (`id`) ON DELETE CASCADE
) ENGINE=InnoDB DEFAULT CHARSET=utf8mb4 COLLATE=utf8mb4_unicode_ci;

INSERT INTO `language_string_translations` (`id`, `language_string_id`, `name`, `locale`) VALUES
(1,	1,	'Dashboard',	'en'),
(2,	1,	'لوحة التحكم الرئيسية',	'ar'),
(3,	2,	'Submit',	'en'),
(4,	2,	'إرسال',	'ar'),
(5,	3,	'Cancel',	'en'),
(6,	3,	'إلغاء',	'ar'),
(7,	4,	'Dealers',	'en'),
(8,	4,	'وكلاء',	'ar'),
(9,	5,	'Add Dealer',	'en'),
(10,	5,	'إضافة وكيل',	'ar'),
(11,	6,	'Ryde',	'en'),
(12,	6,	'رايد',	'ar'),
(13,	7,	'Ryde',	'en'),
(14,	7,	'رايد',	'ar'),
(15,	8,	'Bodies',	'en'),
(16,	8,	'هياكل',	'ar'),
(17,	9,	'Brands',	'en'),
(18,	9,	'الماركات',	'ar'),
(19,	10,	'Models',	'en'),
(20,	10,	'نماذج',	'ar'),
(21,	11,	'Colors',	'en'),
(22,	11,	'ألوان',	'ar'),
(23,	12,	'Years',	'en'),
(24,	12,	'سنين',	'ar'),
(25,	13,	'Doors',	'en'),
(26,	13,	'ابواب',	'ar'),
(27,	14,	'Engines',	'en'),
(28,	14,	'محركات',	'ar'),
(29,	15,	'Gearboxes',	'en'),
(30,	15,	'علب التروس',	'ar'),
(31,	16,	'Fuels',	'en'),
(32,	16,	'وقود',	'ar'),
(33,	17,	'Insurances',	'en'),
(34,	17,	'التأمينات',	'ar'),
(35,	18,	'Options',	'en'),
(36,	18,	'خيارات',	'ar'),
(37,	19,	'Extra',	'en'),
(38,	19,	'إضافي',	'ar'),
(39,	20,	'Features',	'en'),
(40,	20,	'ميزات',	'ar'),
(41,	21,	'Manage Payments',	'en'),
(42,	21,	'إدارة المدفوعات',	'ar'),
(43,	22,	'RydeZilla Commissions',	'en'),
(44,	22,	'RydeZilla عمولات',	'ar'),
(45,	23,	'Featured Categories',	'en'),
(46,	23,	'فئات مميزة',	'ar'),
(47,	24,	'Announcements',	'en'),
(48,	24,	'اعلانات',	'ar'),
(49,	25,	'Manage Admins',	'en'),
(50,	25,	'إدارة المسؤولين',	'ar'),
(51,	26,	'Abilities',	'en'),
(52,	26,	'القدرات',	'ar'),
(53,	27,	'Add Ability',	'en'),
(54,	27,	'إضافة قدرة',	'ar'),
(55,	28,	'Roles',	'en'),
(56,	28,	'ادوار',	'ar'),
(57,	29,	'Add Role',	'en'),
(58,	29,	'اضافة دور',	'ar'),
(59,	30,	'Global Settings',	'en'),
(60,	30,	'الاعدادات العامة',	'ar'),
(61,	31,	'Language Strings',	'en'),
(62,	31,	'سلاسل اللغة',	'ar'),
(63,	32,	'Settings',	'en'),
(64,	32,	'الإعدادات',	'ar'),
(65,	33,	'Countries',	'en'),
(66,	33,	'الدول',	'ar'),
(67,	34,	'Pages',	'en'),
(68,	34,	'الصفحات',	'ar'),
(69,	35,	'Add New',	'en'),
(70,	35,	'اضف جديد',	'ar'),
(71,	36,	'ID',	'en'),
(72,	36,	'الهوية',	'ar'),
(73,	37,	'Name',	'en'),
(74,	37,	'اسم',	'ar'),
(75,	38,	'Email',	'en'),
(76,	38,	'البريد الإلكتروني',	'ar'),
(77,	39,	'Mobile No',	'en'),
(78,	39,	'رقم المحمول',	'ar'),
(79,	40,	'Actions',	'en'),
(80,	40,	'أجراءات',	'ar'),
(81,	41,	'Edit',	'en'),
(82,	41,	'تعديل',	'ar'),
(83,	42,	'Delete',	'en'),
(84,	42,	'حذف',	'ar'),
(85,	43,	'View Details',	'en'),
(86,	43,	'عرض التفاصيل',	'ar'),
(87,	44,	'Contact Details',	'en'),
(88,	44,	'معلومات التواصل',	'ar'),
(89,	45,	'Security Deposit',	'en'),
(90,	45,	'مبلغ التأمين',	'ar'),
(91,	46,	'Bank IBAN',	'en'),
(92,	46,	'رقم الحساب المصرفي الدولي',	'ar'),
(93,	47,	'License Number',	'en'),
(94,	47,	'رقم الرخصة',	'ar'),
(95,	48,	'Image',	'en'),
(96,	48,	'صورة',	'ar'),
(97,	49,	'Brand',	'en'),
(98,	49,	'الماركة',	'ar'),
(99,	50,	'Please Select Brand',	'en'),
(100,	50,	'يرجى تحديد الماركة',	'ar'),
(101,	51,	'Year',	'en'),
(102,	51,	'السنة',	'ar'),
(103,	52,	'Model',	'en'),
(104,	52,	'موديل',	'ar'),
(105,	53,	'Color',	'en'),
(106,	53,	'اللون',	'ar'),
(107,	54,	'Close',	'en'),
(108,	54,	'اغلق',	'ar'),
(109,	55,	'Body',	'en'),
(110,	55,	'الهيكل',	'ar'),
(111,	56,	'Engine',	'en'),
(112,	56,	'المحرك',	'ar'),
(113,	57,	'Door',	'en'),
(114,	57,	'باب',	'ar'),
(115,	58,	'Gearbox',	'en'),
(116,	58,	'ناقل الحركة',	'ar'),
(117,	59,	'Fuel',	'en'),
(118,	59,	'الوقود',	'ar'),
(119,	60,	'Seat',	'en'),
(120,	60,	'مقعد',	'ar'),
(121,	61,	'Please Select Model',	'en'),
(122,	61,	'الرجاء تحديد الموديل',	'ar'),
(123,	62,	'Please Select Year',	'en'),
(124,	62,	'الرجاء تحديد السنة',	'ar'),
(125,	63,	'Please Select Color',	'en'),
(126,	63,	'يرجى الاختيار اللون',	'ar'),
(127,	64,	'Please Select Body',	'en'),
(128,	64,	'يرجى تحديد الهيكل',	'ar'),
(129,	65,	'Please Select Engine',	'en'),
(130,	65,	'يرجى تحديد المحرك',	'ar'),
(131,	66,	'Please Select Door',	'en'),
(132,	66,	'الرجاء تحديد الباب',	'ar'),
(133,	67,	'Please Select Gearbox',	'en'),
(134,	67,	'يرجى تحديد ناقل السرعات',	'ar'),
(135,	68,	'Please Select Fuel',	'en'),
(136,	68,	'يرجى تحديد الوقود',	'ar'),
(137,	69,	'Add Ryde',	'en'),
(138,	69,	'اضف رايد',	'ar'),
(139,	70,	'Edit Ryde',	'en'),
(140,	70,	'تعديل رايد',	'ar'),
(141,	71,	'Ryde Details',	'en'),
(142,	71,	'تفاصيل رايد',	'ar'),
(143,	72,	'Add Body',	'en'),
(144,	72,	'أضف الهيكل',	'ar'),
(145,	73,	'Edit Body',	'en'),
(146,	73,	'تعديل الهيكل',	'ar'),
(147,	74,	'Add Brand',	'en'),
(148,	74,	'اضف الماركة',	'ar'),
(149,	75,	'Edit Brand',	'en'),
(150,	75,	'تعديل الماركة',	'ar'),
(151,	76,	'Add Model',	'en'),
(152,	76,	'اضف الموديل',	'ar'),
(153,	77,	'Edit Model',	'en'),
(154,	77,	'تعديل الموديل',	'ar'),
(155,	78,	'Add Color',	'en'),
(156,	78,	'اضافة اللون',	'ar'),
(157,	79,	'Edit Color',	'en'),
(158,	79,	'تعديل اللون',	'ar'),
(159,	80,	'Add Year',	'en'),
(160,	80,	'اضافة السنة',	'ar'),
(161,	81,	'Edit Year',	'en'),
(162,	81,	'تعديل السنة',	'ar'),
(163,	82,	'Add Door',	'en'),
(164,	82,	'اضف الباب',	'ar'),
(165,	83,	'Edit Door',	'en'),
(166,	83,	'تعديل الباب',	'ar'),
(167,	84,	'Add Engine',	'en'),
(168,	84,	'اضف محرك',	'ar'),
(169,	85,	'Edit Engine',	'en'),
(170,	85,	'تعديل المحرك',	'ar'),
(171,	86,	'Add Gearbox',	'en'),
(172,	86,	'اضف ناقل السرعة',	'ar'),
(173,	87,	'Edit Gearbox',	'en'),
(174,	87,	'تعديل ناقل السرعة',	'ar'),
(175,	88,	'Add Insurance',	'en'),
(176,	88,	'اضف التأمين',	'ar'),
(177,	89,	'Edit Insurance',	'en'),
(178,	89,	'تعديل التأمين',	'ar'),
(179,	90,	'Add Option',	'en'),
(180,	90,	'إضافة خيار',	'ar'),
(181,	91,	'Edit Option',	'en'),
(182,	91,	'تعديل الخيار',	'ar'),
(183,	92,	'Add Extra',	'en'),
(184,	92,	'أضف اضافي',	'ar'),
(185,	93,	'Edit Extra',	'en'),
(186,	93,	'تعديل الاضافة',	'ar'),
(187,	94,	'Add Feature',	'en'),
(188,	94,	'إضافة ميزة',	'ar'),
(189,	95,	'Edit Feature',	'en'),
(190,	95,	'تعديل الميزة',	'ar'),
(191,	96,	'Add Featured Category',	'en'),
(192,	96,	'إضافة فئة مميزة',	'ar'),
(193,	97,	'Edit Featured Category',	'en'),
(194,	97,	'تعديل فئة مميزة',	'ar'),
(195,	98,	'Country',	'en'),
(196,	98,	'دولة',	'ar'),
(197,	99,	'Message',	'en'),
(198,	99,	'رسالة',	'ar'),
(199,	100,	'Please Select Country',	'en'),
(200,	100,	'الرجاء اختيار الدولة',	'ar'),
(201,	101,	'Add Announcement',	'en'),
(202,	101,	'أضف إعلان',	'ar'),
(203,	102,	'Edit Announcement',	'en'),
(204,	102,	'تعديل إعلان',	'ar'),
(205,	103,	'Edit Role',	'en'),
(206,	103,	'تعديل الدور',	'ar'),
(207,	104,	'Code',	'en'),
(208,	104,	'رمز',	'ar'),
(209,	105,	'Country Code',	'en'),
(210,	105,	'رمز الدولة',	'ar'),
(211,	106,	'Add Country',	'en'),
(212,	106,	'اضف دولة',	'ar'),
(213,	107,	'Edit Country',	'en'),
(214,	107,	'تعديل دولة',	'ar'),
(215,	108,	'Phone Code',	'en'),
(216,	108,	'رمز الهاتف',	'ar'),
(217,	109,	'Description',	'en'),
(218,	109,	'الوصف',	'ar'),
(219,	110,	'Add Language String',	'en'),
(220,	110,	'إضافة سلسلة اللغة',	'ar'),
(221,	111,	'Edit Language String',	'en'),
(222,	111,	'تعديل سلسلة اللغة',	'ar'),
(223,	112,	'For',	'en'),
(224,	112,	'ل',	'ar'),
(225,	113,	'App Or Panel',	'en'),
(226,	113,	'التطبيق أو اللوحة',	'ar'),
(227,	114,	'Screen Name',	'en'),
(228,	114,	'الاسم الذي سيظهر',	'ar'),
(229,	115,	'Key',	'en'),
(230,	115,	'مفتاح',	'ar'),
(231,	116,	'Value',	'en'),
(232,	116,	'القيمة',	'ar'),
(233,	117,	'Driver Requirements',	'en'),
(234,	117,	'متطلبات السائق',	'ar'),
(235,	118,	'Requirement',	'en'),
(236,	118,	'المتطلبات',	'ar'),
(237,	119,	'Add Driver Requirement',	'en'),
(238,	119,	'إضافة متطلبات السائق',	'ar'),
(239,	120,	'Edit Driver Requirement',	'en'),
(240,	120,	'تعديل متطلبات السائق',	'ar'),
(241,	121,	'Something are wrong',	'en'),
(242,	121,	'هناك شيء خاطئ',	'ar'),
(243,	122,	'Please check your mail & reset your password',	'en'),
(244,	122,	'يرجى التحقق من بريدك الإلكتروني وإعادة تعيين كلمة المرور الخاصة بك',	'ar'),
(245,	123,	'You have enter invalid old password',	'en'),
(246,	123,	'لقد أدخلت كلمة مرور قديمة غير صالحة',	'ar'),
(247,	124,	'Ryde Book successfully',	'en'),
(248,	124,	'حجز رايد بنجاح',	'ar'),
(249,	125,	'This link is expire',	'en'),
(250,	125,	'انتهت صلاحية هذا الرابط',	'ar'),
(251,	126,	'User Not found',	'en'),
(252,	126,	'المستخدم ليس موجود',	'ar'),
(253,	127,	'Password update successfully',	'en'),
(254,	127,	'تم تحديث كلمة المرور بنجاح',	'ar'),
(255,	128,	'invalid credentials',	'en'),
(256,	128,	'بيانات الاعتماد غير صالحة',	'ar'),
(257,	129,	'Ryde Not available',	'en'),
(258,	129,	'رايد غير متوفرة',	'ar'),
(259,	130,	'Ryde Not available',	'en'),
(260,	130,	'رايد غير متوفرة',	'ar'),
(261,	131,	'Sorry, Ryde Details not available',	'en'),
(262,	131,	'آسف ، تفاصيل رايد غير متوفرة',	'ar'),
(263,	132,	'Branches',	'en'),
(264,	132,	'الفروع',	'ar'),
(265,	133,	'Add Branch',	'en'),
(266,	133,	'اضافة فرع',	'ar'),
(267,	134,	'Trade license doc',	'en'),
(268,	134,	'وثيقة الرخصة التجارية',	'ar'),
(269,	135,	'Login Details',	'en'),
(270,	135,	'تفاصيل تسجيل الدخول',	'ar'),
(271,	136,	'Same as Contact Details',	'en'),
(272,	136,	'نفس تفاصيل الاتصال',	'ar'),
(273,	137,	'Login User Name',	'en'),
(274,	137,	'اسم مستخدم تسجيل الدخول',	'ar'),
(275,	138,	'Login User Contact No',	'en'),
(276,	138,	'رقم مستخدم تسجيل الدخول',	'ar'),
(277,	139,	'Contact No',	'en'),
(278,	139,	'رقم الاتصال',	'ar'),
(279,	140,	'Login User Email',	'en'),
(280,	140,	'البريد الإلكتروني للمستخدم',	'ar'),
(281,	141,	'Password',	'en'),
(282,	141,	'كلمة السر',	'ar'),
(283,	142,	'Business Details',	'en'),
(284,	142,	'تفاصيل العمل التجاري',	'ar'),
(285,	143,	'Business Name',	'en'),
(286,	143,	'اسم العمل التجاري',	'ar'),
(287,	144,	'Business Number',	'en'),
(288,	144,	'رقم العمل التجاري',	'ar'),
(289,	145,	'Edit Dealer',	'en'),
(290,	145,	'تعديل الوكيل',	'ar'),
(291,	146,	'Details',	'en'),
(292,	146,	'تفاصيل',	'ar'),
(293,	147,	'Add New Branch',	'en'),
(294,	147,	'اضافة فرع جديد',	'ar'),
(295,	148,	'Business, Bank & License Details',	'en'),
(296,	148,	'تفاصيل العمل التجاري والبنك والترخيص',	'ar'),
(297,	149,	'Phone No',	'en'),
(298,	149,	'رقم الهاتف',	'ar'),
(299,	150,	'Company Name',	'en'),
(300,	150,	'اسم الشركة',	'ar'),
(301,	151,	'Address',	'en'),
(302,	151,	'العنوان',	'ar'),
(303,	152,	'Service Distance',	'en'),
(304,	152,	'مسافة الخدمة',	'ar'),
(305,	153,	'Status',	'en'),
(306,	153,	'الحالة',	'ar'),
(307,	154,	'View Image',	'en'),
(308,	154,	'View Image',	'ar'),
(309,	155,	'Branch Contact Details',	'en'),
(310,	155,	'تفاصيل التواصل بالفرع',	'ar'),
(311,	156,	'Working Hour',	'en'),
(312,	156,	'ساعات العمل',	'ar'),
(313,	157,	'Day',	'en'),
(314,	157,	'يوم',	'ar'),
(315,	158,	'Shift 1 Start Time',	'en'),
(316,	158,	'وقت البدء فترة العمل الاولى',	'ar'),
(317,	159,	'Shift 1 End Time',	'en'),
(318,	159,	'وقت انتهاء فترة العمل الاولى',	'ar'),
(319,	160,	'Shift 2 Start Time',	'en'),
(320,	160,	'وقت البدء فترة العمل الثانية',	'ar'),
(321,	161,	'Shift 2 End Time',	'en'),
(322,	161,	'وقت انتهاء فترة العمل الثانية',	'ar'),
(323,	162,	'Ryde Extra',	'en'),
(324,	162,	'رايد اكسترا',	'ar'),
(325,	163,	'Ryde Features',	'en'),
(326,	163,	'ميزات رايد',	'ar'),
(327,	164,	'Hourly Amount',	'en'),
(328,	164,	'المبلغ بالساعة',	'ar'),
(329,	165,	'Daily Amount',	'en'),
(330,	165,	'المبلغ اليومي',	'ar'),
(331,	166,	'Weekly Amount',	'en'),
(332,	166,	'المبلغ الاسبوعي',	'ar'),
(333,	167,	'Monthly Amount',	'en'),
(334,	167,	'المبلغ الشهري',	'ar'),
(335,	168,	'Price',	'en'),
(336,	168,	'السعر',	'ar'),
(337,	169,	'Booking ID',	'en'),
(338,	169,	'رقم الحجز',	'ar'),
(339,	170,	'Amount',	'en'),
(340,	170,	'مقدار',	'ar'),
(341,	171,	'Type',	'en'),
(342,	171,	'النوع',	'ar'),
(343,	172,	'TimeAgo',	'en'),
(344,	172,	'زمن مضى',	'ar'),
(345,	173,	'Company',	'en'),
(346,	173,	'الشركة',	'ar'),
(347,	174,	'Commissions',	'en'),
(348,	174,	'العمولات',	'ar'),
(349,	175,	'In Transfer',	'en'),
(350,	175,	'قيد التحويل',	'ar'),
(351,	176,	'Transferred',	'en'),
(352,	176,	'تم التحويل',	'ar'),
(353,	177,	'Same as Login Details',	'en'),
(354,	177,	'نفس تفاصيل تسجيل الدخول',	'ar'),
(355,	178,	'Branch Contact Name',	'en'),
(356,	178,	'اسم جهة التواصل بالفرع',	'ar'),
(357,	179,	'Branch Contact Number',	'en'),
(358,	179,	'رقم التواصل بالفرع',	'ar'),
(359,	180,	'Shift 2',	'en'),
(360,	180,	'فترة العمل ٢',	'ar'),
(361,	181,	'Edit Branch',	'en'),
(362,	181,	'تعديل الفرع',	'ar'),
(363,	182,	'Please Select Insurance',	'en'),
(364,	182,	'الرجاء اختيار التأمين',	'ar'),
(365,	183,	'Per Day',	'en'),
(366,	183,	'في اليوم',	'ar'),
(367,	184,	'Ryde does not found of this combination',	'en'),
(368,	184,	'لم يتم العثور رايد من هذا المزيج',	'ar'),
(369,	185,	'Ryde Not Availability',	'en'),
(370,	185,	'رايد غير متواجدة',	'ar'),
(371,	186,	'Start Date',	'en'),
(372,	186,	'تاريخ البدء',	'ar'),
(373,	187,	'End Date',	'en'),
(374,	187,	'تاريخ الانتهاء',	'ar'),
(375,	188,	'Active',	'en'),
(376,	188,	'نشط',	'ar'),
(377,	189,	'InActive',	'en'),
(378,	189,	'غير نشط',	'ar'),
(379,	190,	'Date',	'en'),
(380,	190,	'تاريخ',	'ar'),
(381,	191,	'Payment',	'en'),
(382,	191,	'الدفعة',	'ar'),
(383,	192,	'Withdraw',	'en'),
(384,	192,	'اسحب',	'ar'),
(385,	193,	'Total Balance',	'en'),
(386,	193,	'الرصيد الإجمالي',	'ar'),
(387,	194,	'Transaction Id',	'en'),
(388,	194,	'رقم المعاملة',	'ar'),
(389,	195,	'Booking Details',	'en'),
(390,	195,	'تفاصيل الحجز',	'ar'),
(391,	196,	'Total Car Rent',	'en'),
(392,	196,	'إجمالي إيجار السيارات',	'ar'),
(393,	197,	'Price',	'en'),
(394,	197,	'السعر',	'ar'),
(395,	198,	'Extra Service',	'en'),
(396,	198,	'خدمة اضافية',	'ar'),
(397,	199,	'Total',	'en'),
(398,	199,	'الاجمالي',	'ar'),
(399,	200,	'Final Amount',	'en'),
(400,	200,	'المبلغ النهائي',	'ar'),
(401,	201,	'Destroy Dealer',	'en'),
(402,	201,	'حذف وكيل',	'ar'),
(403,	202,	'Are you sure you want to permanently remove this record?',	'en'),
(404,	202,	'هل أنت متأكد أنك تريد إزالة هذا السجل نهائيًا؟',	'ar'),
(405,	203,	'No, cancel plx!',	'en'),
(406,	203,	'كلا، الرجاء الالغاء',	'ar'),
(407,	204,	'Yes, delete it!',	'en'),
(408,	204,	'نعم، احذف',	'ar'),
(409,	205,	'Destroy Ryde',	'en'),
(410,	205,	'حذف رايد',	'ar'),
(411,	206,	'Destroy Body',	'en'),
(412,	206,	'حذف الهيكل',	'ar'),
(413,	207,	'Destroy Brand',	'en'),
(414,	207,	'حذف الماركة',	'ar'),
(415,	208,	'Destroy Model',	'en'),
(416,	208,	'حذف الموديل',	'ar'),
(417,	209,	'Destroy color',	'en'),
(418,	209,	'حذف اللون',	'ar'),
(419,	210,	'Destroy Model Year',	'en'),
(420,	210,	'حذف سنة الموديل',	'ar'),
(421,	211,	'Destroy Door',	'en'),
(422,	211,	'حذف باب',	'ar'),
(423,	212,	'Destroy Gearbox',	'en'),
(424,	212,	'حذف ناقل السرعة',	'ar'),
(425,	213,	'Destroy Engine',	'en'),
(426,	213,	'حذف المحرك',	'ar'),
(427,	214,	'Destroy Fuel',	'en'),
(428,	214,	'حذف الوقود',	'ar'),
(429,	215,	'Destroy Insurance',	'en'),
(430,	215,	'حذف التأمين',	'ar'),
(431,	216,	'Destroy Option',	'en'),
(432,	216,	'حذف الخيار',	'ar'),
(433,	217,	'Destroy Extra',	'en'),
(434,	217,	'حذف الاضافة',	'ar'),
(435,	218,	'Destroy Feature',	'en'),
(436,	218,	'حذف الميزة',	'ar'),
(437,	219,	'Destroy Category',	'en'),
(438,	219,	'حذف الفئة',	'ar'),
(439,	220,	'Destroy Country',	'en'),
(440,	220,	'حذف الدولة',	'ar'),
(441,	221,	'Destroy Role',	'en'),
(442,	221,	'حذف الدور',	'ar'),
(443,	222,	'Destroy Language String',	'en'),
(444,	222,	'حذف سلسلة اللغة',	'ar'),
(445,	223,	'Destroy Branch',	'en'),
(446,	223,	'حذف فرع',	'ar'),
(447,	224,	'Destroy Announcement',	'en'),
(448,	224,	'حذف إخطار',	'ar'),
(449,	225,	'Destroy Ryde Not Availability',	'en'),
(450,	225,	'حذف رايد غير متوفرة',	'ar'),
(451,	226,	'Are you sure you want change status?',	'en'),
(452,	226,	'هل أنت متأكد أنك تريد تغيير الحالة؟',	'ar'),
(453,	227,	'Yes, Change it!',	'en'),
(454,	227,	'نعم ، قم بالتغيير!',	'ar'),
(455,	228,	'Transfer',	'en'),
(456,	228,	'حول',	'ar'),
(457,	229,	'Ryde Cancel Successfully',	'en'),
(458,	229,	'رايد الغيت بنجاح',	'ar'),
(459,	230,	'Our team will review your request  & get back to you shortly',	'en'),
(460,	230,	'سيقوم فريقنا بمراجعة طلبك والرد عليك قريبًا',	'ar'),
(461,	231,	'Deactive',	'en'),
(462,	231,	'عطّل',	'ar'),
(463,	232,	'Your session expire please login again',	'en'),
(464,	232,	'جلستك تنتهي يرجى تسجيل الدخول مرة أخرى',	'ar'),
(465,	233,	'Destroy Category Ryde',	'en'),
(466,	233,	'حذف فئة الرايد',	'ar'),
(467,	234,	'Booking',	'en'),
(468,	234,	'حجوزات',	'ar'),
(469,	235,	'User Name',	'en'),
(470,	235,	'اسم المستخدم',	'ar'),
(471,	236,	'Booked',	'en'),
(472,	236,	'حُجزت',	'ar'),
(473,	237,	'Completed',	'en'),
(474,	237,	'مكتمل',	'ar'),
(475,	238,	'Cancelled',	'en'),
(476,	238,	'مَلغي',	'ar'),
(477,	239,	'Review',	'en'),
(478,	239,	'استعراض',	'ar'),
(479,	240,	'Start',	'en'),
(480,	240,	'ابدأ',	'ar'),
(481,	241,	'End',	'en'),
(482,	241,	'انتهاء',	'ar'),
(483,	242,	'Total Day Rent',	'en'),
(484,	242,	'إجمالي إيجار اليوم',	'ar'),
(485,	243,	'License Expiry Date',	'en'),
(486,	243,	'تاريخ انتهاء الترخيص',	'ar'),
(487,	244,	'Bank Details',	'en'),
(488,	244,	'تفاصيل البنك',	'ar'),
(489,	245,	'Bank Name',	'en'),
(490,	245,	'اسم البنك',	'ar'),
(491,	246,	'Bank Address',	'en'),
(492,	246,	'عنوان البنك',	'ar'),
(493,	247,	'Bank Contact Number',	'en'),
(494,	247,	'رقم هاتف البنك',	'ar'),
(495,	248,	'Beneficiary Name',	'en'),
(496,	248,	'أسم المستفيد',	'ar'),
(497,	249,	'Bank Code',	'en'),
(498,	249,	'رمز البنك',	'ar'),
(499,	250,	'Dealer Logo',	'en'),
(500,	250,	'شعار الوكيل',	'ar'),
(501,	251,	'Trim',	'en'),
(502,	251,	'تريم',	'ar'),
(503,	252,	'Plate Number',	'en'),
(504,	252,	'رقم اللوحة',	'ar'),
(505,	253,	'Van Number',	'en'),
(506,	253,	'رقم المركبة',	'ar'),
(507,	254,	'Current Year Total Booking',	'en'),
(508,	254,	'إجمالي الحجوزات للعام الحالي',	'ar'),
(509,	255,	'Current Month Total Booking',	'en'),
(510,	255,	'إجمالي الحجوزات للشهر الحالي',	'ar'),
(511,	256,	'Current Year Total Amount Earning',	'en'),
(512,	256,	'إجمالي أرباح السنة الحالية',	'ar'),
(513,	257,	'Current Month Total Amount Earning',	'en'),
(514,	257,	'إجمالي أرباح الشهر الحالي',	'ar'),
(515,	258,	'Total Ryde',	'en'),
(516,	258,	'اجمالي الرايدز',	'ar'),
(517,	259,	'Today Booked Ryde',	'en'),
(518,	259,	'حجوزات الرايدز اليوم',	'ar'),
(519,	260,	'Maintenance',	'en'),
(520,	260,	'صيانة',	'ar'),
(521,	261,	'Global Extra',	'en'),
(522,	261,	'اضافة عامة',	'ar'),
(523,	262,	'Brand Logo',	'en'),
(524,	262,	'شعار الماركة',	'ar'),
(525,	263,	'Trade License',	'en'),
(526,	263,	'الرخصة التجارية',	'ar'),
(527,	264,	'Notification',	'en'),
(528,	264,	'اشعارات',	'ar'),
(529,	265,	'Report Problem',	'en'),
(530,	265,	'الإبلاغ عن مشكلة',	'ar'),
(531,	266,	'Contact Us',	'en'),
(532,	266,	'تواصل معنا',	'ar'),
(533,	267,	'Extra',	'en'),
(534,	267,	'اضافي',	'ar'),
(535,	268,	'Price Type',	'en'),
(536,	268,	'نوع السعر',	'ar'),
(537,	269,	'Please Select',	'en'),
(538,	269,	'الرجاء الإختيار',	'ar'),
(539,	270,	'Not Require',	'en'),
(540,	270,	'غير ملزم',	'ar'),
(541,	271,	'Daily',	'en'),
(542,	271,	'يومياً',	'ar'),
(543,	272,	'One Time',	'en'),
(544,	272,	'مرة واحدة',	'ar'),
(545,	273,	'Users',	'en'),
(546,	273,	'مستخدمين',	'ar'),
(547,	274,	'Model Name',	'en'),
(548,	274,	'اسم الموديل',	'ar'),
(549,	275,	'Admins',	'en'),
(550,	275,	'المدراء',	'ar'),
(551,	276,	'Admin User Inserted',	'en'),
(552,	276,	'تم إدراج المستخدم الإداري',	'ar'),
(553,	277,	'Admin User Updated',	'en'),
(554,	277,	'تم تحديث المستخدم الإداري',	'ar'),
(555,	278,	'Is Password Update?',	'en'),
(556,	278,	'هل تم تحديث كلمة المرور؟',	'ar'),
(557,	279,	'Edit Admin',	'en'),
(558,	279,	'تعديل مدير',	'ar'),
(559,	280,	'Please Check your email & verify your email address',	'en'),
(560,	280,	'يرجى التحقق من بريدك الإلكتروني والتحقق من عنوان بريدك الإلكتروني',	'ar'),
(561,	281,	'Notification Status updated',	'en'),
(562,	281,	'تم تحديث حالة الإخطار',	'ar'),
(563,	282,	'Thank you Contact Us.',	'en'),
(564,	282,	'شكرا على التواصل معنا',	'ar'),
(565,	283,	'Thank You for report us',	'en'),
(566,	283,	'شكراً على اعلامنا بالمشكلة',	'ar'),
(567,	284,	'Final Value',	'en'),
(569,	285,	'Privacy Policy',	'en'),
(571,	286,	'Looking for a Ryde ?',	'en'),
(573,	287,	'GO',	'en'),
(575,	288,	'Filter',	'en'),
(577,	289,	'Pick-Up',	'en'),
(579,	290,	'Return',	'en'),
(581,	291,	'Featured',	'en'),
(583,	292,	'rydez',	'en'),
(585,	293,	'Select Language',	'en'),
(587,	294,	'Login or signup to complete your booking',	'en'),
(589,	295,	'Login',	'en'),
(591,	296,	'Login',	'en'),
(593,	297,	'Email Address',	'en'),
(595,	298,	'FORGOT PASSWORD ?',	'en'),
(597,	299,	'Signup',	'en'),
(599,	300,	'Signup',	'en'),
(601,	301,	'Name',	'en'),
(603,	302,	'Mobile',	'en'),
(605,	303,	'Password',	'en'),
(607,	304,	'Confirm Password',	'en'),
(609,	305,	'I accept the Terms of Use , Privacy',	'en'),
(611,	306,	'Submit',	'en'),
(613,	307,	'Forget password',	'en'),
(615,	308,	'Reset Password',	'en'),
(617,	309,	'New Password',	'en'),
(619,	310,	'Reset',	'en'),
(621,	311,	'Select Country',	'en'),
(623,	312,	'CLEAR',	'en'),
(625,	313,	'Apply',	'en'),
(627,	314,	'Filter',	'en'),
(629,	315,	'Sort By',	'en'),
(631,	316,	'Filter by',	'en'),
(633,	317,	'Rate',	'en'),
(635,	318,	'KD',	'en'),
(637,	319,	'Newest first',	'en'),
(639,	320,	'Rating',	'en'),
(641,	321,	'Year ( Newest )',	'en'),
(643,	322,	'Price ( Low - High )',	'en'),
(645,	323,	'Price ( High - Low )',	'en'),
(647,	324,	'Show results',	'en'),
(649,	325,	'CLEAR',	'en'),
(651,	326,	'EDIT',	'en'),
(653,	327,	'Rental company name',	'en'),
(655,	328,	'days',	'en'),
(657,	329,	'Pick-Up',	'en'),
(659,	330,	'Return',	'en'),
(661,	331,	'SEATS',	'en'),
(663,	332,	'days',	'en'),
(665,	333,	'BOOK NOW',	'en'),
(667,	334,	'Pick up',	'en'),
(669,	335,	'Return',	'en'),
(671,	336,	'Checkout',	'en'),
(673,	337,	'Ryde',	'en'),
(675,	338,	'Color',	'en'),
(677,	339,	'Days rent',	'en'),
(679,	340,	'Sub Total',	'en'),
(681,	341,	'days',	'en'),
(683,	342,	'Full Name',	'en'),
(685,	343,	'Mobile',	'en'),
(687,	344,	'Email',	'en'),
(689,	345,	'Driver Requirements',	'en'),
(691,	346,	'Security Deposit.',	'en'),
(693,	347,	'Credit Card / Cash / Cheques',	'en'),
(695,	348,	'Company Name',	'en'),
(697,	349,	'Pick-Up',	'en'),
(699,	350,	'Drop-Off',	'en'),
(701,	351,	'Date',	'en'),
(703,	352,	'Time',	'en'),
(705,	353,	'PAY',	'en'),
(707,	354,	'Privacy Policy',	'en'),
(709,	355,	'Cancel Booking',	'en'),
(711,	356,	'Cancelation Terms',	'en'),
(713,	357,	'Cancelation Reason and extra details',	'en'),
(715,	358,	'Message',	'en'),
(717,	359,	'Cancel Request',	'en'),
(719,	360,	'Full Name',	'en'),
(721,	361,	'Mobile',	'en'),
(723,	362,	'Email',	'en'),
(725,	363,	'Drop-Off',	'en'),
(727,	364,	'Ryde',	'en'),
(729,	365,	'Color',	'en'),
(731,	366,	'Date',	'en'),
(733,	367,	'Time',	'en'),
(735,	368,	'Sub Total',	'en'),
(737,	369,	'Days rent',	'en'),
(739,	370,	'Extend Contract',	'en'),
(741,	371,	'Ryde Not available',	'en'),
(743,	372,	'Pick Different return date or find new ryde',	'en'),
(745,	373,	'Find new ryde',	'en'),
(747,	374,	'Check Availability',	'en'),
(749,	375,	'Extend Contract',	'en'),
(751,	376,	'Contact Support',	'en'),
(753,	377,	'Cancel Booking',	'en'),
(755,	378,	'Transaction ID',	'en'),
(757,	379,	'Color',	'en'),
(759,	380,	'Ryde',	'en'),
(761,	381,	'Full Name',	'en'),
(763,	382,	'Mobile',	'en'),
(765,	383,	'Email',	'en'),
(767,	384,	'Drop-Off',	'en'),
(769,	385,	'Pick-Up',	'en'),
(771,	386,	'Date',	'en'),
(773,	387,	'Time',	'en'),
(775,	388,	'Account',	'en'),
(777,	389,	'App Settings',	'en'),
(779,	390,	'Support',	'en'),
(781,	391,	'About',	'en'),
(783,	392,	'My Rydes',	'en'),
(785,	393,	'Contact Us',	'en'),
(787,	394,	'Report A problem',	'en'),
(789,	395,	'Help Us improve our app Experience',	'en'),
(791,	396,	'Add a screenshot',	'en'),
(793,	397,	'SEND',	'en'),
(795,	398,	'Send us a message & we will get back to you as soon as possible',	'en'),
(797,	399,	'Privacy',	'en'),
(799,	400,	'Terms & Conditions',	'en'),
(801,	401,	'Cancelation & Refund Policy',	'en'),
(803,	402,	'App Settings',	'en'),
(805,	403,	'Turn-Off notifications',	'en'),
(807,	404,	'service is not available in this location',	'en'),
(808,	404,	'الخدمة غير متوفرة في هذا المكان',	'ar'),
(809,	405,	'Company Name',	'en'),
(810,	405,	'اسم الشركة',	'ar'),
(811,	406,	'Due Balance',	'en'),
(812,	406,	'الرصيد المستحق',	'ar'),
(813,	407,	'Transferred balance',	'en'),
(814,	407,	'الرصيد المحول',	'ar'),
(815,	408,	'Last Transfer Date',	'en'),
(816,	408,	'تاريخ آخر تحويل',	'ar'),
(817,	409,	'View Past Transaction',	'en'),
(818,	409,	'عرض المعاملات السابقة',	'ar'),
(819,	410,	'Transfer Amount',	'en'),
(820,	410,	'قيمة التحويل',	'ar'),
(821,	391,	'عن',	'ar'),
(822,	393,	'تواصل معنا',	'ar'),
(823,	394,	'الإبلاغ عن مشكلة',	'ar'),
(824,	395,	'نساعدنا في تحسين تجربة التطبيقنا',	'ar'),
(825,	396,	'إضافة لقطة',	'ar'),
(826,	397,	'ارسل',	'ar'),
(827,	398,	'أرسل لنا رسالة وسنعاود الاتصال بك في أقرب وقت ممكن',	'ar'),
(828,	399,	'الخصوصية',	'ar'),
(829,	400,	'الشروط والأحكام',	'ar'),
(830,	392,	'الرايدز التابعة لي',	'ar'),
(831,	401,	'سياسة الإلغاء والاسترداد',	'ar'),
(832,	402,	'اعدادات التطبيق',	'ar'),
(833,	403,	'إيقاف الإخطارات',	'ar'),
(834,	411,	'Continue as guest',	'en'),
(835,	411,	'استمر كضيف',	'ar'),
(836,	412,	'Password',	'en'),
(837,	412,	'كلمة السر',	'ar'),
(838,	298,	'نسيت كلمة المرور؟',	'ar'),
(839,	413,	'or',	'en'),
(840,	413,	'أو',	'ar'),
(841,	414,	'Pick-Up Location',	'en'),
(842,	414,	'مكان الاستلام',	'ar'),
(843,	415,	'Filter',	'en'),
(844,	415,	'انتقي',	'ar'),
(845,	416,	'Bodies',	'en'),
(846,	416,	'الهياكل',	'ar'),
(847,	417,	'Engines',	'en'),
(848,	417,	'محركات',	'ar'),
(849,	418,	'Fuels',	'en'),
(850,	418,	'وقود',	'ar'),
(851,	419,	'Gearboxes',	'en'),
(852,	419,	'ناقل الحركة',	'ar'),
(853,	420,	'Insurances',	'en'),
(854,	420,	'التأمينات',	'ar'),
(855,	421,	'SUPPORT',	'en'),
(856,	421,	'الدعم',	'ar'),
(857,	422,	'RYDE AVAILABLE',	'en'),
(858,	422,	'رايد متوفرة',	'ar'),
(859,	423,	'Select new return Date to check  Availability',	'en'),
(860,	423,	'حدد تاريخ اعادة جديد للتحقق من التوفر',	'ar'),
(861,	424,	'ABOUT',	'en'),
(862,	424,	'عن',	'ar'),
(863,	425,	'CONTACT US',	'en'),
(864,	425,	'تواصل معنا',	'ar'),
(865,	426,	'REPORT A PROBLEM',	'en'),
(866,	426,	'الابلاغ عن مشكلة',	'ar'),
(867,	427,	'ACCOUNT',	'en'),
(868,	427,	'الحساب',	'ar'),
(869,	428,	'Live Support',	'en'),
(870,	428,	'الدعم النباشر',	'ar'),
(871,	429,	'Sub Total',	'en'),
(872,	429,	'المجموع',	'ar'),
(873,	284,	'القيمة النهائية',	'ar'),
(874,	285,	'السياسة خاصة',	'ar'),
(875,	286,	'هل تبحث عن رايد؟',	'ar'),
(876,	287,	'ابحث',	'ar'),
(877,	288,	'انتقي',	'ar'),
(878,	289,	'استلام',	'ar'),
(879,	290,	'ارجاع',	'ar'),
(880,	310,	'إعادة تعيين',	'ar'),
(881,	309,	'كلمة سر جديدة',	'ar'),
(882,	308,	'إعادة تعيين كلمة المرور',	'ar'),
(883,	291,	'متميز',	'ar'),
(884,	292,	'رايدز',	'ar'),
(885,	293,	'اختر لفة',	'ar'),
(886,	294,	'سجّل دخول أو اشترك لإكمال الحجز الخاص بك',	'ar'),
(887,	295,	'سجّل دخول',	'ar'),
(888,	296,	'سجّل دخول',	'ar'),
(889,	297,	'عنوان البريد الالكتروني',	'ar'),
(890,	299,	'اشترك',	'ar'),
(891,	300,	'اشترك',	'ar'),
(892,	301,	'اسم',	'ar'),
(893,	302,	'هاتف',	'ar'),
(894,	303,	'كلمة السر',	'ar'),
(895,	304,	'تأكيد كلمة المرور',	'ar'),
(896,	430,	'SEND',	'en'),
(897,	430,	'ارسال',	'ar'),
(898,	305,	'أوافق على شروط الاستخدام والخصوصية',	'ar'),
(899,	306,	'اشترك',	'ar'),
(900,	431,	'REPORT A PROBLEM',	'en'),
(901,	431,	'الابلاغ عن مشكلة',	'ar'),
(902,	307,	'نسيت كلمة السر',	'ar'),
(903,	311,	'اختر الدولة',	'ar'),
(904,	312,	'ازالة',	'ar'),
(905,	313,	'قدّم',	'ar'),
(906,	314,	'انتقي',	'ar'),
(907,	315,	'صنف حسب',	'ar'),
(908,	316,	'انتقي حسب',	'ar'),
(909,	317,	'التسعيرة',	'ar'),
(910,	318,	'ك.د',	'ar'),
(911,	319,	'الاجدد اولا',	'ar'),
(912,	320,	'تقييم',	'ar'),
(913,	321,	'( العام ( الاحدث',	'ar'),
(914,	322,	'( السعر (منخفض - مرتفع',	'ar'),
(915,	323,	'( السعر (مرتفع - منخفض',	'ar'),
(916,	324,	'اظهار النتائج',	'ar'),
(917,	325,	'ازالة',	'ar'),
(918,	326,	'عدّل',	'ar'),
(919,	327,	'اسم شركة التأجير',	'ar'),
(920,	328,	'الايام',	'ar'),
(921,	329,	'استلام',	'ar'),
(922,	330,	'ارجاع',	'ar'),
(923,	331,	'مقاعد',	'ar'),
(924,	332,	'ايام',	'ar'),
(925,	333,	'احجز الان',	'ar'),
(926,	334,	'استلام',	'ar'),
(927,	335,	'ارجاع',	'ar'),
(928,	336,	'الدفع',	'ar'),
(929,	337,	'رايد',	'ar'),
(930,	338,	'اللون',	'ar'),
(931,	339,	'ايام الاستئجار',	'ar'),
(932,	340,	'المجموع',	'ar'),
(933,	341,	'الايام',	'ar'),
(934,	342,	'الاسم الكامل',	'ar'),
(935,	343,	'الهاتف',	'ar'),
(936,	344,	'البريد الإلكتروني',	'ar'),
(937,	345,	'متطلبات السائق',	'ar'),
(938,	346,	'مبلغ التأمين',	'ar'),
(939,	347,	'بطاقة الائتمان / النقد / الشيكات',	'ar'),
(940,	348,	'اسم الشركة',	'ar'),
(941,	349,	'استلام',	'ar'),
(942,	350,	'ارجاع',	'ar'),
(943,	351,	'التاريخ',	'ar'),
(944,	352,	'الوقت',	'ar'),
(945,	353,	'الدفع',	'ar'),
(946,	354,	'السياسات الخاصة',	'ar'),
(947,	355,	'الغاء الحجز',	'ar'),
(948,	356,	'شروط الالغاء',	'ar'),
(949,	357,	'سبب الإلغاء وتفاصيل إضافية',	'ar'),
(950,	358,	'رسالة',	'ar'),
(951,	359,	'طلب الالغاء',	'ar'),
(952,	360,	'الاسم الكامل',	'ar'),
(953,	361,	'الهاتف',	'ar'),
(954,	362,	'البريد الإلكتروني',	'ar'),
(955,	363,	'الارجاع',	'ar'),
(956,	364,	'رايد',	'ar'),
(957,	365,	'اللون',	'ar'),
(958,	366,	'التاريخ',	'ar'),
(959,	367,	'الوقت',	'ar'),
(960,	368,	'المجموع',	'ar'),
(961,	369,	'ايام الاستئجار',	'ar'),
(962,	370,	'تمديد العقد',	'ar'),
(963,	371,	'رايد غير متوفرة',	'ar'),
(964,	372,	'اختيار موعد ارجاع مختلفة أو ابحث عن رايد جديد',	'ar'),
(965,	373,	'ابحث عن رايد جديد',	'ar'),
(966,	374,	'تأكد من التوفر',	'ar'),
(967,	375,	'تمديد العقد',	'ar'),
(968,	376,	'تواصل بالدعم',	'ar'),
(969,	377,	'الغاء الحجز',	'ar'),
(970,	378,	'رقم المعاملة',	'ar'),
(971,	379,	'اللون',	'ar'),
(972,	380,	'رايد',	'ar'),
(973,	381,	'الاسم الكامل',	'ar'),
(974,	383,	'البريد الإلكتروني',	'ar'),
(975,	382,	'الهاتف',	'ar'),
(976,	385,	'الاستلام',	'ar'),
(977,	386,	'التاريخ',	'ar'),
(978,	387,	'الوقت',	'ar'),
(979,	388,	'الحساب',	'ar'),
(980,	389,	'اعدادات التطبيق',	'ar'),
(981,	390,	'الدعم',	'ar'),
(982,	432,	'APPLY',	'en'),
(983,	432,	'APPLY',	'ar'),
(984,	433,	'Categories',	'en'),
(985,	433,	'Categories',	'ar'),
(986,	434,	'Dealer',	'en'),
(987,	434,	'Dealer',	'ar'),
(988,	435,	'Insurance',	'en'),
(989,	435,	'Insurance',	'ar'),
(990,	436,	'Make',	'en'),
(991,	436,	'Make',	'ar'),
(992,	437,	'Model',	'en'),
(993,	437,	'Model',	'ar'),
(994,	438,	'Type Here...',	'en'),
(995,	438,	'Type Here...',	'ar'),
(996,	439,	'Email Address',	'en'),
(997,	439,	'Email Address',	'ar'),
(998,	440,	'SUBMIT',	'en'),
(999,	440,	'SUBMIT',	'ar'),
(1000,	441,	'Confirm Password',	'en'),
(1001,	441,	'تأكيد كلمة السر',	'ar'),
(1002,	442,	'Email',	'en'),
(1003,	442,	'البريد الالكتروني',	'ar'),
(1004,	443,	'You don’t have any active or previous bookings yet !',	'en'),
(1005,	443,	'ليس لديك أي حجوزات نشطة أو سابقة حتى الآن!',	'ar'),
(1006,	444,	'Loading...',	'en'),
(1007,	444,	'...جاري التحميل',	'ar'),
(1008,	445,	'FIND',	'en'),
(1009,	445,	'ابحث',	'ar'),
(1010,	446,	'Amount is transferred',	'en'),
(1011,	446,	'قد تم تحويل القيمة',	'ar'),
(1012,	447,	'you have enter amount is greater then Company balance',	'en'),
(1013,	447,	'لقد أدخلت مبلغًا أكبر من رصيد الشركة',	'ar'),
(1014,	448,	'Credit',	'en'),
(1015,	448,	'رصيد',	'ar'),
(1016,	449,	'Debit',	'en'),
(1017,	449,	'مدين',	'ar'),
(1018,	450,	'Past Transaction',	'en'),
(1019,	450,	'المعاملات السابقة',	'ar'),
(1020,	451,	'Added',	'en'),
(1021,	451,	'اضيفت',	'ar'),
(1022,	452,	'Back To Ryde Zilla Commissions',	'en'),
(1023,	452,	'العودة إلى عمولة رايد زيلا',	'ar'),
(1024,	453,	'Report Problem',	'en'),
(1025,	453,	'الإبلاغ عن مشكلة',	'ar'),
(1026,	454,	'Report Problem deleted',	'en'),
(1027,	454,	'تم حذف الإبلاغ عن مشكلة',	'ar'),
(1028,	455,	'Report Problem Details',	'en'),
(1029,	455,	'الإبلاغ عن تفاصيل المشكلة',	'ar'),
(1030,	456,	'Contact us request deleted',	'en'),
(1031,	456,	'تم حذف طلب التواصل معنا',	'ar'),
(1032,	457,	'Delete Contact request',	'en'),
(1033,	457,	'حذف طلب التواصل',	'ar'),
(1034,	458,	'Our mailing address is: KUWAIT - Sharq, Gulf Road,  Ahmad Tower, 17th floor',	'en'),
(1035,	458,	'عنواننا البريدي هو: KUWAIT - Sharq، Gulf Road، Ahmad Tower، 17th floor',	'ar'),
(1036,	459,	'Terms & conditions & Privacy policy',	'en'),
(1037,	459,	'الشروط والأحكام وسياسة الخصوصية',	'ar'),
(1038,	460,	'You are receiving, this email because you signed up to our website or email list &  agreed  on our',	'en'),
(1039,	460,	'أنت تتلقى ، هذا البريد الإلكتروني لأنك قمت بالتسجيل في موقعنا على شبكة الإنترنت أو قائمة البريد الإلكتروني',	'ar'),
(1040,	461,	'Copyright © 2020 Rydezilla, All rights reserved.',	'en'),
(1041,	461,	'حقوق النشر © 2020 Rydezilla، جميع الحقوق محفوظة.',	'ar'),
(1042,	462,	'Team',	'en'),
(1043,	462,	'فريق',	'ar'),
(1044,	463,	'Rydezilla',	'en'),
(1045,	463,	'رايدزيلا',	'ar'),
(1046,	464,	'If you have received this email by mistake, just leave it in your rear-view.',	'en'),
(1047,	464,	'إذا تلقيت هذه الرسالة الإلكترونية عن طريق الخطأ ، اتركها في مرائتك الخلفية.',	'ar'),
(1048,	465,	'We are very ecstatic that you have chosen to take the driver seat and become a fellow Ryder. Enjoy the Ryde.  Before we get you on the road, though, how about we activate your Ryder account..',	'en'),
(1049,	465,	'نشعر بسعادة غامرة لأنك اخترت شغل مقعد السائق وتصبح زميلًا رايدر. استمتع بـ Ryde. قبل أن نوصلك إلى الطريق ، ماذا عن تنشيط حساب Ryder الخاص بك ...',	'ar'),
(1050,	466,	'Start your engines',	'en'),
(1051,	466,	'شغل محركاتك',	'ar'),
(1052,	467,	'Account Activation',	'en'),
(1053,	467,	'فعل حسابك',	'ar'),
(1054,	468,	'Mad love and nitro',	'en'),
(1055,	468,	'نيترو وحب مجنون',	'ar'),
(1056,	469,	'Welcome to Rydzilla',	'en'),
(1057,	469,	'اهلا بك في رايدزيلا',	'ar'),
(1058,	470,	'Your account verify successfully',	'en'),
(1059,	470,	'تم تاكيد حسابك بنجاح',	'ar'),
(1060,	471,	'Reset Password',	'en'),
(1061,	471,	'إعادة تعيين كلمة المرور',	'ar'),
(1062,	472,	'You are receiving this email because we received a password reset request for your account.',	'en'),
(1063,	472,	'أنت تتلقى هذا البريد الإلكتروني لأننا تلقينا طلب إعادة تعيين كلمة المرور لحسابك.',	'ar'),
(1064,	473,	'Reset Password',	'en'),
(1065,	473,	'إعادة تعيين كلمة.',	'ar'),
(1066,	474,	'EDIT',	'en'),
(1067,	474,	'عدل',	'ar'),
(1068,	475,	'CHECKOUT',	'en'),
(1069,	475,	'الدفع',	'ar'),
(1070,	476,	'Select Return Date',	'en'),
(1071,	476,	'اختر تاريخ اعادة',	'ar'),
(1072,	477,	'Return Time',	'en'),
(1073,	477,	'وقت اعادة',	'ar'),
(1074,	478,	'CHECKOUT',	'en'),
(1075,	478,	'ادفع',	'ar'),
(1076,	479,	'PAY',	'en'),
(1077,	479,	'ادفع',	'ar'),
(1078,	480,	'Ryde Details',	'en'),
(1079,	480,	'تفاصيل الرايد',	'ar'),
(1080,	481,	'Ryde Not available',	'en'),
(1081,	481,	'رايد غير متوفرة',	'ar'),
(1082,	482,	'Country not found',	'en'),
(1083,	482,	'دولة غير موجودة',	'ar'),
(1084,	483,	'Language not found',	'en'),
(1085,	483,	'لغة غير موجودة',	'ar'),
(1086,	484,	'language String not found',	'en'),
(1087,	484,	'سلسلة لغة غير موجودة',	'ar'),
(1088,	485,	'Page Not found',	'en'),
(1089,	485,	'صفحة غير موجودة',	'ar'),
(1090,	486,	'ok',	'en'),
(1091,	486,	'ok',	'ar'),
(1092,	487,	'Search',	'en'),
(1093,	487,	'Search',	'ar'),
(1094,	488,	'Pick-Up',	'en'),
(1095,	488,	'Pick-Up',	'ar'),
(1096,	489,	'Please enter valid email address.',	'en'),
(1097,	489,	'Please enter valid email address.',	'ar'),
(1098,	490,	'Return time must be after pickup time.',	'en'),
(1099,	490,	'Return time must be after pickup time.',	'ar'),
(1100,	491,	'Select Pickup Time.',	'en'),
(1101,	491,	'Select Pickup Time.',	'ar'),
(1102,	492,	'Select Return Time.',	'en'),
(1103,	492,	'Select Return Time.',	'ar'),
(1104,	493,	'Please enter your message.',	'en'),
(1105,	493,	'الرجاء كتابة السبب',	'ar'),
(1106,	494,	'Please select country.',	'en'),
(1107,	494,	'Please select country.',	'ar'),
(1108,	495,	'Please enter valid email address.',	'en'),
(1109,	495,	'Please enter valid email address.',	'ar'),
(1110,	496,	'Please enter password.',	'en'),
(1111,	496,	'Please enter password.',	'ar'),
(1112,	497,	'Please enter message.',	'en'),
(1113,	497,	'Please enter message.',	'ar'),
(1114,	498,	'Please select image.',	'en'),
(1115,	498,	'Please select image.',	'ar'),
(1116,	499,	'Please enter new password.',	'en'),
(1117,	499,	'الرجاء إدخال كلمة المرور الجديدة.',	'ar'),
(1118,	500,	'Please enter confirm password.',	'en'),
(1119,	500,	'Please enter confirm password.',	'ar'),
(1120,	501,	'Confirm password must match with new password.',	'en'),
(1121,	501,	'Confirm password must match with new password.',	'ar'),
(1122,	502,	'Please enter name.',	'en'),
(1123,	502,	'Please enter name.',	'ar'),
(1124,	503,	'Please enter valid email address.',	'en'),
(1125,	503,	'Please enter valid email address.',	'ar'),
(1126,	504,	'Please enter name.',	'en'),
(1127,	504,	'Please enter name.',	'ar'),
(1128,	505,	'Please enter valid email id.',	'en'),
(1129,	505,	'Please enter valid email id.',	'ar'),
(1130,	506,	'Please enter country code.',	'en'),
(1131,	506,	'Please enter country code.',	'ar'),
(1132,	507,	'Please enter mobile number.',	'en'),
(1133,	507,	'Please enter mobile number.',	'ar'),
(1134,	508,	'Please enter password.',	'en'),
(1135,	508,	'Please enter password.',	'ar'),
(1136,	509,	'Please enter confirm password.',	'en'),
(1137,	509,	'Please enter confirm password.',	'ar'),
(1138,	510,	'Password and confirm password must match.',	'en'),
(1139,	510,	'Password and confirm password must match.',	'ar'),
(1140,	511,	'Please accept terms and conditions.',	'en'),
(1141,	511,	'Please accept terms and conditions.',	'ar'),
(1142,	512,	'Hours',	'en'),
(1143,	512,	'Hours',	'ar'),
(1144,	513,	'Days',	'en'),
(1145,	513,	'Days',	'ar'),
(1146,	514,	'Daily',	'en'),
(1147,	514,	'Daily',	'ar'),
(1148,	515,	'Hourly',	'en'),
(1149,	515,	'Hourly',	'ar'),
(1150,	516,	'Return',	'en'),
(1151,	516,	'Return',	'ar'),
(1152,	517,	'Request Sent',	'en'),
(1153,	517,	'تم ارسال الطلب',	'ar'),
(1154,	518,	'cancel booking_popup description',	'en'),
(1155,	518,	'شكرا على ارسال رسالتك ، سيتم مراجعة طلبك',	'ar'),
(1156,	519,	'My Bookings',	'en'),
(1157,	519,	'حجوزاتي',	'ar'),
(1158,	520,	'Please enter email.',	'en'),
(1159,	520,	'Please enter email.',	'ar'),
(1160,	521,	'Please enter email.',	'en'),
(1161,	521,	'Please enter email.',	'ar'),
(1162,	522,	'Alert',	'en'),
(1163,	522,	'Alert',	'ar'),
(1164,	523,	'Please enter email.',	'en'),
(1165,	523,	'Please enter email.',	'ar'),
(1166,	524,	'Please enter valid email address.',	'en'),
(1167,	524,	'Please enter valid email address.',	'ar'),
(1168,	525,	'Please enter password.',	'en'),
(1169,	525,	'Please enter password.',	'ar'),
(1170,	526,	'Please enter password.',	'en'),
(1171,	526,	'Please enter password.',	'ar'),
(1172,	527,	'Please enter confirm password.',	'en'),
(1173,	527,	'Please enter confirm password.',	'ar'),
(1174,	528,	'Confirm password must match with new password.',	'en'),
(1175,	528,	'Confirm password must match with new password.',	'ar'),
(1176,	529,	'Please enter message',	'en'),
(1177,	529,	'الرجاء كتابة سبب الالغاء',	'ar'),
(1178,	530,	'Please enter message.',	'en'),
(1179,	530,	'Please enter message.',	'ar'),
(1180,	531,	'Please select country.',	'en'),
(1181,	531,	'Please select country.',	'ar'),
(1182,	532,	'Please enter message.',	'en'),
(1183,	532,	'Please enter message.',	'ar'),
(1184,	533,	'Please select image.',	'en'),
(1185,	533,	'Please select image.',	'ar'),
(1186,	534,	'Yes',	'en'),
(1187,	534,	'Yes',	'ar'),
(1188,	535,	'OK',	'en'),
(1189,	535,	'OK',	'ar'),
(1190,	536,	'No',	'en'),
(1191,	536,	'No',	'ar'),
(1192,	537,	'Pickup Location',	'en'),
(1193,	537,	'Pickup Location',	'ar'),
(1194,	538,	'Pickup Latitude',	'en'),
(1195,	538,	'Pickup Latitude',	'ar'),
(1196,	539,	'Pickup Longitude',	'en'),
(1197,	539,	'Pickup Longitude',	'ar'),
(1198,	540,	'Checkout this Ryde in Rydzilla app',	'en'),
(1199,	540,	'Checkout this Ryde in Rydzilla app',	'ar'),
(1200,	541,	'Hey',	'en'),
(1201,	541,	'Hey',	'ar'),
(1202,	542,	'Account Verify',	'en'),
(1203,	542,	'Account Verify',	'ar'),
(1204,	543,	'Reset Password',	'en'),
(1205,	543,	'Reset Password',	'ar'),
(1206,	544,	'Welcome to Rydzilla',	'en'),
(1207,	544,	'Welcome to Rydzilla',	'ar'),
(1208,	545,	'Welcome to Rydzilla',	'en'),
(1209,	545,	'Welcome to Rydzilla',	'ar'),
(1210,	546,	'Your account verify successfully',	'en'),
(1211,	546,	'Your account verify successfully',	'ar'),
(1212,	547,	'Status Changed',	'en'),
(1213,	547,	'Status Changed',	'ar'),
(1214,	548,	'Approve Cancel Booking',	'en'),
(1215,	548,	'الموافقة على إلغاء الحجز',	'ar'),
(1216,	549,	'Are you sure approved Cancel Request?',	'en'),
(1217,	549,	'هل أنت متأكد من الموافقة على طلب الإلغاء ؟',	'ar'),
(1218,	550,	'Yes Cancel it',	'en'),
(1219,	550,	'نعم الغي',	'ar'),
(1220,	551,	'Yes Reject it',	'en'),
(1221,	551,	'Yes Reject it',	'ar'),
(1222,	552,	'Reject Cancel Booking',	'en'),
(1223,	552,	'رفض الغاء الحجز',	'ar'),
(1224,	553,	'are you sure want to reject this cancel booking?',	'en'),
(1225,	553,	'هل أنت متأكد أنك تريد رفض إلغاء الحجز هذا؟',	'ar'),
(1226,	554,	'Rejected',	'en'),
(1227,	554,	'Rejected',	'ar'),
(1228,	555,	'Adjustment',	'en'),
(1229,	555,	'Adjustment',	'ar'),
(1230,	556,	'Save',	'en'),
(1231,	556,	'Save',	'ar'),
(1232,	557,	'Adjustment Successfully',	'en'),
(1233,	557,	'Adjustment Successfully',	'ar'),
(1234,	558,	'Pickup Date Time',	'en'),
(1235,	558,	'Pickup Date Time',	'ar'),
(1236,	559,	'Dropoff Date Time',	'en'),
(1237,	559,	'Dropoff Date Time',	'ar'),
(1238,	560,	'Please select dates',	'en'),
(1239,	560,	'Please select dates',	'ar'),
(1240,	561,	'Return time must be after pickup time.',	'en'),
(1241,	561,	'Return time must be after pickup time.',	'ar'),
(1242,	562,	'Please Select Feature',	'en'),
(1243,	562,	'Please Select Feature',	'ar'),
(1244,	563,	'Please Select option',	'en'),
(1245,	563,	'Please Select option',	'ar'),
(1246,	564,	'Profile Updated',	'en'),
(1247,	564,	'تحديث الملف الشخصي',	'ar'),
(1248,	565,	'Book Date',	'en'),
(1249,	565,	'Book Date',	'ar'),
(1250,	566,	'Default Radius Km',	'en'),
(1251,	566,	'Default Radius Km',	'ar'),
(1252,	567,	'RydeZilla Commission',	'en'),
(1253,	567,	'RydeZilla Commission',	'ar'),
(1254,	568,	'Support Contact No',	'en'),
(1255,	568,	'Support Contact No',	'ar'),
(1256,	569,	'Whatsapp No',	'en'),
(1257,	569,	'Whatsapp No',	'ar'),
(1258,	570,	'Email Strings',	'en'),
(1259,	570,	'Email Strings',	'ar'),
(1260,	571,	'Template Name',	'en'),
(1261,	571,	'Template Name',	'ar'),
(1262,	572,	'Current Password',	'en'),
(1263,	572,	'Current Password',	'ar'),
(1264,	573,	'New Password',	'en'),
(1265,	573,	'New Password',	'ar'),
(1266,	574,	'Confirmed Password',	'en'),
(1267,	574,	'Confirmed Password',	'ar'),
(1268,	575,	'Add Email String',	'en'),
(1269,	575,	'Add Email String',	'ar'),
(1270,	576,	'Edit Email String',	'en'),
(1271,	576,	'Edit Email String',	'ar'),
(1272,	577,	'Are you sure you want to logout?',	'en'),
(1273,	577,	'Are you sure you want to logout?',	'ar'),
(1274,	578,	'Tax Name',	'en'),
(1275,	578,	'الاسم الضريبي',	'ar'),
(1276,	579,	'Tax Percentage',	'en'),
(1277,	579,	'نسبة الضريبة',	'ar'),
(1278,	580,	'Please Select Branch',	'en'),
(1279,	580,	'الرجاء تحديد الفرع',	'ar'),
(1280,	581,	'Duplicate Plate Number',	'en'),
(1281,	581,	'Duplicate Plate Number',	'ar'),
(1282,	582,	'Ryde Added successfully',	'en'),
(1283,	582,	'Ryde Added successfully',	'ar'),
(1284,	583,	'Please Select Date',	'en'),
(1285,	583,	'Please Select Date',	'ar'),
(1286,	584,	'Ryde Not available You have selected date',	'en'),
(1287,	584,	'Ryde Not available You have selected date',	'ar'),
(1288,	585,	'Total Tax Percentage',	'en'),
(1289,	585,	'Total Tax Percentage',	'ar'),
(1290,	586,	'Sub Total',	'en'),
(1291,	586,	'Sub Total',	'ar'),
(1292,	587,	'Total',	'en'),
(1293,	587,	'Total',	'ar'),
(1294,	588,	'Select Ryde',	'en'),
(1295,	588,	'Select Ryde',	'ar'),
(1296,	589,	'Please Select Ryde',	'en'),
(1297,	589,	'Please Select Ryde',	'ar'),
(1298,	590,	'Daily Price',	'en'),
(1299,	590,	'Daily Price',	'ar'),
(1300,	591,	'Hourly Price',	'en'),
(1301,	591,	'Hourly Price',	'ar'),
(1302,	592,	'Weekly Price',	'en'),
(1303,	592,	'Weekly Price',	'ar'),
(1304,	593,	'Monthly Price',	'en'),
(1305,	593,	'Monthly Price',	'ar'),
(1306,	594,	'Booking Successfully',	'en'),
(1307,	594,	'Booking Successfully',	'ar'),
(1308,	595,	'Add New Ryde',	'en'),
(1309,	595,	'Add New Ryde',	'ar'),
(1310,	596,	'Booking Date',	'en'),
(1311,	596,	'Booking Date',	'ar'),
(1312,	597,	'Notes',	'en'),
(1313,	597,	'Notes',	'ar'),
(1314,	598,	'Extra',	'en'),
(1315,	598,	'extra',	'ar'),
(1316,	599,	'Branch Name',	'en'),
(1317,	599,	'اسم الفرع',	'ar'),
(1318,	600,	'Branch Logo',	'en'),
(1319,	600,	'شعار الفرع',	'ar'),
(1320,	601,	'Allowed Millage',	'en'),
(1321,	601,	'الأميال المسموح بها',	'ar'),
(1322,	602,	'Trading License',	'en'),
(1323,	602,	'رخصة تجارية',	'ar'),
(1324,	603,	'Bank Account Number',	'en'),
(1325,	603,	'رقم الحساب المصرفي',	'ar'),
(1326,	604,	'You have login using another method',	'en'),
(1327,	604,	'You have login using another method',	'ar'),
(1328,	605,	'Main Ryde',	'en'),
(1329,	605,	'ماين رايد',	'ar'),
(1330,	606,	'Become A Dealer',	'en'),
(1331,	606,	'اصبح تاجرا',	'ar'),
(1332,	607,	'Title',	'en'),
(1333,	607,	'عنوان',	'ar'),
(1334,	608,	'Are you sure you want to permanently remove this record ? if you remove than its under ryde data also deleted',	'en'),
(1335,	608,	'هل أنت متأكد أنك تريد إزالة هذا السجل نهائيًا؟ إذا قمت بإزالة من بياناته تحت ryde حذف أيضا',	'ar'),
(1336,	609,	'Are you sure you want to permanently remove this record ?if you remove than its under ryde data also deleted',	'en'),
(1337,	609,	'هل أنت متأكد أنك تريد إزالة هذا السجل نهائيًا؟ إذا قمت بإزالة من بياناته تحت ryde حذف أيضا',	'ar'),
(1338,	610,	'Are you sure you want to permanently remove this record ? if you remove than its under vehicle data also deleted',	'en'),
(1339,	610,	'هل أنت متأكد أنك تريد إزالة هذا السجل نهائيًا؟ إذا قمت بإزالة بياناته الموجودة أسفل السيارة أيضًا',	'ar'),
(1340,	611,	'Are you sure you want to permanently remove this record ? if you remove than its under vehicle, ryde and booking data also deleted',	'en'),
(1341,	611,	'هل أنت متأكد أنك تريد إزالة هذا السجل نهائيًا؟ إذا قمت بإزالة من تحت السيارة ، يتم أيضًا حذف بيانات ryde والحجز',	'ar'),
(1342,	612,	'Are you sure you want to permanently remove this record ? if you remove than its under booking data also deleted',	'en'),
(1343,	612,	'هل أنت متأكد أنك تريد إزالة هذا السجل نهائيًا؟ إذا قمت بإزالة من بيانات الحجز الخاصة به يتم حذفها أيضًا',	'ar'),
(1344,	613,	'Buy Price',	'en'),
(1345,	613,	'سعر شراء',	'ar'),
(1346,	614,	'Cost Per Extra KM',	'en'),
(1347,	614,	'التكلفة لكل كيلومتر إضافي',	'ar'),
(1348,	615,	'From Year',	'en'),
(1349,	615,	'من سنة',	'ar'),
(1350,	616,	'To Year',	'en'),
(1351,	616,	'إلى سنة',	'ar'),
(1352,	617,	'Report Model',	'en'),
(1353,	617,	'نموذج التقرير',	'ar'),
(1354,	618,	'Destroy Become A Dealer',	'en'),
(1355,	618,	'تدمير تصبح تاجر',	'ar'),
(1356,	619,	'Destroy Report Model',	'en'),
(1357,	619,	'نموذج تقرير التدمير',	'ar'),
(1358,	620,	'Ryde Extended successfully',	'en'),
(1359,	620,	'Ryde Extended successfully',	'ar'),
(1360,	621,	'New return date must be after old return date.',	'en'),
(1361,	621,	'يجب أن يكون تاريخ العودة الجديد بعد تاريخ العودة القديم.',	'ar'),
(1362,	622,	'Valid Email',	'en'),
(1363,	622,	'Valid Email',	'ar'),
(1364,	623,	'Invalid Email',	'en'),
(1365,	623,	'Invalid Email',	'ar'),
(1366,	624,	'Valid Name',	'en'),
(1367,	624,	'Valid Name',	'ar'),
(1368,	625,	'Invalid Name',	'en'),
(1369,	625,	'Invalid Name',	'ar'),
(1370,	626,	'Valid Email',	'en'),
(1371,	626,	'Valid Email',	'ar'),
(1372,	627,	'Invalid Email',	'en'),
(1373,	627,	'Invalid Email',	'ar'),
(1374,	628,	'Valid Mobile',	'en'),
(1375,	628,	'Valid Mobile',	'ar'),
(1376,	629,	'Invalid Mobile',	'en'),
(1377,	629,	'Invalid Mobile',	'ar'),
(1378,	630,	'Front Image',	'en'),
(1379,	630,	'الصورة الأمامية',	'ar'),
(1380,	631,	'Back Image',	'en'),
(1381,	631,	'الصورة الخلفية',	'ar'),
(1382,	632,	'Right Image',	'en'),
(1383,	632,	'الصورة الصحيحة',	'ar'),
(1384,	633,	'Left Image',	'en'),
(1385,	633,	'الصورة اليسرى',	'ar'),
(1386,	634,	'Edit Page',	'en'),
(1387,	634,	'Edit Page',	'ar'),
(1388,	635,	'User',	'en'),
(1389,	635,	'User',	'ar'),
(1390,	636,	'Up Coming',	'en'),
(1391,	636,	'Up Coming',	'ar'),
(1392,	637,	'Due for Pickup',	'en'),
(1393,	637,	'Due for Pickup',	'ar'),
(1394,	638,	'Missed Picked',	'en'),
(1395,	638,	'Missed Picked',	'ar'),
(1396,	639,	'Missed Return',	'en'),
(1397,	639,	'Missed Return',	'ar'),
(1398,	640,	'Due for Return',	'en'),
(1399,	640,	'Due for Return',	'ar'),
(1400,	641,	'Active',	'en'),
(1401,	641,	'Active',	'ar'),
(1402,	642,	'Contact Details',	'en'),
(1403,	642,	'بيانات المتصل',	'ar'),
(1404,	643,	'COMPANY NAME',	'en'),
(1405,	643,	'COMPANY NAME',	'ar'),
(1406,	644,	'Branch Name',	'en'),
(1407,	644,	'Branch Name',	'ar'),
(1408,	645,	'Pickup',	'en'),
(1409,	645,	'Pickup',	'ar'),
(1410,	646,	'COMPANY NAME',	'en'),
(1411,	646,	'COMPANY NAME',	'ar'),
(1412,	647,	'Pickup',	'en'),
(1413,	647,	'Pickup',	'ar'),
(1414,	648,	'Branch Name',	'en'),
(1415,	648,	'Branch Name',	'ar'),
(1416,	649,	'Return',	'en'),
(1417,	649,	'Return',	'ar'),
(1418,	650,	'PICKUP',	'en'),
(1419,	650,	'PICKUP',	'ar'),
(1420,	651,	'RYDE DETAILS',	'en'),
(1421,	651,	'RYDE DETAILS',	'ar'),
(1422,	652,	'Pickup',	'en'),
(1423,	652,	'Pickup',	'ar'),
(1424,	653,	'Return',	'en'),
(1425,	653,	'Return',	'ar'),
(1426,	654,	'RETURN',	'en'),
(1427,	654,	'RETURN',	'ar'),
(1428,	655,	'CANCELED',	'en'),
(1429,	655,	'CANCELED',	'ar'),
(1430,	656,	'INSPECT RYDE',	'en'),
(1431,	656,	'INSPECT RYDE',	'ar'),
(1432,	657,	'INSPECTION REPORT',	'en'),
(1433,	657,	'INSPECTION REPORT',	'ar'),
(1434,	658,	'ACTIVE BOOKING',	'en'),
(1435,	658,	'ACTIVE BOOKING',	'ar'),
(1436,	659,	'Transaction Id',	'en'),
(1437,	659,	'Transaction Id',	'ar'),
(1438,	660,	'Ryde',	'en'),
(1439,	660,	'Ryde',	'ar'),
(1440,	661,	'Color',	'en'),
(1441,	661,	'Color',	'ar'),
(1442,	662,	'Full Name',	'en'),
(1443,	662,	'Full Name',	'ar'),
(1444,	663,	'Mobile',	'en'),
(1445,	663,	'Mobile',	'ar'),
(1446,	664,	'Email',	'en'),
(1447,	664,	'Email',	'ar'),
(1448,	665,	'Pick-Up',	'en'),
(1449,	665,	'Pick-Up',	'ar'),
(1450,	666,	'Date',	'en'),
(1451,	666,	'Date',	'ar'),
(1452,	667,	'Time',	'en'),
(1453,	667,	'Time',	'ar'),
(1454,	668,	'COMPANY NAME',	'en'),
(1455,	668,	'COMPANY NAME',	'ar'),
(1456,	669,	'App Settings',	'en'),
(1457,	669,	'App Settings',	'ar'),
(1458,	670,	'Support',	'en'),
(1459,	670,	'Support',	'ar'),
(1460,	671,	'Account',	'en'),
(1461,	671,	'Account',	'ar'),
(1462,	672,	'about',	'en'),
(1463,	672,	'about',	'ar'),
(1464,	673,	'APP SETTINGS',	'en'),
(1465,	673,	'APP SETTINGS',	'ar'),
(1466,	674,	'Turn-Off notifications',	'en'),
(1467,	674,	'Turn-Off notifications',	'ar'),
(1468,	675,	'Turn-On notifications',	'en'),
(1469,	675,	'Turn-On notifications',	'ar'),
(1470,	676,	'SUPPORT',	'en'),
(1471,	676,	'SUPPORT',	'ar'),
(1472,	677,	'Contact Us',	'en'),
(1473,	677,	'Contact Us',	'ar'),
(1474,	678,	'Report A Problem',	'en'),
(1475,	678,	'Report A Problem',	'ar'),
(1476,	679,	'REPORT A PROBLEM',	'en'),
(1477,	679,	'REPORT A PROBLEM',	'ar'),
(1478,	680,	'Help Us improve our app  Experience',	'en'),
(1479,	680,	'Help Us improve our app  Experience',	'ar'),
(1480,	681,	'Add a screenshot',	'en'),
(1481,	681,	'Add a screenshot',	'ar'),
(1482,	682,	'TEXT',	'en'),
(1483,	682,	'TEXT',	'ar'),
(1484,	683,	'Message',	'en'),
(1485,	683,	'Message',	'ar'),
(1486,	684,	'CONTACT US',	'en'),
(1487,	684,	'CONTACT US',	'ar'),
(1488,	685,	'Send us a message & we will get back to you as soon as possible',	'en'),
(1489,	685,	'Send us a message & we will get back to you as soon as possible',	'ar'),
(1490,	686,	'Message',	'en'),
(1491,	686,	'Message',	'ar'),
(1492,	687,	'SEND',	'en'),
(1493,	687,	'SEND',	'ar'),
(1494,	688,	'ABOUT',	'en'),
(1495,	688,	'ABOUT',	'ar'),
(1496,	689,	'Privacy',	'en'),
(1497,	689,	'Privacy',	'ar'),
(1498,	690,	'Terms & Conditions',	'en'),
(1499,	690,	'Terms & Conditions',	'ar'),
(1500,	691,	'V2.0',	'en'),
(1501,	691,	'V2.0',	'ar'),
(1502,	692,	'PRIVACY POLICY',	'en'),
(1503,	692,	'PRIVACY POLICY',	'ar'),
(1504,	693,	'ACCOUNT',	'en'),
(1505,	693,	'ACCOUNT',	'ar'),
(1506,	694,	'Company',	'en'),
(1507,	694,	'Company',	'ar'),
(1508,	695,	'Email Address',	'en'),
(1509,	695,	'Email Address',	'ar'),
(1510,	696,	'Are you sure you want to log out?',	'en'),
(1511,	696,	'Are you sure you want to log out?',	'ar'),
(1512,	697,	'Mobile Number',	'en'),
(1513,	697,	'Mobile Number',	'ar'),
(1514,	698,	'INSPECT RYDE',	'en'),
(1515,	698,	'INSPECT RYDE',	'ar'),
(1516,	699,	'PICKUP',	'en'),
(1517,	699,	'PICKUP',	'ar'),
(1518,	700,	'Fuel Level',	'en'),
(1519,	700,	'Fuel Level',	'ar'),
(1520,	701,	'Quarter',	'en'),
(1521,	701,	'Quarter',	'ar'),
(1522,	702,	'Interior',	'en'),
(1523,	702,	'Interior',	'ar'),
(1524,	703,	'Kit',	'en'),
(1525,	703,	'Kit',	'ar'),
(1526,	704,	'Spare Tire',	'en'),
(1527,	704,	'Spare Tire',	'ar'),
(1528,	705,	'Ryde Mileage',	'en'),
(1529,	705,	'Ryde Mileage',	'ar'),
(1530,	706,	'Body Inspection',	'en'),
(1531,	706,	'Body Inspection',	'ar'),
(1532,	707,	'Ryde Photos',	'en'),
(1533,	707,	'Ryde Photos',	'ar'),
(1534,	708,	'License Photo',	'en'),
(1535,	708,	'License Photo',	'ar'),
(1536,	709,	'AWAITING CUSTOMER APPROVAL',	'en'),
(1537,	709,	'AWAITING CUSTOMER APPROVAL',	'ar'),
(1538,	710,	'The inspection was sent to the customer account',	'en'),
(1539,	710,	'The inspection was sent to the customer account',	'ar'),
(1540,	711,	'Edit & Resend',	'en'),
(1541,	711,	'Edit & Resend',	'ar'),
(1542,	712,	'Cancel & Unsend',	'en'),
(1543,	712,	'Cancel & Unsend',	'ar'),
(1544,	713,	'APPROVED',	'en'),
(1545,	713,	'APPROVED',	'ar'),
(1546,	714,	'Ryde Page',	'en'),
(1547,	714,	'Ryde Page',	'ar'),
(1548,	715,	'RETURN',	'en'),
(1549,	715,	'RETURN',	'ar'),
(1550,	716,	'CANCELED',	'en'),
(1551,	716,	'CANCELED',	'ar'),
(1552,	717,	'Retake By Camera',	'en'),
(1553,	717,	'Retake By Camera',	'ar'),
(1554,	718,	'Replace From Gallery',	'en'),
(1555,	718,	'Replace From Gallery',	'ar'),
(1556,	719,	'Delete',	'en'),
(1557,	719,	'Delete',	'ar'),
(1558,	720,	'SEND',	'en'),
(1559,	720,	'SEND',	'ar'),
(1560,	721,	'BODY INSPECTION',	'en'),
(1561,	721,	'BODY INSPECTION',	'ar'),
(1562,	722,	'LEFT SIDE',	'en'),
(1563,	722,	'LEFT SIDE',	'ar'),
(1564,	723,	'RIGHT SIDE',	'en'),
(1565,	723,	'RIGHT SIDE',	'ar'),
(1566,	724,	'FRONT',	'en'),
(1567,	724,	'FRONT',	'ar'),
(1568,	725,	'BACK',	'en'),
(1569,	725,	'BACK',	'ar'),
(1570,	726,	'Bump',	'en'),
(1571,	726,	'Bump',	'ar'),
(1572,	727,	'Scratch',	'en'),
(1573,	727,	'Scratch',	'ar'),
(1574,	728,	'Broken',	'en'),
(1575,	728,	'Broken',	'ar'),
(1576,	729,	'Cancel',	'en'),
(1577,	729,	'Cancel',	'ar'),
(1578,	730,	'NOTIFICATIONS',	'en'),
(1579,	730,	'NOTIFICATIONS',	'ar'),
(1580,	731,	'SELECT BRANCH',	'en'),
(1581,	731,	'SELECT BRANCH',	'ar'),
(1582,	732,	'CLEAR',	'en'),
(1583,	732,	'CLEAR',	'ar'),
(1584,	733,	'APPLY',	'en'),
(1585,	733,	'APPLY',	'ar'),
(1586,	734,	'Please select branch.',	'en'),
(1587,	734,	'Please select branch.',	'ar'),
(1588,	735,	'Type Here...',	'en'),
(1589,	735,	'Type Here...',	'ar'),
(1590,	736,	'LOGIN',	'en'),
(1591,	736,	'LOGIN',	'ar'),
(1592,	737,	'Email Address',	'en'),
(1593,	737,	'Email Address',	'ar'),
(1594,	738,	'Password',	'en'),
(1595,	738,	'Password',	'ar'),
(1596,	739,	'FORGOT PASSWORD',	'en'),
(1597,	739,	'FORGOT PASSWORD',	'ar'),
(1598,	740,	'Please contact you account admin to Reset your password incase you can’t access your account',	'en'),
(1599,	740,	'Please contact you account admin to Reset your password incase you can’t access your account',	'ar'),
(1600,	741,	'Please enter email address.',	'en'),
(1601,	741,	'Please enter email address.',	'ar'),
(1602,	742,	'Please enter password.',	'en'),
(1603,	742,	'Please enter password.',	'ar'),
(1604,	743,	'SELECT LANGUAGE',	'en'),
(1605,	743,	'SELECT LANGUAGE',	'ar'),
(1606,	744,	'English',	'en'),
(1607,	744,	'English',	'ar'),
(1608,	745,	'عربي',	'en'),
(1609,	745,	'عربي',	'ar'),
(1610,	746,	'Please upload screenshot.',	'en'),
(1611,	746,	'Please upload screenshot.',	'ar'),
(1612,	747,	'Please enter message.',	'en'),
(1613,	747,	'Please enter message.',	'ar'),
(1614,	748,	'Please enter message.',	'en'),
(1615,	748,	'Please enter message.',	'ar'),
(1616,	749,	'Please enter valid email address.',	'en'),
(1617,	749,	'Please enter valid email address.',	'ar'),
(1618,	750,	'Completed',	'en'),
(1619,	750,	'Completed',	'ar'),
(1620,	751,	'Cancelled',	'en'),
(1621,	751,	'Cancelled',	'ar'),
(1622,	752,	'No Show',	'en'),
(1623,	752,	'No Show',	'ar'),
(1624,	753,	'Accepted',	'en'),
(1625,	753,	'وافقت',	'ar'),
(1626,	754,	'Rejected',	'en'),
(1627,	754,	'مرفوض',	'ar'),
(1628,	755,	'Sold',	'en'),
(1629,	755,	'Sold',	'ar'),
(1630,	756,	'Enter Price',	'en'),
(1631,	756,	'أدخل السعر',	'ar'),
(1632,	757,	'Sold Vehicle Modal',	'en'),
(1633,	757,	'نموذج السيارة المباعة',	'ar'),
(1634,	758,	'This Vehicle is Under Upcoming Booking so cant Sold',	'en'),
(1635,	758,	'هذه السيارة قيد الحجز القادم لذا لا يمكن بيعها',	'ar'),
(1636,	759,	'Vehicle Sold Price Updated',	'en'),
(1637,	759,	'تم تحديث سعر السيارة المباعة',	'ar'),
(1638,	760,	'Maintenance',	'en'),
(1639,	760,	'اعمال صيانة',	'ar'),
(1640,	761,	'Retired',	'en'),
(1641,	761,	'متقاعد',	'ar'),
(1642,	762,	'Status Changed Successfully',	'en'),
(1643,	762,	'تم تغيير الوضع بنجاح',	'ar'),
(1644,	763,	'Yes Accept it',	'en'),
(1645,	763,	'نعم اقبلها',	'ar'),
(1646,	764,	'Reason',	'en'),
(1647,	764,	'السبب',	'ar'),
(1648,	765,	'Branch',	'en'),
(1649,	765,	'فرع شجرة',	'ar'),
(1650,	766,	'Filters',	'en'),
(1651,	766,	'Filters',	'ar'),
(1652,	767,	'Ryde Inspected successfully',	'en'),
(1653,	767,	'Ryde Inspected successfully',	'ar'),
(1654,	768,	'You have already inspected this ryde',	'en'),
(1655,	768,	'You have already inspected this ryde',	'ar'),
(1656,	769,	'Thanks For Rating',	'en'),
(1657,	769,	'Thanks For Rating',	'ar'),
(1658,	770,	'You have already rating this booking',	'en'),
(1659,	770,	'You have already rating this booking',	'ar');

DROP TABLE IF EXISTS `migrations`;
CREATE TABLE `migrations` (
  `id` int(10) unsigned NOT NULL AUTO_INCREMENT,
  `migration` varchar(191) COLLATE utf8mb4_unicode_ci NOT NULL,
  `batch` int(11) NOT NULL,
  PRIMARY KEY (`id`)
) ENGINE=InnoDB DEFAULT CHARSET=utf8mb4 COLLATE=utf8mb4_unicode_ci;

INSERT INTO `migrations` (`id`, `migration`, `batch`) VALUES
(1,	'2014_06_17_060404_create_countries_table',	1),
(2,	'2014_10_12_000000_create_users_table',	1),
(3,	'2014_10_12_100000_create_password_resets_table',	1),
(4,	'2019_07_02_072415_create_colors_table',	1),
(5,	'2019_07_02_091739_create_model_years_table',	1),
(6,	'2020_06_15_100000_create_vehicle_types_table',	1),
(7,	'2020_06_16_054241_create_insurances_table',	1),
(8,	'2020_06_16_054515_create_brands_table',	1),
(9,	'2020_06_16_055645_create_companies_table',	1),
(10,	'2020_06_17_051944_create_bodies_table',	1),
(11,	'2020_06_17_05222_create_options_table',	1),
(12,	'2020_06_17_052518_create_engines_table',	1),
(13,	'2020_06_17_052649_create_doors_table',	1),
(14,	'2020_06_17_053022_create_fuels_table',	1),
(15,	'2020_06_17_053421_create_gearboxes_table',	1),
(16,	'2020_06_17_053730_create_extras_table',	1),
(17,	'2020_06_17_053730_create_features_table',	1),
(18,	'2020_06_17_062937_create_languages_table',	1),
(19,	'2020_06_17_063132_create_language_strings_table',	1),
(20,	'2020_06_17_063534_create_categories_table',	1),
(21,	'2020_06_22_071855_create_pages_table',	1),
(22,	'2020_06_23_122958_create_settings_table',	1),
(23,	'2020_06_23_132808_create_announcements_table',	1),
(24,	'2020_07_02_070948_create_rydes_table',	1),
(25,	'2020_07_02_071242_create_ryde_instances_table',	1),
(26,	'2020_07_02_072307_create_ryde_options_table',	1),
(27,	'2020_07_02_090816_create_company_addresses',	1),
(28,	'2020_07_04_050619_create_vehicles_table',	1),
(29,	'2020_07_06_130316_create_bookings_table',	1),
(30,	'2020_07_06_135551_create_abilities_table',	1),
(31,	'2020_07_06_135607_create_roles_table',	1),
(32,	'2020_07_06_135636_create_role_abilities',	1),
(33,	'2020_07_09_035727_create_vehicle_not_availability_table',	1),
(34,	'2020_07_10_064809_create_category_vehicles_table',	1),
(35,	'2020_07_14_093723_create_commissions_table',	1),
(36,	'2020_07_15_134332_create_company_times_table',	1),
(37,	'2020_07_15_134703_create_driver_requirements_table',	1),
(38,	'2020_07_16_135452_create_vehicle_features_table',	1),
(39,	'2020_07_31_162744_create_report_problems_table',	1),
(40,	'2020_07_31_165509_create_contactus_table',	1),
(41,	'2020_07_31_175939_create_devices_table',	1),
(42,	'2020_07_31_180253_create_global_extras_table',	1),
(43,	'2020_08_04_044315_create_dealer_extras_table',	1),
(44,	'2020_08_04_044842_create_branch_extras_table',	1),
(45,	'2020_08_04_073041_create_vehicle_extras_table',	1),
(46,	'2020_08_06_130333_create_booking_details_table',	1),
(47,	'2018_08_08_100000_create_telescope_entries_table',	2);

DROP TABLE IF EXISTS `model_years`;
CREATE TABLE `model_years` (
  `id` bigint(20) unsigned NOT NULL AUTO_INCREMENT,
  `name` year(4) NOT NULL,
  `created_at` timestamp NULL DEFAULT NULL,
  `updated_at` timestamp NULL DEFAULT NULL,
  `deleted_at` timestamp NULL DEFAULT NULL,
  PRIMARY KEY (`id`)
) ENGINE=InnoDB DEFAULT CHARSET=utf8mb4 COLLATE=utf8mb4_unicode_ci;

INSERT INTO `model_years` (`id`, `name`, `created_at`, `updated_at`, `deleted_at`) VALUES
(1,	'2001',	'2020-08-04 06:33:23',	'2020-08-04 06:33:23',	NULL),
(2,	'2002',	'2020-08-04 06:33:23',	'2020-08-04 06:33:23',	NULL),
(3,	'2003',	'2020-08-04 06:33:23',	'2020-08-04 06:33:23',	NULL),
(4,	'2004',	'2020-08-04 06:33:23',	'2020-08-04 06:33:23',	NULL),
(5,	'2005',	'2020-08-04 06:33:23',	'2020-08-04 06:33:23',	NULL),
(6,	'2006',	'2020-08-04 06:33:23',	'2020-08-04 06:33:23',	NULL),
(7,	'2007',	'2020-08-04 06:33:23',	'2020-08-04 06:33:23',	NULL),
(8,	'2008',	'2020-08-04 06:33:23',	'2020-08-04 06:33:23',	NULL),
(9,	'2009',	'2020-08-04 06:33:23',	'2020-08-04 06:33:23',	NULL),
(10,	'2010',	'2020-08-04 06:33:23',	'2020-08-04 06:33:23',	NULL),
(11,	'2011',	'2020-08-04 06:33:23',	'2020-08-04 06:33:23',	NULL),
(12,	'2012',	'2020-08-04 06:33:23',	'2020-08-04 06:33:23',	NULL),
(13,	'2013',	'2020-08-04 06:33:23',	'2020-08-04 06:33:23',	NULL),
(14,	'2014',	'2020-08-04 06:33:23',	'2020-08-04 06:33:23',	NULL),
(15,	'2015',	'2020-08-04 06:33:23',	'2020-08-04 06:33:23',	NULL),
(16,	'2016',	'2020-08-04 06:33:23',	'2020-08-04 06:33:23',	NULL),
(17,	'2017',	'2020-08-04 06:33:23',	'2020-08-04 06:33:23',	NULL),
(18,	'2018',	'2020-08-04 06:33:23',	'2020-08-04 06:33:23',	NULL),
(19,	'2019',	'2020-08-04 06:33:23',	'2020-08-04 06:33:23',	NULL),
(20,	'2020',	'2020-08-04 06:33:23',	'2020-08-04 06:33:23',	NULL);

DROP TABLE IF EXISTS `options`;
CREATE TABLE `options` (
  `id` bigint(20) unsigned NOT NULL AUTO_INCREMENT,
  `vehicle_type_id` bigint(20) unsigned NOT NULL,
  `option_order` bigint(20) unsigned NOT NULL,
  `created_at` timestamp NULL DEFAULT NULL,
  `updated_at` timestamp NULL DEFAULT NULL,
  `deleted_at` timestamp NULL DEFAULT NULL,
  PRIMARY KEY (`id`),
  KEY `options_vehicle_type_id_foreign` (`vehicle_type_id`),
  CONSTRAINT `options_vehicle_type_id_foreign` FOREIGN KEY (`vehicle_type_id`) REFERENCES `vehicle_types` (`id`) ON DELETE CASCADE
) ENGINE=InnoDB DEFAULT CHARSET=utf8mb4 COLLATE=utf8mb4_unicode_ci;

INSERT INTO `options` (`id`, `vehicle_type_id`, `option_order`, `created_at`, `updated_at`, `deleted_at`) VALUES
(1,	1,	2,	'2020-08-04 07:16:15',	'2020-08-04 07:16:15',	NULL),
(2,	1,	3,	'2020-08-04 07:16:15',	'2020-08-04 07:16:15',	NULL),
(3,	1,	4,	'2020-08-04 07:16:15',	'2020-08-04 07:16:15',	NULL),
(4,	1,	5,	'2020-08-04 07:16:15',	'2020-08-04 07:16:15',	NULL),
(5,	1,	6,	'2020-08-04 07:16:15',	'2020-08-04 07:16:15',	NULL),
(6,	1,	7,	'2020-08-04 07:16:15',	'2020-08-04 07:16:15',	NULL),
(7,	1,	8,	'2020-08-04 07:16:15',	'2020-08-04 07:16:15',	NULL),
(8,	1,	9,	'2020-08-04 07:16:15',	'2020-08-04 07:16:15',	NULL),
(9,	1,	10,	'2020-08-04 07:16:15',	'2020-08-04 07:16:15',	NULL),
(10,	1,	11,	'2020-08-04 07:16:15',	'2020-08-04 07:16:15',	NULL),
(11,	1,	12,	'2020-08-04 07:16:15',	'2020-08-04 07:16:15',	NULL),
(12,	1,	13,	'2020-08-04 07:16:16',	'2020-08-04 07:16:16',	NULL),
(13,	1,	14,	'2020-08-04 07:16:16',	'2020-08-04 07:16:16',	NULL),
(14,	1,	15,	'2020-08-04 07:16:16',	'2020-08-04 07:16:16',	NULL),
(15,	1,	16,	'2020-08-04 07:16:16',	'2020-08-04 07:16:16',	NULL),
(16,	1,	17,	'2020-08-04 07:16:16',	'2020-08-04 07:16:16',	NULL),
(17,	1,	18,	'2020-08-04 07:16:16',	'2020-08-04 07:16:16',	NULL),
(18,	1,	19,	'2020-08-04 07:16:16',	'2020-08-04 07:16:16',	NULL),
(19,	1,	20,	'2020-08-04 07:16:16',	'2020-08-04 07:16:16',	NULL),
(20,	1,	21,	'2020-08-04 07:16:16',	'2020-08-04 07:16:16',	NULL),
(21,	1,	22,	'2020-08-04 07:16:16',	'2020-08-04 07:16:16',	NULL),
(22,	1,	23,	'2020-08-04 07:16:16',	'2020-08-04 07:16:16',	NULL),
(23,	1,	24,	'2020-08-04 07:16:16',	'2020-08-04 07:16:16',	NULL);

DROP TABLE IF EXISTS `option_translations`;
CREATE TABLE `option_translations` (
  `id` bigint(20) unsigned NOT NULL AUTO_INCREMENT,
  `option_id` bigint(20) unsigned NOT NULL,
  `name` varchar(191) COLLATE utf8mb4_unicode_ci NOT NULL,
  `locale` varchar(5) COLLATE utf8mb4_unicode_ci NOT NULL,
  `created_at` timestamp NULL DEFAULT NULL,
  `updated_at` timestamp NULL DEFAULT NULL,
  PRIMARY KEY (`id`),
  UNIQUE KEY `option_translations_option_id_locale_unique` (`option_id`,`locale`),
  KEY `option_translations_locale_index` (`locale`),
  CONSTRAINT `option_translations_option_id_foreign` FOREIGN KEY (`option_id`) REFERENCES `options` (`id`) ON DELETE CASCADE
) ENGINE=InnoDB DEFAULT CHARSET=utf8mb4 COLLATE=utf8mb4_unicode_ci;

INSERT INTO `option_translations` (`id`, `option_id`, `name`, `locale`, `created_at`, `updated_at`) VALUES
(1,	1,	'Alloy Wheels',	'en',	'2020-08-04 07:16:15',	'2020-08-04 07:16:15'),
(2,	1,	'جنوط',	'ar',	'2020-08-04 07:16:15',	'2020-08-27 10:58:36'),
(3,	2,	'AM/FM Radio',	'en',	'2020-08-04 07:16:15',	'2020-08-04 07:16:15'),
(4,	2,	'راديو AM / FM',	'ar',	'2020-08-04 07:16:15',	'2020-08-27 10:59:06'),
(5,	3,	'Driver Air Bag',	'en',	'2020-08-04 07:16:15',	'2020-08-04 07:16:15'),
(6,	3,	'وسادة هوائية للسائق',	'ar',	'2020-08-04 07:16:15',	'2020-08-27 10:59:30'),
(7,	4,	'Passenger Air Bag',	'en',	'2020-08-04 07:16:15',	'2020-08-04 07:16:15'),
(8,	4,	'وسادة هوائية للراكب',	'ar',	'2020-08-04 07:16:15',	'2020-08-27 11:00:09'),
(9,	5,	'Side Air Bag',	'en',	'2020-08-04 07:16:15',	'2020-08-04 07:16:15'),
(10,	5,	'وسادة هوائية جانبية',	'ar',	'2020-08-04 07:16:15',	'2020-08-27 11:00:22'),
(11,	6,	'Anti-Lock Brakes',	'en',	'2020-08-04 07:16:15',	'2020-08-04 07:16:15'),
(12,	6,	'الفرامل المانعة للانغلاق',	'ar',	'2020-08-04 07:16:15',	'2020-08-27 11:00:45'),
(13,	7,	'Power Steering',	'en',	'2020-08-04 07:16:15',	'2020-08-04 07:16:15'),
(14,	7,	'نظام قيادة كهربائي',	'ar',	'2020-08-04 07:16:15',	'2020-08-27 11:01:18'),
(15,	8,	'Cruise Control',	'en',	'2020-08-04 07:16:15',	'2020-08-04 07:16:15'),
(16,	8,	'مثبت سرعة',	'ar',	'2020-08-04 07:16:15',	'2020-08-27 11:01:34'),
(17,	9,	'Leather Seats',	'en',	'2020-08-04 07:16:15',	'2020-08-04 07:16:15'),
(18,	9,	'مقاعد جلد',	'ar',	'2020-08-04 07:16:15',	'2020-08-27 11:01:57'),
(19,	10,	'Power Seats',	'en',	'2020-08-04 07:16:15',	'2020-08-04 07:16:15'),
(20,	10,	'مقاعد كهربائية',	'ar',	'2020-08-04 07:16:15',	'2020-08-27 11:02:30'),
(21,	11,	'Power Windows',	'en',	'2020-08-04 07:16:15',	'2020-08-04 07:16:15'),
(22,	11,	'نوافذ كهربائية',	'ar',	'2020-08-04 07:16:16',	'2020-08-27 11:03:12'),
(23,	12,	'Rear Window Defroster',	'en',	'2020-08-04 07:16:16',	'2020-08-04 07:16:16'),
(24,	12,	'مزيل الصقيع للنافذة الخلفية',	'ar',	'2020-08-04 07:16:16',	'2020-08-27 11:03:42'),
(25,	13,	'Power Door Locks',	'en',	'2020-08-04 07:16:16',	'2020-08-04 07:16:16'),
(26,	13,	'قفل كهربائي للأبواب',	'ar',	'2020-08-04 07:16:16',	'2020-08-27 11:03:43'),
(27,	14,	'Tinted Glass',	'en',	'2020-08-04 07:16:16',	'2020-08-04 07:16:16'),
(28,	14,	'زجاج ملون',	'ar',	'2020-08-04 07:16:16',	'2020-08-27 11:04:53'),
(29,	15,	'CD Player',	'en',	'2020-08-04 07:16:16',	'2020-08-04 07:16:16'),
(30,	15,	'مشغل سي دي',	'ar',	'2020-08-04 07:16:16',	'2020-08-27 11:05:20'),
(31,	16,	'CD Changer',	'en',	'2020-08-04 07:16:16',	'2020-08-04 07:16:16'),
(32,	16,	'مبدل سي دي',	'ar',	'2020-08-04 07:16:16',	'2020-08-27 11:05:27'),
(33,	17,	'DVD Player',	'en',	'2020-08-04 07:16:16',	'2020-08-04 07:16:16'),
(34,	17,	'مشغل دي في دي',	'ar',	'2020-08-04 07:16:16',	'2020-08-27 11:05:48'),
(35,	18,	'Bluetooth',	'en',	'2020-08-04 07:16:16',	'2020-08-04 07:16:16'),
(36,	18,	'بلوتوث',	'ar',	'2020-08-04 07:16:16',	'2020-08-27 11:06:00'),
(37,	19,	'Rear Screens',	'en',	'2020-08-04 07:16:16',	'2020-08-04 07:16:16'),
(38,	19,	'شاشات خلفية',	'ar',	'2020-08-04 07:16:16',	'2020-08-27 11:06:04'),
(39,	20,	'Power Mirrors',	'en',	'2020-08-04 07:16:16',	'2020-08-04 07:16:16'),
(40,	20,	'مرايا كهربائية',	'ar',	'2020-08-04 07:16:16',	'2020-08-27 11:06:11'),
(41,	21,	'Heated Seats',	'en',	'2020-08-04 07:16:16',	'2020-08-04 07:16:16'),
(42,	21,	'مقاعد بتدفئة',	'ar',	'2020-08-04 07:16:16',	'2020-08-27 11:06:21'),
(43,	22,	'Sunroof/MoonRoof',	'en',	'2020-08-04 07:16:16',	'2020-08-04 07:16:16'),
(44,	22,	'فتحة سقف',	'ar',	'2020-08-04 07:16:16',	'2020-08-27 11:06:32'),
(45,	23,	'Navigation System',	'en',	'2020-08-04 07:16:16',	'2020-08-04 07:16:16'),
(46,	23,	'نظام ملاحة',	'ar',	'2020-08-04 07:16:16',	'2020-08-27 11:06:34');

DROP TABLE IF EXISTS `pages`;
CREATE TABLE `pages` (
  `id` bigint(20) unsigned NOT NULL AUTO_INCREMENT,
  `for` varchar(191) COLLATE utf8mb4_unicode_ci NOT NULL,
  `slug` varchar(191) COLLATE utf8mb4_unicode_ci NOT NULL,
  `page_order` bigint(20) unsigned NOT NULL,
  `created_at` timestamp NULL DEFAULT NULL,
  `updated_at` timestamp NULL DEFAULT NULL,
  PRIMARY KEY (`id`)
) ENGINE=InnoDB DEFAULT CHARSET=utf8mb4 COLLATE=utf8mb4_unicode_ci;

INSERT INTO `pages` (`id`, `for`, `slug`, `page_order`, `created_at`, `updated_at`) VALUES
(1,	'user',	'terms-condition',	1,	'2020-08-27 13:39:13',	'2020-08-27 13:39:13'),
(2,	'user',	'cancellation-policy',	2,	'2020-08-27 13:39:13',	'2020-08-27 13:39:13'),
(3,	'user',	'privacy',	3,	'2020-08-27 13:39:13',	'2020-08-27 13:39:13'),
(4,	'dealer',	'dealer-privacy',	4,	'2020-08-27 13:39:13',	'2020-08-27 13:39:13'),
(5,	'dealer',	'terms-condition',	5,	'2020-08-27 13:39:13',	'2020-08-27 13:39:13');

DROP TABLE IF EXISTS `page_translations`;
CREATE TABLE `page_translations` (
  `id` bigint(20) unsigned NOT NULL AUTO_INCREMENT,
  `page_id` bigint(20) unsigned NOT NULL,
  `name` varchar(191) COLLATE utf8mb4_unicode_ci NOT NULL,
  `description` longtext COLLATE utf8mb4_unicode_ci NOT NULL,
  `locale` varchar(5) COLLATE utf8mb4_unicode_ci NOT NULL,
  `created_at` timestamp NULL DEFAULT NULL,
  `updated_at` timestamp NULL DEFAULT NULL,
  PRIMARY KEY (`id`),
  UNIQUE KEY `page_translations_page_id_locale_unique` (`page_id`,`locale`),
  KEY `page_translations_locale_index` (`locale`),
  CONSTRAINT `page_translations_page_id_foreign` FOREIGN KEY (`page_id`) REFERENCES `pages` (`id`) ON DELETE CASCADE
) ENGINE=InnoDB DEFAULT CHARSET=utf8mb4 COLLATE=utf8mb4_unicode_ci;

INSERT INTO `page_translations` (`id`, `page_id`, `name`, `description`, `locale`, `created_at`, `updated_at`) VALUES
(1,	1,	'Terms & Condition',	'Terms & Condition',	'en',	'2020-08-27 13:43:29',	'2020-08-27 13:43:29'),
(2,	1,	'Terms & Condition',	'Terms & Condition',	'ar',	'2020-08-27 13:43:29',	'2020-08-27 13:43:29'),
(3,	2,	'Cancellation Policy',	'Cancellation Policy',	'ar',	'2020-08-27 13:43:29',	'2020-08-27 13:43:29'),
(4,	2,	'Cancellation Policy',	'Cancellation Policy',	'en',	'2020-08-27 13:43:29',	'2020-08-27 13:43:29'),
(5,	3,	'Privacy',	'Privacy',	'en',	'2020-08-27 13:43:29',	'2020-08-27 13:43:29'),
(6,	3,	'Privacy',	'Privacy',	'ar',	'2020-08-27 13:43:29',	'2020-08-27 13:43:29'),
(7,	4,	'Privacy  Policy',	'<div>Lorem ipsum dolor sit amet, consectetur adipiscing elit, sed do eiusmod tempor incididunt ut labore et dolore magna aliqua. Leo duis ut diam quam nulla. Imperdiet nulla malesuada pellentesque elit eget gravida cum sociis natoque. At elementum eu facilisis sed odio morbi quis commodo. Accumsan sit amet nulla facilisi. Congue quisque egestas diam in arcu cursus. Pellentesque massa placerat duis ultricies lacus sed turpis. Cras semper auctor neque vitae tempus quam pellentesque nec nam. Eu lobortis elementum nibh tellus molestie nunc non blandit massa. Augue interdum velit euismod in pellentesque massa. Arcu vitae elementum curabitur vitae nunc sed velit dignissim sodales. Imperdiet nulla malesuada pellentesque elit eget gravida. Pellentesque sit amet porttitor eget dolor morbi. Egestas sed tempus urna et pharetra pharetra massa massa ultricies. Eget egestas purus viverra accumsan.</div><div><br></div><div>Est ullamcorper eget nulla facilisi etiam dignissim. Platea dictumst vestibulum rhoncus est. Egestas diam in arcu cursus euismod quis. Accumsan tortor posuere ac ut consequat semper viverra. Elit eget gravida cum sociis. Purus semper eget duis at tellus at. Vitae elementum curabitur vitae nunc sed. Ipsum consequat nisl vel pretium. Eget lorem dolor sed viverra ipsum nunc aliquet bibendum enim. Nisi porta lorem mollis aliquam. Morbi enim nunc faucibus a pellentesque sit. Non nisi est sit amet.</div><div><br></div><div>Bibendum enim facilisis gravida neque convallis a cras semper. Nisl condimentum id venenatis a condimentum vitae sapien pellentesque habitant. Maecenas sed enim ut sem viverra. Rhoncus urna neque viverra justo. Eget mi proin sed libero enim sed faucibus turpis in. Mauris commodo quis imperdiet massa. Mi proin sed libero enim sed faucibus turpis in. Sit amet nisl suscipit adipiscing bibendum est. Ut placerat orci nulla pellentesque dignissim enim sit. Et tortor at risus viverra adipiscing. Maecenas sed enim ut sem. In hac habitasse platea dictumst vestibulum rhoncus est. Neque convallis a cras semper auctor neque vitae tempus. Ultricies tristique nulla aliquet enim tortor at auctor. Nec feugiat nisl pretium fusce id velit ut tortor. Phasellus egestas tellus rutrum tellus pellentesque eu.</div><div><br></div><div>Turpis nunc eget lorem dolor sed viverra ipsum nunc. Et sollicitudin ac orci phasellus egestas tellus rutrum. Fames ac turpis egestas sed. Tristique magna sit amet purus gravida. Varius vel pharetra vel turpis nunc eget lorem dolor sed. Amet nisl suscipit adipiscing bibendum est ultricies integer quis. Ac tortor vitae purus faucibus ornare suspendisse sed. Aenean et tortor at risus viverra adipiscing. Aliquam eleifend mi in nulla posuere sollicitudin aliquam. Velit sed ullamcorper morbi tincidunt ornare massa. Est lorem ipsum dolor sit amet. A erat nam at lectus urna duis convallis convallis. Aliquet porttitor lacus luctus accumsan tortor posuere ac. Nunc aliquet bibendum enim facilisis gravida neque convallis. Lectus magna fringilla urna porttitor rhoncus. Morbi tristique senectus et netus. Risus nec feugiat in fermentum posuere urna nec tincidunt praesent.</div><div><br></div><div>Libero id faucibus nisl tincidunt eget nullam non. Et tortor consequat id porta nibh venenatis. Turpis massa tincidunt dui ut ornare. Mauris vitae ultricies leo integer malesuada nunc vel. Penatibus et magnis dis parturient montes nascetur ridiculus. Ullamcorper a lacus vestibulum sed arcu non odio euismod. Mauris ultrices eros in cursus turpis massa. Id interdum velit laoreet id donec ultrices tincidunt arcu. Diam sollicitudin tempor id eu. Sed sed risus pretium quam vulputate dignissim suspendisse. In iaculis nunc sed augue. Duis convallis convallis tellus id. Vitae turpis massa sed elementum tempus egestas sed.</div><div><br></div><div>Tellus molestie nunc non blandit. Rhoncus urna neque viverra justo nec ultrices dui. Vitae justo eget magna fermentum iaculis eu non diam. Volutpat blandit aliquam etiam erat velit scelerisque in. In metus vulputate eu scelerisque felis imperdiet proin. Varius sit amet mattis vulputate enim nulla aliquet. Dolor sit amet consectetur adipiscing elit pellentesque habitant morbi. Magna etiam tempor orci eu lobortis elementum nibh tellus. Donec ac odio tempor orci dapibus. Urna id volutpat lacus laoreet. Gravida quis blandit turpis cursus in hac. Libero id faucibus nisl tincidunt. Dolor magna eget est lorem ipsum dolor sit amet. Ut sem nulla pharetra diam. Pellentesque diam volutpat commodo sed egestas egestas fringilla. Id neque aliquam vestibulum morbi blandit cursus risus at ultrices. Duis tristique sollicitudin nibh sit amet commodo nulla facilisi nullam.</div><div><br></div><div>Purus sit amet luctus venenatis lectus magna fringilla. Mattis vulputate enim nulla aliquet porttitor lacus luctus accumsan tortor. Est ultricies integer quis auctor elit. Dis parturient montes nascetur ridiculus mus. Mauris nunc congue nisi vitae suscipit. Hac habitasse platea dictumst vestibulum rhoncus. Ultrices tincidunt arcu non sodales neque sodales ut. Justo nec ultrices dui sapien eget. Lorem ipsum dolor sit amet consectetur adipiscing elit pellentesque. Feugiat pretium nibh ipsum consequat nisl vel pretium. At tempor commodo ullamcorper a. Tristique sollicitudin nibh sit amet commodo nulla. Diam in arcu cursus euismod quis viverra nibh. Lacus vel facilisis volutpat est velit egestas. Massa tincidunt nunc pulvinar sapien et ligula ullamcorper malesuada proin. Sit amet consectetur adipiscing elit pellentesque habitant. Vitae congue mauris rhoncus aenean vel. Velit egestas dui id ornare arcu odio ut sem. Id aliquet risus feugiat in. Gravida cum sociis natoque penatibus et magnis dis.</div><div><br></div><div>Mattis rhoncus urna neque viverra justo nec ultrices dui sapien. Diam vel quam elementum pulvinar etiam non quam lacus suspendisse. Pellentesque habitant morbi tristique senectus et netus et. Pulvinar sapien et ligula ullamcorper malesuada proin libero nunc. Vitae turpis massa sed elementum tempus egestas. Lacus luctus accumsan tortor posuere ac. Ipsum suspendisse ultrices gravida dictum fusce ut placerat orci nulla. Id venenatis a condimentum vitae sapien pellentesque habitant morbi. Odio facilisis mauris sit amet massa vitae tortor condimentum lacinia. Tincidunt lobortis feugiat vivamus at augue eget arcu dictum varius. At in tellus integer feugiat scelerisque varius morbi enim. Fringilla ut morbi tincidunt augue interdum velit euismod.</div><div><br></div><div>Sed odio morbi quis commodo odio aenean sed adipiscing. Sit amet commodo nulla facilisi nullam vehicula. Tellus cras adipiscing enim eu turpis egestas pretium aenean pharetra. Interdum velit laoreet id donec. Nisl purus in mollis nunc sed id semper risus. Blandit libero volutpat sed cras ornare. Sed felis eget velit aliquet sagittis id consectetur. Enim blandit volutpat maecenas volutpat blandit aliquam etiam. Et netus et malesuada fames. Nibh mauris cursus mattis molestie a. Auctor urna nunc id cursus metus aliquam eleifend mi. Dolor sit amet consectetur adipiscing elit ut aliquam. Euismod in pellentesque massa placerat duis. Laoreet sit amet cursus sit amet dictum sit. Fermentum odio eu feugiat pretium nibh ipsum consequat. Amet porttitor eget dolor morbi.</div><div><br></div><div>Amet aliquam id diam maecenas ultricies mi eget. Facilisi morbi tempus iaculis urna id volutpat lacus laoreet non. Magna ac placerat vestibulum lectus mauris ultrices eros. Libero justo laoreet sit amet cursus sit amet dictum sit. Aliquam sem et tortor consequat id. Eget magna fermentum iaculis eu non diam phasellus. Volutpat maecenas volutpat blandit aliquam etiam. Facilisis sed odio morbi quis commodo odio aenean sed. Elementum curabitur vitae nunc sed velit. Metus aliquam eleifend mi in nulla posuere sollicitudin aliquam. Nullam ac tortor vitae purus faucibus. Phasellus egestas tellus rutrum tellus. Pretium vulputate sapien nec sagittis aliquam. Massa vitae tortor condimentum lacinia quis. Commodo nulla facilisi nullam vehicula ipsum a arcu. Quis eleifend quam adipiscing vitae proin sagittis nisl rhoncus. Eget duis at tellus at urna. Pharetra et ultrices neque ornare aenean euismod.</div>',	'en',	'2020-08-27 13:43:29',	'2020-10-19 04:54:13'),
(8,	4,	'سياسة خاصة',	'<div>Lorem ipsum dolor sit amet, consectetur adipiscing elit, sed do eiusmod tempor incididunt ut labore et dolore magna aliqua. Leo duis ut diam quam nulla. Imperdiet nulla malesuada pellentesque elit eget gravida cum sociis natoque. At elementum eu facilisis sed odio morbi quis commodo. Accumsan sit amet nulla facilisi. Congue quisque egestas diam in arcu cursus. Pellentesque massa placerat duis ultricies lacus sed turpis. Cras semper auctor neque vitae tempus quam pellentesque nec nam. Eu lobortis elementum nibh tellus molestie nunc non blandit massa. Augue interdum velit euismod in pellentesque massa. Arcu vitae elementum curabitur vitae nunc sed velit dignissim sodales. Imperdiet nulla malesuada pellentesque elit eget gravida. Pellentesque sit amet porttitor eget dolor morbi. Egestas sed tempus urna et pharetra pharetra massa massa ultricies. Eget egestas purus viverra accumsan.</div><div><br></div><div>Est ullamcorper eget nulla facilisi etiam dignissim. Platea dictumst vestibulum rhoncus est. Egestas diam in arcu cursus euismod quis. Accumsan tortor posuere ac ut consequat semper viverra. Elit eget gravida cum sociis. Purus semper eget duis at tellus at. Vitae elementum curabitur vitae nunc sed. Ipsum consequat nisl vel pretium. Eget lorem dolor sed viverra ipsum nunc aliquet bibendum enim. Nisi porta lorem mollis aliquam. Morbi enim nunc faucibus a pellentesque sit. Non nisi est sit amet.</div><div><br></div><div>Bibendum enim facilisis gravida neque convallis a cras semper. Nisl condimentum id venenatis a condimentum vitae sapien pellentesque habitant. Maecenas sed enim ut sem viverra. Rhoncus urna neque viverra justo. Eget mi proin sed libero enim sed faucibus turpis in. Mauris commodo quis imperdiet massa. Mi proin sed libero enim sed faucibus turpis in. Sit amet nisl suscipit adipiscing bibendum est. Ut placerat orci nulla pellentesque dignissim enim sit. Et tortor at risus viverra adipiscing. Maecenas sed enim ut sem. In hac habitasse platea dictumst vestibulum rhoncus est. Neque convallis a cras semper auctor neque vitae tempus. Ultricies tristique nulla aliquet enim tortor at auctor. Nec feugiat nisl pretium fusce id velit ut tortor. Phasellus egestas tellus rutrum tellus pellentesque eu.</div><div><br></div><div>Turpis nunc eget lorem dolor sed viverra ipsum nunc. Et sollicitudin ac orci phasellus egestas tellus rutrum. Fames ac turpis egestas sed. Tristique magna sit amet purus gravida. Varius vel pharetra vel turpis nunc eget lorem dolor sed. Amet nisl suscipit adipiscing bibendum est ultricies integer quis. Ac tortor vitae purus faucibus ornare suspendisse sed. Aenean et tortor at risus viverra adipiscing. Aliquam eleifend mi in nulla posuere sollicitudin aliquam. Velit sed ullamcorper morbi tincidunt ornare massa. Est lorem ipsum dolor sit amet. A erat nam at lectus urna duis convallis convallis. Aliquet porttitor lacus luctus accumsan tortor posuere ac. Nunc aliquet bibendum enim facilisis gravida neque convallis. Lectus magna fringilla urna porttitor rhoncus. Morbi tristique senectus et netus. Risus nec feugiat in fermentum posuere urna nec tincidunt praesent.</div><div><br></div><div>Libero id faucibus nisl tincidunt eget nullam non. Et tortor consequat id porta nibh venenatis. Turpis massa tincidunt dui ut ornare. Mauris vitae ultricies leo integer malesuada nunc vel. Penatibus et magnis dis parturient montes nascetur ridiculus. Ullamcorper a lacus vestibulum sed arcu non odio euismod. Mauris ultrices eros in cursus turpis massa. Id interdum velit laoreet id donec ultrices tincidunt arcu. Diam sollicitudin tempor id eu. Sed sed risus pretium quam vulputate dignissim suspendisse. In iaculis nunc sed augue. Duis convallis convallis tellus id. Vitae turpis massa sed elementum tempus egestas sed.</div><div><br></div><div>Tellus molestie nunc non blandit. Rhoncus urna neque viverra justo nec ultrices dui. Vitae justo eget magna fermentum iaculis eu non diam. Volutpat blandit aliquam etiam erat velit scelerisque in. In metus vulputate eu scelerisque felis imperdiet proin. Varius sit amet mattis vulputate enim nulla aliquet. Dolor sit amet consectetur adipiscing elit pellentesque habitant morbi. Magna etiam tempor orci eu lobortis elementum nibh tellus. Donec ac odio tempor orci dapibus. Urna id volutpat lacus laoreet. Gravida quis blandit turpis cursus in hac. Libero id faucibus nisl tincidunt. Dolor magna eget est lorem ipsum dolor sit amet. Ut sem nulla pharetra diam. Pellentesque diam volutpat commodo sed egestas egestas fringilla. Id neque aliquam vestibulum morbi blandit cursus risus at ultrices. Duis tristique sollicitudin nibh sit amet commodo nulla facilisi nullam.</div><div><br></div><div>Purus sit amet luctus venenatis lectus magna fringilla. Mattis vulputate enim nulla aliquet porttitor lacus luctus accumsan tortor. Est ultricies integer quis auctor elit. Dis parturient montes nascetur ridiculus mus. Mauris nunc congue nisi vitae suscipit. Hac habitasse platea dictumst vestibulum rhoncus. Ultrices tincidunt arcu non sodales neque sodales ut. Justo nec ultrices dui sapien eget. Lorem ipsum dolor sit amet consectetur adipiscing elit pellentesque. Feugiat pretium nibh ipsum consequat nisl vel pretium. At tempor commodo ullamcorper a. Tristique sollicitudin nibh sit amet commodo nulla. Diam in arcu cursus euismod quis viverra nibh. Lacus vel facilisis volutpat est velit egestas. Massa tincidunt nunc pulvinar sapien et ligula ullamcorper malesuada proin. Sit amet consectetur adipiscing elit pellentesque habitant. Vitae congue mauris rhoncus aenean vel. Velit egestas dui id ornare arcu odio ut sem. Id aliquet risus feugiat in. Gravida cum sociis natoque penatibus et magnis dis.</div><div><br></div><div>Mattis rhoncus urna neque viverra justo nec ultrices dui sapien. Diam vel quam elementum pulvinar etiam non quam lacus suspendisse. Pellentesque habitant morbi tristique senectus et netus et. Pulvinar sapien et ligula ullamcorper malesuada proin libero nunc. Vitae turpis massa sed elementum tempus egestas. Lacus luctus accumsan tortor posuere ac. Ipsum suspendisse ultrices gravida dictum fusce ut placerat orci nulla. Id venenatis a condimentum vitae sapien pellentesque habitant morbi. Odio facilisis mauris sit amet massa vitae tortor condimentum lacinia. Tincidunt lobortis feugiat vivamus at augue eget arcu dictum varius. At in tellus integer feugiat scelerisque varius morbi enim. Fringilla ut morbi tincidunt augue interdum velit euismod.</div><div><br></div><div>Sed odio morbi quis commodo odio aenean sed adipiscing. Sit amet commodo nulla facilisi nullam vehicula. Tellus cras adipiscing enim eu turpis egestas pretium aenean pharetra. Interdum velit laoreet id donec. Nisl purus in mollis nunc sed id semper risus. Blandit libero volutpat sed cras ornare. Sed felis eget velit aliquet sagittis id consectetur. Enim blandit volutpat maecenas volutpat blandit aliquam etiam. Et netus et malesuada fames. Nibh mauris cursus mattis molestie a. Auctor urna nunc id cursus metus aliquam eleifend mi. Dolor sit amet consectetur adipiscing elit ut aliquam. Euismod in pellentesque massa placerat duis. Laoreet sit amet cursus sit amet dictum sit. Fermentum odio eu feugiat pretium nibh ipsum consequat. Amet porttitor eget dolor morbi.</div><div><br></div><div>Amet aliquam id diam maecenas ultricies mi eget. Facilisi morbi tempus iaculis urna id volutpat lacus laoreet non. Magna ac placerat vestibulum lectus mauris ultrices eros. Libero justo laoreet sit amet cursus sit amet dictum sit. Aliquam sem et tortor consequat id. Eget magna fermentum iaculis eu non diam phasellus. Volutpat maecenas volutpat blandit aliquam etiam. Facilisis sed odio morbi quis commodo odio aenean sed. Elementum curabitur vitae nunc sed velit. Metus aliquam eleifend mi in nulla posuere sollicitudin aliquam. Nullam ac tortor vitae purus faucibus. Phasellus egestas tellus rutrum tellus. Pretium vulputate sapien nec sagittis aliquam. Massa vitae tortor condimentum lacinia quis. Commodo nulla facilisi nullam vehicula ipsum a arcu. Quis eleifend quam adipiscing vitae proin sagittis nisl rhoncus. Eget duis at tellus at urna. Pharetra et ultrices neque ornare aenean euismod.</div>',	'ar',	'2020-08-27 13:43:29',	'2020-10-19 04:53:05'),
(10,	5,	'Terms & Condition',	'<div>Lorem ipsum dolor sit amet, consectetur adipiscing elit, sed do eiusmod tempor incididunt ut labore et dolore magna aliqua. Leo duis ut diam quam nulla. Imperdiet nulla malesuada pellentesque elit eget gravida cum sociis natoque. At elementum eu facilisis sed odio morbi quis commodo. Accumsan sit amet nulla facilisi. Congue quisque egestas diam in arcu cursus. Pellentesque massa placerat duis ultricies lacus sed turpis. Cras semper auctor neque vitae tempus quam pellentesque nec nam. Eu lobortis elementum nibh tellus molestie nunc non blandit massa. Augue interdum velit euismod in pellentesque massa. Arcu vitae elementum curabitur vitae nunc sed velit dignissim sodales. Imperdiet nulla malesuada pellentesque elit eget gravida. Pellentesque sit amet porttitor eget dolor morbi. Egestas sed tempus urna et pharetra pharetra massa massa ultricies. Eget egestas purus viverra accumsan.</div><div><br></div><div>Est ullamcorper eget nulla facilisi etiam dignissim. Platea dictumst vestibulum rhoncus est. Egestas diam in arcu cursus euismod quis. Accumsan tortor posuere ac ut consequat semper viverra. Elit eget gravida cum sociis. Purus semper eget duis at tellus at. Vitae elementum curabitur vitae nunc sed. Ipsum consequat nisl vel pretium. Eget lorem dolor sed viverra ipsum nunc aliquet bibendum enim. Nisi porta lorem mollis aliquam. Morbi enim nunc faucibus a pellentesque sit. Non nisi est sit amet.</div>',	'en',	'2020-08-27 13:43:29',	'2020-10-19 04:53:49'),
(11,	5,	'الشروط والأحكام',	'<div>Lorem ipsum dolor sit amet, consectetur adipiscing elit, sed do eiusmod tempor incididunt ut labore et dolore magna aliqua. Leo duis ut diam quam nulla. Imperdiet nulla malesuada pellentesque elit eget gravida cum sociis natoque. At elementum eu facilisis sed odio morbi quis commodo. Accumsan sit amet nulla facilisi. Congue quisque egestas diam in arcu cursus. Pellentesque massa placerat duis ultricies lacus sed turpis. Cras semper auctor neque vitae tempus quam pellentesque nec nam. Eu lobortis elementum nibh tellus molestie nunc non blandit massa. Augue interdum velit euismod in pellentesque massa. Arcu vitae elementum curabitur vitae nunc sed velit dignissim sodales. Imperdiet nulla malesuada pellentesque elit eget gravida. Pellentesque sit amet porttitor eget dolor morbi. Egestas sed tempus urna et pharetra pharetra massa massa ultricies. Eget egestas purus viverra accumsan.</div><div><br></div><div>Est ullamcorper eget nulla facilisi etiam dignissim. Platea dictumst vestibulum rhoncus est. Egestas diam in arcu cursus euismod quis. Accumsan tortor posuere ac ut consequat semper viverra. Elit eget gravida cum sociis. Purus semper eget duis at tellus at. Vitae elementum curabitur vitae nunc sed. Ipsum consequat nisl vel pretium. Eget lorem dolor sed viverra ipsum nunc aliquet bibendum enim. Nisi porta lorem mollis aliquam. Morbi enim nunc faucibus a pellentesque sit. Non nisi est sit amet.</div>',	'ar',	'2020-08-27 13:43:29',	'2020-10-19 04:53:49');

DROP TABLE IF EXISTS `password_resets`;
CREATE TABLE `password_resets` (
  `email` varchar(191) COLLATE utf8mb4_unicode_ci NOT NULL,
  `token` varchar(191) COLLATE utf8mb4_unicode_ci NOT NULL,
  `created_at` timestamp NULL DEFAULT NULL,
  KEY `password_resets_email_index` (`email`)
) ENGINE=InnoDB DEFAULT CHARSET=utf8mb4 COLLATE=utf8mb4_unicode_ci;

INSERT INTO `password_resets` (`email`, `token`, `created_at`) VALUES
('Mohi.taoufik@disruptem.com',	'$2y$10$hO.l2GRoG7X0XCn9leIAv.gqNb3msyXbsK4TCqEkck2Jgf91fYpze',	'2020-08-24 06:05:57'),
('testiosnew@yopmail.com',	'$2y$10$5DBE/gh8hJDDoRqn4/iTke2bVUFC41pprwo50H/9weeWQPvzD5ktO',	'2020-08-24 14:14:32'),
('fadi.ameer@disruptem.com',	'$2y$10$w3bk.Y6ynJogHle4DwbMuOOqjGXw3ngVs.QyN7Bsdpgm6UYe1B6KC',	'2020-09-01 22:06:22'),
('tongush@gmail.com',	'$2y$10$0F/Kx7imI389iohVREHHm.1nrOnlKXj8b1M1fIKkUDMmNud7Bu966',	'2020-09-06 16:45:33'),
('motaoufik20@gmail.com',	'$2y$10$w2un5VgHJ16wAgHJ7uRJOe95xTvzPraLVU9i4NTGa2VgWibd3TVfO',	'2020-10-02 07:17:49'),
('i.hi5.developers@gmail.com',	'$2y$10$vQ9vfrbdJ67eaAzn8nrZIuEFWZCACUA9CZu4041TtKkpx7jsQn5Zm',	'2020-10-12 04:07:37'),
('arth@hi5host.com',	'$2y$10$.Ny0tDbeoVM5s8TAYfTCwOm2o4yaXaMKIfDRvA0khIgcQHOH78KOq',	'2020-10-12 04:15:06');

DROP TABLE IF EXISTS `ratings`;
CREATE TABLE `ratings` (
  `id` bigint(20) NOT NULL AUTO_INCREMENT,
  `booking_id` bigint(20) unsigned DEFAULT NULL,
  `price` float(5,1) DEFAULT NULL,
  `service` float(5,1) DEFAULT NULL,
  `condition` float(5,1) DEFAULT NULL,
  `pickup_up_drop_off` float(5,1) DEFAULT NULL,
  `comments` text,
  `created_at` timestamp NULL DEFAULT NULL,
  `updated_at` timestamp NULL DEFAULT NULL,
  PRIMARY KEY (`id`),
  KEY `booking_id` (`booking_id`),
  CONSTRAINT `ratings_ibfk_1` FOREIGN KEY (`booking_id`) REFERENCES `bookings` (`id`) ON DELETE CASCADE
) ENGINE=InnoDB DEFAULT CHARSET=latin1;


DROP TABLE IF EXISTS `report_models`;
CREATE TABLE `report_models` (
  `id` int(11) NOT NULL AUTO_INCREMENT,
  `company_id` bigint(11) unsigned NOT NULL,
  `brand_id` bigint(11) unsigned NOT NULL,
  `model_year_id` bigint(11) unsigned NOT NULL,
  `to_year_id` bigint(11) unsigned NOT NULL,
  `color_id` bigint(11) unsigned NOT NULL,
  `message` varchar(255) NOT NULL,
  `created_at` timestamp NULL DEFAULT NULL,
  `updated_at` timestamp NULL DEFAULT NULL,
  PRIMARY KEY (`id`)
) ENGINE=InnoDB DEFAULT CHARSET=utf8mb4;

INSERT INTO `report_models` (`id`, `company_id`, `brand_id`, `model_year_id`, `to_year_id`, `color_id`, `message`, `created_at`, `updated_at`) VALUES
(3,	2,	1,	1,	5,	1,	'testing',	'2020-10-13 02:30:36',	'2020-10-13 02:30:36');

DROP TABLE IF EXISTS `report_problems`;
CREATE TABLE `report_problems` (
  `id` bigint(20) unsigned NOT NULL AUTO_INCREMENT,
  `user_id` bigint(20) unsigned NOT NULL,
  `message` text COLLATE utf8mb4_unicode_ci NOT NULL,
  `image` varchar(191) COLLATE utf8mb4_unicode_ci NOT NULL,
  `is_seen` tinyint(3) unsigned NOT NULL DEFAULT '0',
  `created_at` timestamp NULL DEFAULT NULL,
  `updated_at` timestamp NULL DEFAULT NULL,
  PRIMARY KEY (`id`),
  KEY `report_problems_user_id_foreign` (`user_id`),
  CONSTRAINT `report_problems_user_id_foreign` FOREIGN KEY (`user_id`) REFERENCES `users` (`id`) ON DELETE CASCADE
) ENGINE=InnoDB DEFAULT CHARSET=utf8mb4 COLLATE=utf8mb4_unicode_ci;

INSERT INTO `report_problems` (`id`, `user_id`, `message`, `image`, `is_seen`, `created_at`, `updated_at`) VALUES
(1,	17,	'Tetse',	'uploads/2020/08/5f472f5a923e7.jpg',	1,	'2020-08-27 07:58:18',	'2020-10-15 10:45:25'),
(5,	17,	'test',	'uploads/2020/08/5f472f5a923e7.jpg',	1,	'2020-08-27 07:58:18',	'2020-10-15 10:45:23'),
(6,	15,	'Test',	'uploads/2020/10/5f8e63f0a5f36.jpg',	0,	'2020-10-20 04:13:36',	'2020-10-20 04:13:36'),
(7,	18,	'asdasdas',	'uploads/2020/10/5f8ee62594f80.png',	0,	'2020-10-20 13:29:09',	'2020-10-20 13:29:09'),
(8,	18,	'adasdasd',	'uploads/2020/10/5f900b000679b.png',	0,	'2020-10-21 10:18:40',	'2020-10-21 10:18:40'),
(9,	18,	'dhdhd',	'uploads/2020/10/5f900d07091db.png',	0,	'2020-10-21 10:27:19',	'2020-10-21 10:27:19'),
(10,	18,	'dhdud',	'uploads/2020/10/5f900ee099ccc.png',	0,	'2020-10-21 10:35:12',	'2020-10-21 10:35:12'),
(11,	15,	'test',	'uploads/2020/10/5f90182d009b9.png',	0,	'2020-10-21 11:14:53',	'2020-10-21 11:14:53'),
(12,	15,	'test',	'uploads/2020/10/5f901840a78a0.png',	0,	'2020-10-21 11:15:12',	'2020-10-21 11:15:12');

DROP TABLE IF EXISTS `roles`;
CREATE TABLE `roles` (
  `id` bigint(20) unsigned NOT NULL AUTO_INCREMENT,
  `name` varchar(191) COLLATE utf8mb4_unicode_ci NOT NULL,
  `created_at` timestamp NULL DEFAULT NULL,
  `updated_at` timestamp NULL DEFAULT NULL,
  PRIMARY KEY (`id`)
) ENGINE=InnoDB DEFAULT CHARSET=utf8mb4 COLLATE=utf8mb4_unicode_ci;

INSERT INTO `roles` (`id`, `name`, `created_at`, `updated_at`) VALUES
(1,	'admin',	'2020-08-04 06:33:19',	'2020-08-04 06:33:19'),
(2,	'company',	'2020-08-04 06:33:19',	'2020-08-04 06:33:19'),
(3,	'user',	'2020-08-04 06:33:19',	'2020-08-04 06:33:19');

DROP TABLE IF EXISTS `role_abilities`;
CREATE TABLE `role_abilities` (
  `id` bigint(20) unsigned NOT NULL AUTO_INCREMENT,
  `ability_id` bigint(20) unsigned NOT NULL,
  `role_id` bigint(20) unsigned NOT NULL,
  `created_at` timestamp NULL DEFAULT NULL,
  `updated_at` timestamp NULL DEFAULT NULL,
  PRIMARY KEY (`id`),
  KEY `role_abilities_ability_id_foreign` (`ability_id`),
  KEY `role_abilities_role_id_foreign` (`role_id`),
  CONSTRAINT `role_abilities_ability_id_foreign` FOREIGN KEY (`ability_id`) REFERENCES `abilities` (`id`) ON DELETE CASCADE,
  CONSTRAINT `role_abilities_role_id_foreign` FOREIGN KEY (`role_id`) REFERENCES `roles` (`id`) ON DELETE CASCADE
) ENGINE=InnoDB DEFAULT CHARSET=utf8mb4 COLLATE=utf8mb4_unicode_ci;


DROP TABLE IF EXISTS `rydes`;
CREATE TABLE `rydes` (
  `id` bigint(20) unsigned NOT NULL AUTO_INCREMENT,
  `brand_id` bigint(20) unsigned NOT NULL,
  `model_year_id` bigint(20) unsigned NOT NULL,
  `to_year_id` bigint(20) unsigned NOT NULL,
  `color_id` bigint(20) unsigned NOT NULL,
  `image` varchar(255) COLLATE utf8mb4_unicode_ci DEFAULT NULL,
  `created_at` timestamp NULL DEFAULT NULL,
  `updated_at` timestamp NULL DEFAULT NULL,
  `deleted_at` timestamp NULL DEFAULT NULL,
  PRIMARY KEY (`id`),
  KEY `rydes_brand_id_foreign` (`brand_id`),
  KEY `rydes_model_year_id_foreign` (`model_year_id`),
  KEY `rydes_color_id_foreign` (`color_id`),
  CONSTRAINT `rydes_brand_id_foreign` FOREIGN KEY (`brand_id`) REFERENCES `brands` (`id`) ON DELETE CASCADE,
  CONSTRAINT `rydes_color_id_foreign` FOREIGN KEY (`color_id`) REFERENCES `colors` (`id`) ON DELETE CASCADE,
  CONSTRAINT `rydes_model_year_id_foreign` FOREIGN KEY (`model_year_id`) REFERENCES `model_years` (`id`) ON DELETE CASCADE
) ENGINE=InnoDB DEFAULT CHARSET=utf8mb4 COLLATE=utf8mb4_unicode_ci;

INSERT INTO `rydes` (`id`, `brand_id`, `model_year_id`, `to_year_id`, `color_id`, `image`, `created_at`, `updated_at`, `deleted_at`) VALUES
(1,	1,	20,	20,	1,	'uploads/2020/08/5f3ac0cd0a3d6.png',	'2020-08-04 07:25:34',	'2020-10-12 05:53:18',	NULL),
(2,	2,	15,	15,	1,	'uploads/2020/08/5f4993ff347b5.png',	'2020-08-21 14:31:11',	'2020-08-29 03:32:15',	NULL),
(5,	1,	20,	20,	25,	'uploads/2020/08/5f4a641d74c85.png',	'2020-08-29 18:20:13',	'2020-08-29 18:20:13',	NULL),
(6,	1,	20,	20,	5,	'uploads/2020/08/5f4a6485828ca.png',	'2020-08-29 18:21:57',	'2020-08-29 18:21:57',	NULL),
(7,	1,	20,	20,	13,	'uploads/2020/08/5f4a667d52b16.png',	'2020-08-29 18:30:21',	'2020-08-29 18:30:21',	NULL),
(8,	1,	18,	18,	5,	'uploads/2020/08/5f4a7223b1d58.jpg',	'2020-08-29 19:20:03',	'2020-10-15 07:14:27',	'2020-10-15 07:14:27'),
(9,	7,	20,	20,	30,	'uploads/2020/09/5f718c9d11bc3.png',	'2020-09-28 07:04:51',	'2020-09-28 07:11:47',	NULL),
(10,	7,	20,	20,	31,	'uploads/2020/09/5f71943191074.png',	'2020-09-28 07:43:45',	'2020-09-28 07:43:45',	NULL),
(11,	7,	20,	20,	32,	'uploads/2020/09/5f71947bada08.png',	'2020-09-28 07:44:59',	'2020-09-28 07:44:59',	NULL),
(12,	7,	20,	20,	37,	'uploads/2020/09/5f719bcb7614b.png',	'2020-09-28 08:16:11',	'2020-09-28 08:16:11',	NULL),
(13,	7,	20,	20,	20,	'uploads/2020/09/5f71cdf059aa3.png',	'2020-09-28 11:50:08',	'2020-09-28 11:50:08',	NULL),
(15,	7,	20,	20,	7,	'uploads/2020/10/5f7b041fc7f3f.png',	'2020-10-05 11:31:43',	'2020-10-05 11:31:43',	NULL),
(16,	1,	20,	20,	30,	'uploads/2020/10/5f7c343c26114.png',	'2020-10-06 09:09:16',	'2020-10-06 09:09:16',	NULL),
(17,	1,	20,	20,	33,	'uploads/2020/10/5f7c34feca802.png',	'2020-10-06 09:12:30',	'2020-10-06 09:12:30',	NULL),
(18,	1,	20,	20,	34,	'uploads/2020/10/5f7c355bce5d9.png',	'2020-10-06 09:14:03',	'2020-10-06 09:14:03',	NULL);

DROP TABLE IF EXISTS `ryde_instances`;
CREATE TABLE `ryde_instances` (
  `id` bigint(20) unsigned NOT NULL AUTO_INCREMENT,
  `ryde_id` bigint(20) unsigned NOT NULL,
  `body_id` bigint(20) unsigned NOT NULL,
  `door_id` bigint(20) unsigned NOT NULL,
  `seats` bigint(20) unsigned NOT NULL,
  `created_at` timestamp NULL DEFAULT NULL,
  `updated_at` timestamp NULL DEFAULT NULL,
  `deleted_at` timestamp NULL DEFAULT NULL,
  PRIMARY KEY (`id`),
  KEY `ryde_instances_ryde_id_foreign` (`ryde_id`),
  KEY `ryde_instances_body_id_foreign` (`body_id`),
  KEY `ryde_instances_door_id_foreign` (`door_id`),
  CONSTRAINT `ryde_instances_body_id_foreign` FOREIGN KEY (`body_id`) REFERENCES `bodies` (`id`) ON DELETE CASCADE,
  CONSTRAINT `ryde_instances_door_id_foreign` FOREIGN KEY (`door_id`) REFERENCES `doors` (`id`) ON DELETE CASCADE,
  CONSTRAINT `ryde_instances_ryde_id_foreign` FOREIGN KEY (`ryde_id`) REFERENCES `rydes` (`id`) ON DELETE CASCADE
) ENGINE=InnoDB DEFAULT CHARSET=utf8mb4 COLLATE=utf8mb4_unicode_ci;

INSERT INTO `ryde_instances` (`id`, `ryde_id`, `body_id`, `door_id`, `seats`, `created_at`, `updated_at`, `deleted_at`) VALUES
(1,	1,	1,	3,	4,	'2020-08-04 07:25:34',	'2020-10-12 05:53:18',	NULL),
(2,	2,	2,	5,	6,	'2020-08-21 14:31:11',	'2020-08-29 03:32:15',	NULL),
(5,	5,	1,	3,	4,	'2020-08-29 18:20:13',	'2020-08-29 18:20:13',	NULL),
(6,	6,	1,	3,	4,	'2020-08-29 18:21:57',	'2020-08-29 18:21:57',	NULL),
(7,	7,	1,	3,	4,	'2020-08-29 18:30:21',	'2020-08-29 18:30:21',	NULL),
(9,	9,	7,	3,	4,	'2020-09-28 07:04:51',	'2020-09-28 07:11:47',	NULL),
(10,	10,	7,	3,	4,	'2020-09-28 07:43:45',	'2020-09-28 07:43:45',	NULL),
(11,	11,	7,	3,	4,	'2020-09-28 07:44:59',	'2020-09-28 07:44:59',	NULL),
(12,	12,	7,	3,	4,	'2020-09-28 08:16:11',	'2020-09-28 08:16:11',	NULL),
(13,	13,	7,	3,	5,	'2020-09-28 11:50:08',	'2020-09-28 11:50:08',	NULL),
(15,	15,	7,	3,	5,	'2020-10-05 11:31:43',	'2020-10-05 11:31:43',	NULL),
(16,	16,	1,	3,	4,	'2020-10-06 09:09:16',	'2020-10-06 09:09:16',	NULL),
(17,	17,	1,	3,	4,	'2020-10-06 09:12:30',	'2020-10-06 09:12:30',	NULL),
(18,	18,	1,	3,	4,	'2020-10-06 09:14:03',	'2020-10-06 09:14:03',	NULL);

DROP TABLE IF EXISTS `ryde_translations`;
CREATE TABLE `ryde_translations` (
  `id` bigint(20) unsigned NOT NULL AUTO_INCREMENT,
  `ryde_id` bigint(20) unsigned NOT NULL,
  `name` varchar(191) COLLATE utf8mb4_unicode_ci NOT NULL,
  `locale` varchar(5) COLLATE utf8mb4_unicode_ci NOT NULL,
  `created_at` timestamp NULL DEFAULT NULL,
  `updated_at` timestamp NULL DEFAULT NULL,
  PRIMARY KEY (`id`),
  UNIQUE KEY `ryde_translations_ryde_id_locale_unique` (`ryde_id`,`locale`),
  KEY `ryde_translations_locale_index` (`locale`),
  CONSTRAINT `ryde_translations_ryde_id_foreign` FOREIGN KEY (`ryde_id`) REFERENCES `rydes` (`id`) ON DELETE CASCADE
) ENGINE=InnoDB DEFAULT CHARSET=utf8mb4 COLLATE=utf8mb4_unicode_ci;

INSERT INTO `ryde_translations` (`id`, `ryde_id`, `name`, `locale`, `created_at`, `updated_at`) VALUES
(1,	1,	'I10',	'en',	'2020-08-04 07:25:34',	'2020-08-04 07:25:34'),
(2,	1,	'I10',	'ar',	'2020-08-04 07:25:34',	'2020-08-04 07:25:34'),
(3,	2,	'Mahindra TUV 300',	'en',	'2020-08-21 14:31:11',	'2020-08-21 14:31:11'),
(4,	2,	'Mahindra TUV 300',	'ar',	'2020-08-21 14:31:11',	'2020-08-21 14:31:11'),
(9,	5,	'Accent',	'en',	'2020-08-29 18:20:13',	'2020-08-29 18:20:13'),
(10,	5,	'أكسنت',	'ar',	'2020-08-29 18:20:13',	'2020-08-29 18:20:13'),
(11,	6,	'Accent',	'en',	'2020-08-29 18:21:57',	'2020-08-29 18:21:57'),
(12,	6,	'أكسنت',	'ar',	'2020-08-29 18:21:57',	'2020-08-29 18:21:57'),
(13,	7,	'Accent',	'en',	'2020-08-29 18:30:21',	'2020-08-29 18:30:21'),
(14,	7,	'أكسنت',	'ar',	'2020-08-29 18:30:21',	'2020-08-29 18:30:21'),
(15,	8,	'Azrea',	'en',	'2020-08-29 19:20:03',	'2020-08-29 19:20:03'),
(16,	8,	'ايرزا',	'ar',	'2020-08-29 19:20:03',	'2020-08-29 19:20:03'),
(17,	9,	'Altima',	'en',	'2020-09-28 07:04:51',	'2020-09-28 07:04:51'),
(18,	9,	'التيما',	'ar',	'2020-09-28 07:04:51',	'2020-09-28 07:04:51'),
(19,	10,	'Altima',	'en',	'2020-09-28 07:43:45',	'2020-09-28 07:43:45'),
(20,	10,	'التيما',	'ar',	'2020-09-28 07:43:45',	'2020-09-28 07:43:45'),
(21,	11,	'Altima',	'en',	'2020-09-28 07:44:59',	'2020-09-28 07:44:59'),
(22,	11,	'التيما',	'ar',	'2020-09-28 07:44:59',	'2020-09-28 07:44:59'),
(23,	12,	'Altima',	'en',	'2020-09-28 08:16:11',	'2020-09-28 08:16:11'),
(24,	12,	'التيما',	'ar',	'2020-09-28 08:16:11',	'2020-09-28 08:16:11'),
(25,	13,	'Armada',	'en',	'2020-09-28 11:50:08',	'2020-09-28 11:50:08'),
(26,	13,	'ارمادا',	'ar',	'2020-09-28 11:50:08',	'2020-09-28 11:50:08'),
(29,	15,	'Armada',	'en',	'2020-10-05 11:31:43',	'2020-10-05 11:31:43'),
(30,	15,	'ارمادا',	'ar',	'2020-10-05 11:31:43',	'2020-10-05 11:31:43'),
(31,	16,	'azure',	'en',	'2020-10-06 09:09:16',	'2020-10-06 09:09:16'),
(32,	16,	'ازورا',	'ar',	'2020-10-06 09:09:16',	'2020-10-06 09:09:16'),
(33,	17,	'Azrea',	'en',	'2020-10-06 09:12:30',	'2020-10-06 09:12:30'),
(34,	17,	'ازيرا',	'ar',	'2020-10-06 09:12:30',	'2020-10-06 09:12:30'),
(35,	18,	'Azrea',	'en',	'2020-10-06 09:14:03',	'2020-10-06 09:14:03'),
(36,	18,	'ازيرا',	'ar',	'2020-10-06 09:14:03',	'2020-10-06 09:14:03');

DROP TABLE IF EXISTS `settings`;
CREATE TABLE `settings` (
  `id` bigint(20) unsigned NOT NULL AUTO_INCREMENT,
  `meta_key` varchar(191) COLLATE utf8mb4_unicode_ci NOT NULL,
  `meta_value` varchar(191) COLLATE utf8mb4_unicode_ci NOT NULL,
  `type` int(10) unsigned NOT NULL,
  `class_value` varchar(191) COLLATE utf8mb4_unicode_ci DEFAULT NULL,
  `created_at` timestamp NULL DEFAULT NULL,
  `updated_at` timestamp NULL DEFAULT NULL,
  PRIMARY KEY (`id`)
) ENGINE=InnoDB DEFAULT CHARSET=utf8mb4 COLLATE=utf8mb4_unicode_ci;

INSERT INTO `settings` (`id`, `meta_key`, `meta_value`, `type`, `class_value`, `created_at`, `updated_at`) VALUES
(1,	'is_make_search',	'1',	1,	NULL,	'2020-08-04 06:33:19',	'2020-10-15 10:19:25'),
(2,	'is_model_search',	'1',	1,	NULL,	'2020-08-04 06:33:19',	'2020-10-15 10:19:25'),
(3,	'is_category_search',	'1',	1,	NULL,	'2020-08-04 06:33:19',	'2020-10-15 10:19:25'),
(4,	'is_insurance_search',	'1',	1,	NULL,	'2020-08-04 06:33:19',	'2020-10-15 10:19:25'),
(5,	'is_dealer_search',	'1',	1,	NULL,	'2020-08-04 06:33:19',	'2020-10-15 10:19:25'),
(6,	'default_radius_km',	'25',	2,	'integer',	'2020-08-04 06:33:19',	'2020-10-15 10:19:25'),
(7,	'dealer_commission',	'20',	4,	'integer',	'2020-08-04 06:33:19',	'2020-10-15 10:19:25'),
(8,	'support_contact_no',	'+971 9876543210',	3,	'string',	'2020-08-04 06:33:19',	'2020-10-15 10:19:25'),
(9,	'whatsapp_no',	'+971 9876543210',	3,	'string',	'2020-08-04 06:33:19',	'2020-10-15 10:19:25');

DROP TABLE IF EXISTS `telescope_entries`;
CREATE TABLE `telescope_entries` (
  `sequence` bigint(20) unsigned NOT NULL AUTO_INCREMENT,
  `uuid` char(36) COLLATE utf8mb4_unicode_ci NOT NULL,
  `batch_id` char(36) COLLATE utf8mb4_unicode_ci NOT NULL,
  `family_hash` varchar(191) COLLATE utf8mb4_unicode_ci DEFAULT NULL,
  `should_display_on_index` tinyint(1) NOT NULL DEFAULT '1',
  `type` varchar(20) COLLATE utf8mb4_unicode_ci NOT NULL,
  `content` longtext COLLATE utf8mb4_unicode_ci NOT NULL,
  `created_at` datetime DEFAULT NULL,
  PRIMARY KEY (`sequence`),
  UNIQUE KEY `telescope_entries_uuid_unique` (`uuid`),
  KEY `telescope_entries_batch_id_index` (`batch_id`),
  KEY `telescope_entries_type_should_display_on_index_index` (`type`,`should_display_on_index`),
  KEY `telescope_entries_family_hash_index` (`family_hash`)
) ENGINE=InnoDB DEFAULT CHARSET=utf8mb4 COLLATE=utf8mb4_unicode_ci;


DROP TABLE IF EXISTS `telescope_entries_tags`;
CREATE TABLE `telescope_entries_tags` (
  `entry_uuid` char(36) COLLATE utf8mb4_unicode_ci NOT NULL,
  `tag` varchar(191) COLLATE utf8mb4_unicode_ci NOT NULL,
  KEY `telescope_entries_tags_entry_uuid_tag_index` (`entry_uuid`,`tag`),
  KEY `telescope_entries_tags_tag_index` (`tag`),
  CONSTRAINT `telescope_entries_tags_entry_uuid_foreign` FOREIGN KEY (`entry_uuid`) REFERENCES `telescope_entries` (`uuid`) ON DELETE CASCADE
) ENGINE=InnoDB DEFAULT CHARSET=utf8mb4 COLLATE=utf8mb4_unicode_ci;


DROP TABLE IF EXISTS `telescope_monitoring`;
CREATE TABLE `telescope_monitoring` (
  `tag` varchar(191) COLLATE utf8mb4_unicode_ci NOT NULL
) ENGINE=InnoDB DEFAULT CHARSET=utf8mb4 COLLATE=utf8mb4_unicode_ci;


DROP TABLE IF EXISTS `users`;
CREATE TABLE `users` (
  `id` bigint(20) unsigned NOT NULL AUTO_INCREMENT,
  `name` varchar(191) COLLATE utf8mb4_unicode_ci NOT NULL,
  `email` varchar(191) COLLATE utf8mb4_unicode_ci DEFAULT NULL,
  `password` varchar(191) COLLATE utf8mb4_unicode_ci NOT NULL,
  `country_code` varchar(191) COLLATE utf8mb4_unicode_ci DEFAULT NULL,
  `mobile_no` varchar(191) COLLATE utf8mb4_unicode_ci DEFAULT NULL,
  `locale` varchar(191) COLLATE utf8mb4_unicode_ci NOT NULL DEFAULT 'en',
  `panel_mode` tinyint(4) NOT NULL,
  `user_type` enum('company','admin','user') COLLATE utf8mb4_unicode_ci NOT NULL,
  `image` varchar(191) COLLATE utf8mb4_unicode_ci NOT NULL DEFAULT 'assets/default/user.png',
  `status` enum('Active','InActive') COLLATE utf8mb4_unicode_ci NOT NULL,
  `parent_id` bigint(20) unsigned NOT NULL,
  `token` varchar(191) COLLATE utf8mb4_unicode_ci DEFAULT NULL,
  `is_verify` tinyint(4) DEFAULT NULL,
  `remember_token` varchar(100) COLLATE utf8mb4_unicode_ci DEFAULT NULL,
  `is_notification_on` tinyint(3) unsigned NOT NULL DEFAULT '1',
  `apple_id` varchar(191) COLLATE utf8mb4_unicode_ci DEFAULT NULL,
  `google_id` varchar(191) COLLATE utf8mb4_unicode_ci DEFAULT NULL,
  `facebook_id` varchar(191) COLLATE utf8mb4_unicode_ci DEFAULT NULL,
  `created_at` timestamp NULL DEFAULT NULL,
  `updated_at` timestamp NULL DEFAULT NULL,
  `deleted_at` timestamp NULL DEFAULT NULL,
  PRIMARY KEY (`id`),
  UNIQUE KEY `users_email_unique` (`email`)
) ENGINE=InnoDB DEFAULT CHARSET=utf8mb4 COLLATE=utf8mb4_unicode_ci;

INSERT INTO `users` (`id`, `name`, `email`, `password`, `country_code`, `mobile_no`, `locale`, `panel_mode`, `user_type`, `image`, `status`, `parent_id`, `token`, `is_verify`, `remember_token`, `is_notification_on`, `apple_id`, `google_id`, `facebook_id`, `created_at`, `updated_at`, `deleted_at`) VALUES
(1,	'Admin',	'admin@gmail.com',	'$2y$10$GIxm7pJBnH3pJu2VmR/IderEzp055TkUaYTfMyYqQVkZkRvX0TcSC',	NULL,	NULL,	'en',	1,	'admin',	'uploads/2020/09/5f5ce3367455d.jpg',	'Active',	0,	NULL,	1,	'wUh4g0Jaf9ddrfEN2dR4Jgz8fC5lKuhOZz7QxjGI9o3NnecnZHNfG9PPjtWM',	1,	NULL,	NULL,	NULL,	'2020-08-04 06:33:19',	'2020-10-24 06:04:02',	NULL),
(6,	'abc',	'abc@gmail.com',	'$2y$10$GIxm7pJBnH3pJu2VmR/IderEzp055TkUaYTfMyYqQVkZkRvX0TcSC',	'213',	'78965432100',	'en',	1,	'company',	'assets/default/user.png',	'Active',	0,	NULL,	1,	NULL,	1,	NULL,	NULL,	NULL,	'2020-08-04 07:45:23',	'2020-10-22 06:36:13',	NULL),
(7,	'tse',	'eee@gmail.com',	'$2y$10$5EJkKfEBccOPBLwr8XXfEOLV0Xy756mzXDXcReo2dH06eQ2blM82y',	NULL,	NULL,	'en',	2,	'admin',	'assets/default/user.png',	'Active',	0,	NULL,	1,	NULL,	1,	NULL,	NULL,	NULL,	'2020-08-14 06:10:27',	'2020-08-14 06:44:16',	NULL),
(13,	'test',	'i.hi5.developers2@gmail.com',	'$2y$10$FqB50mgPCQSPH6kmELULHu3uvktJpzubQX.JB13SARhdEHWWp4eLy',	'965',	'565789103',	'en',	0,	'user',	'assets/default/user.png',	'Active',	0,	'w8RlzvnjiLOJ9kluMnBh1hLdJjY5DbbY',	1,	NULL,	0,	NULL,	NULL,	NULL,	'2020-08-17 17:04:51',	'2020-09-08 07:49:32',	NULL),
(14,	'Tester',	'tester@yopmail.com',	'$2y$10$dGlo0FmJ4uq6PvRTmJSraufAVlzingcQ/APgw19jmYd.b5cSPssn.',	'+965',	'321649870',	'en',	0,	'user',	'assets/default/user.png',	'Active',	0,	'57PSRRqlUTDp8TzzsMSyUkvP8OgDM5Rx',	1,	NULL,	0,	NULL,	NULL,	NULL,	'2020-08-17 18:25:46',	'2020-08-18 16:12:18',	NULL),
(15,	'Mo',	'motaoufik20@gmail.com',	'$2y$10$muHgcEvXOU57DmevEJLYxuf1bP.8Z6Md24iXHvHNdtyHWKY0hK5bC',	'971',	'123456',	'en',	0,	'user',	'assets/default/user.png',	'Active',	0,	'rKXnADs4msGF1reCkO2jCakLSXKiDuXJ',	1,	NULL,	0,	NULL,	NULL,	NULL,	'2020-08-18 10:42:32',	'2020-10-09 11:53:20',	NULL),
(16,	'Test',	'testuser@yopmail.com',	'$2y$10$LXVvvbjTsuP1juii3teAUO5ZFUlhLq4nY3Mr5UU4LOjw.ceRnysIW',	'+965',	'123456789',	'en',	0,	'user',	'assets/default/user.png',	'Active',	0,	'8KkGpsDJhvDjR2n1VUgoUjDMtoC3V9u3',	1,	NULL,	1,	NULL,	NULL,	NULL,	'2020-08-18 16:57:48',	'2020-08-18 16:58:45',	NULL),
(17,	'Tester iOS 123',	'testios@yopmail.com',	'$2y$10$fP/ooGykxxr4B0hS3Szr9upjuELWiVRceN7TXqkpsZmUaNfiIOZsS',	'+965',	'3216549871',	'en',	0,	'user',	'assets/default/user.png',	'Active',	0,	'NSb2lvy0T1YBR0qpkfLWdozjEquJbeZX',	1,	NULL,	1,	NULL,	NULL,	NULL,	'2020-08-18 18:01:38',	'2020-09-09 17:43:46',	NULL),
(18,	'Arth Hi5Host',	'arth@hi5host.com',	'$2y$10$3Ts1SDSFVpNS4yvNvdCzyuyp0W52fmEyfclWTUPHDrHSgLUOKuPYm',	'91',	'9033975383',	'en',	0,	'user',	'assets/default/user.png',	'Active',	0,	'uTxH5c6iqywMN3OyX5d5KBfTbI7n0rf8',	1,	NULL,	1,	NULL,	NULL,	NULL,	'2020-08-19 07:40:46',	'2020-09-09 13:43:13',	NULL),
(19,	'test',	'test@gmail.com',	'$2y$10$a/kr34.Zx2prxh.Fj56BNeCscpW5CEGwlpvPZAFcL1wEOnz8XFQgm',	'91',	'123456',	'en',	0,	'user',	'assets/default/user.png',	'Active',	0,	'Rm0nuHQ8pIN6fyppT56xwMZmIorOnk8P',	1,	NULL,	1,	NULL,	NULL,	NULL,	'2020-08-21 09:34:40',	'2020-08-21 09:34:40',	NULL),
(20,	'Fadi Ameer',	'fadi.ameer@disruptem.com',	'$2y$10$SkH1G76jrJOG7yuaFi6t4.7eXeAOg0mAIYmwOIClSHuq3x2FmDgR2',	'965',	'97676998',	'en',	0,	'user',	'assets/default/user.png',	'Active',	0,	'iHYpwJKIFKgkBZ6bC7IHGZv8LcUMaMuc',	1,	NULL,	0,	NULL,	'111853783353638815360',	NULL,	'2020-08-22 17:53:40',	'2020-10-24 05:18:31',	NULL),
(21,	'Khaled Nakawa',	'khaled.nakawa@disruptem.com',	'$2y$10$gRIQK4SV7JGCIvXZ6o.lpubD3azQnQKB68T34l2SeYrNsrLiSW.z6',	'1',	'6476334368',	'en',	0,	'user',	'assets/default/user.png',	'Active',	0,	'Zrylqnuv04NGyKRQuddi5M4XdNqg8JwZ',	1,	NULL,	1,	NULL,	'107266380235875633635',	NULL,	'2020-08-22 18:05:39',	'2020-10-25 18:00:24',	NULL),
(22,	'tongush',	'tongush@gmail.com',	'$2y$10$heIVqhZpbH4Z7.pruCSxgO7sWS4nHy/jo9w3yGJcOUGK0YoJQSLxC',	'+965',	'55753151',	'en',	0,	'user',	'assets/default/user.png',	'Active',	0,	'lQv1an2qyESuhdNwRHWSD6johLVb3GnG',	1,	NULL,	1,	NULL,	NULL,	NULL,	'2020-08-23 06:43:52',	'2020-08-23 06:43:52',	NULL),
(23,	'Mo',	'Mohi.taoufik@disruptem.com',	'$2y$10$/b1Nx99TLBBoLvPA6enHZeYbiL73KoaI7opcZcaYkpx/mN.WZUjBi',	'971',	'56789123',	'en',	0,	'user',	'assets/default/user.png',	'Active',	0,	't8Y9PShQPemRwhR4qqZXoNfGmJpnLfYF',	1,	NULL,	1,	NULL,	NULL,	NULL,	'2020-08-24 06:00:07',	'2020-08-28 05:15:38',	NULL),
(24,	'Test',	'testiosnew@gmail.com',	'$2y$10$CzXuIhXRYCVxFJf6.b06De7v8aJ4FN5wfdxPS9o..QdGx./0lrLBS',	'+965',	'9999999999',	'en',	0,	'user',	'assets/default/user.png',	'Active',	0,	'pHyu3JJZgVSCsWwTR225oSBgyWh2lRQm',	1,	NULL,	1,	NULL,	NULL,	NULL,	'2020-08-24 14:03:14',	'2020-08-24 14:03:14',	NULL),
(25,	'Test',	'testiosnew@yopmail.com',	'$2y$10$U/IkSv2NqJdaAVhgAvjf.O82.xevyQvrE5peJMyOFyqgyEJHUoQ4y',	'+965',	'9999999999',	'en',	0,	'user',	'assets/default/user.png',	'Active',	0,	'MVNo6yiuWDjagvULybfQzB3rSts8BDgl',	1,	NULL,	1,	NULL,	NULL,	NULL,	'2020-08-24 14:04:48',	'2020-08-24 14:05:00',	NULL),
(26,	'Maabad Said',	'maabad@rydezilla.com',	'$2y$10$KGdmEiqAKCEkOOtoAqzt0.YtTr/COx.PWH0l0kPMcfC2G1HtjsVMu',	'+965',	'50003233',	'en',	0,	'user',	'assets/default/user.png',	'Active',	0,	'vLrGHzU4ri4a0PVnUQEN6FZcZwVbkIZf',	1,	NULL,	1,	NULL,	NULL,	NULL,	'2020-08-24 22:54:53',	'2020-08-24 22:55:45',	NULL),
(27,	'adadadd',	'test22@gmail.com',	'$2y$10$jQ9KqK/rwN8Z.yLo4UqoKO9FPU3yGLQ1a89AMtUVogqiAjsl5ckn6',	'+965',	'1234567890',	'en',	0,	'user',	'assets/default/user.png',	'Active',	0,	'tpD7OGavwPamLK6bEvOCukVgYc1jDiTb',	1,	NULL,	1,	NULL,	NULL,	NULL,	'2020-08-29 10:21:59',	'2020-08-29 10:21:59',	NULL),
(28,	'dsccxzxz',	'abv@gmail.com',	'$2y$10$lFf3YL6tF9O3EH//nAFOROkprLFoAjUo8Gjfhq4pNg1oEoQM4xk.u',	'+965',	'1234567890',	'en',	0,	'user',	'assets/default/user.png',	'Active',	0,	'ADQMLalV9Gz4LjWEYpzjdqjfO1b6TMe9',	1,	NULL,	1,	NULL,	NULL,	NULL,	'2020-08-29 11:23:06',	'2020-08-29 11:23:06',	NULL),
(29,	'ACV',	'i.hi5.developers@gmail.com',	'$2y$10$NzPzAbJrt7/X7.bFvubMpeTT0iEd9yCPOCNZghr0YF2Sy56uYXTGe',	'965',	'7894561230',	'en',	0,	'user',	'assets/default/user.png',	'Active',	0,	'mjSZzx1aZLjYKLpdqlLAGVnn3DUsZ9Wq',	1,	NULL,	1,	NULL,	NULL,	NULL,	'2020-08-31 12:51:26',	'2020-09-08 16:00:36',	NULL),
(30,	'uehehd',	'hsjsjsj@hdiie.com',	'$2y$10$UDFknPl4pAD8RfGXDzmx9e0YE4nI2c8I8DiUxZrw2P9Kzo477wBXK',	'965',	'6161919664',	'en',	0,	'user',	'assets/default/user.png',	'Active',	0,	'xVb3t5ZwX4q3nntpCX7NS6b843JAX6Jm',	1,	NULL,	1,	NULL,	NULL,	NULL,	'2020-09-06 12:37:15',	'2020-09-06 12:37:15',	NULL),
(31,	'mohi',	'Moh.taoufik@gmail.com',	'$2y$10$KRaUZGWO6p2Z..IV47xqVeyL1flxfU0flyoiiwoamSr9PsVATPNHm',	'965',	'123456789123456789',	'en',	0,	'user',	'assets/default/user.png',	'Active',	0,	'69YrrVKho8w9ZI5X3EUFrbhQ4gsyhjjK',	1,	NULL,	1,	NULL,	NULL,	NULL,	'2020-09-06 12:38:26',	'2020-09-06 12:41:00',	NULL),
(32,	'tongush',	'tongush@rydezilla.com',	'$2y$10$ft08z/XUZwqHD069KrVC4ehHJ67gHjQgrIUaA6bG7.LzZy59z32Ba',	'965',	'55753151',	'en',	0,	'user',	'assets/default/user.png',	'Active',	0,	'Yx6UGky4KCzdOlHaUPfd6G0dI6ZrJ3f4',	1,	NULL,	0,	NULL,	NULL,	NULL,	'2020-09-08 21:42:09',	'2020-09-08 23:17:31',	NULL),
(33,	'Test',	'tester@dealer.com',	'$2y$10$uoBNCmnONg6Vnc7AS2yap.n1yy9T3UPhffWglmCV1RmcUuYKhmkcy',	'+1',	'12345678',	'en',	1,	'company',	'assets/default/user.png',	'Active',	0,	NULL,	1,	NULL,	1,	NULL,	NULL,	NULL,	'2020-09-14 11:42:06',	'2020-10-14 10:20:13',	NULL),
(35,	'Darji Harsh',	NULL,	'',	'91',	'7894561230',	'en',	0,	'user',	'assets/default/user.png',	'Active',	0,	NULL,	1,	NULL,	1,	NULL,	NULL,	'852637181939747',	'2020-10-08 12:09:13',	'2020-10-08 13:18:33',	NULL),
(36,	'Darji Harsh',	'darjih848@gmail.com',	'',	NULL,	NULL,	'en',	0,	'user',	'assets/default/user.png',	'Active',	0,	NULL,	1,	NULL,	1,	NULL,	'107996027577265563138',	NULL,	'2020-10-08 12:11:23',	'2020-10-08 13:18:56',	NULL),
(37,	'Darji Harsh',	NULL,	'',	NULL,	NULL,	'en',	0,	'user',	'assets/default/user.png',	'Active',	0,	NULL,	1,	NULL,	1,	NULL,	NULL,	'852637181939745',	'2020-10-08 12:15:34',	'2020-10-08 12:15:34',	NULL),
(38,	'Hello',	'dummy@gmail.com',	'',	NULL,	NULL,	'en',	0,	'user',	'assets/default/user.png',	'Active',	0,	NULL,	1,	NULL,	1,	NULL,	NULL,	'456456456',	'2020-10-09 03:32:48',	'2020-10-09 03:32:48',	NULL),
(39,	'232',	'tester.tas.arth@gmail.com',	'',	NULL,	NULL,	'en',	0,	'user',	'assets/default/user.png',	'Active',	0,	NULL,	1,	NULL,	1,	NULL,	'1212',	NULL,	'2020-10-09 03:33:06',	'2020-10-09 04:02:34',	NULL),
(48,	'Arth Tilva',	NULL,	'',	NULL,	NULL,	'en',	0,	'user',	'assets/default/user.png',	'Active',	0,	NULL,	1,	NULL,	1,	NULL,	NULL,	'3612126392144605',	'2020-10-09 03:53:19',	'2020-10-15 11:01:21',	NULL),
(53,	'iOS demo',	'iosdemo@gmail.com',	'$2y$10$JUTNd/PpHGQ9whHlLs9wdu.KzgallPaFgAfL2XeRVXD0bbvBOMzl6',	'965',	'1234567890',	'en',	0,	'user',	'assets/default/user.png',	'Active',	0,	'sMYLydupSi707ZifVIhJMUQf5APU6dQI',	1,	NULL,	1,	NULL,	NULL,	NULL,	'2020-10-16 12:05:04',	'2020-10-16 12:05:04',	NULL),
(54,	'sheikh gamer',	'sheikhgamer@gmail.com',	'$2y$10$Q9ouzXr78Vdb118I1TqtQOncM2h2J97QoOqRtudtNgZq3CXtru6ZC',	'+965',	'12345678900',	'en',	0,	'user',	'assets/default/user.png',	'Active',	0,	'wKzBTRKFqzvnZQkBUNG1gjNciocqM7Rl',	1,	NULL,	1,	NULL,	'105400572778417500026',	NULL,	'2020-10-16 12:11:17',	'2020-10-16 12:24:59',	NULL),
(58,	'JAY JOSHI',	'jay.joshi8119@gmail.com',	'$2y$10$w6EjwPd7Mb8VURBDPtTUQOpN50TEniQb/k0UaaFOqkn4fqMVbmudq',	'965',	'9925200087',	'en',	0,	'user',	'assets/default/user.png',	'Active',	0,	'aZWQjUS9fZM0dDJw7r3qAwtx9t1y9vsJ',	1,	NULL,	0,	NULL,	NULL,	NULL,	'2020-10-19 08:49:54',	'2020-10-22 06:23:13',	NULL),
(59,	'Salman Chaudhry',	'salmanch.it@gmail.com',	'',	'965',	'97631404',	'en',	0,	'user',	'assets/default/user.png',	'Active',	0,	NULL,	1,	NULL,	1,	'001569.4aae587e83744f1c8fe7a4f40951262a.1346',	NULL,	NULL,	'2020-10-19 13:46:22',	'2020-10-25 20:15:46',	NULL),
(60,	'D T',	'5wsvwaaa7v@privaterelay.appleid.com',	'',	NULL,	NULL,	'en',	0,	'user',	'assets/default/user.png',	'Active',	0,	NULL,	1,	NULL,	1,	'001393.00495115b1f342ca9f59e22f01dba323.1106',	NULL,	NULL,	'2020-10-20 11:06:23',	'2020-10-24 05:17:51',	NULL),
(61,	'demo',	'demo@yopmail.com',	'$2y$10$g6JkrlBFzVUTiReTLdTDEOAD3mO7jKO.0V9lcRuz2I6zDCgCt5rga',	'965',	'1234567890',	'en',	0,	'user',	'assets/default/user.png',	'Active',	0,	'pMOoBUlZuiI0Dn0GXwcmUr8wsW0edRii',	0,	NULL,	1,	NULL,	NULL,	NULL,	'2020-10-20 14:05:34',	'2020-10-20 14:05:34',	NULL),
(62,	'demo',	'demo1@yopmail.com',	'$2y$10$CSM6LpZrccm/eQvUMkoXWuGuOQZnbikdKDpikawmLKLsJN33RmV0e',	'965',	'1234567890',	'en',	0,	'user',	'assets/default/user.png',	'Active',	0,	'XHvIEPffsFknLsgWUMcExapNdrNf66M2',	0,	NULL,	1,	NULL,	NULL,	NULL,	'2020-10-20 14:06:28',	'2020-10-20 14:06:28',	NULL),
(63,	'Fady Ameer',	'fadi.ameer@gmail.com',	'',	'965',	'97676998',	'en',	0,	'user',	'assets/default/user.png',	'Active',	0,	NULL,	1,	NULL,	1,	'001437.b23d399179d6447b99a3880532c4cd58.2141',	NULL,	NULL,	'2020-10-21 21:41:08',	'2020-10-25 16:40:01',	NULL),
(64,	'dummy',	'dummy1@gmail.com',	'$2y$10$MODdOG1wWZX3U1PsLqrauOsd5UOjM0d4eOZzRlRRixwkjBE5kuGtG',	'91',	'9808012345',	'en',	1,	'company',	'assets/default/user.png',	'Active',	0,	NULL,	NULL,	NULL,	1,	NULL,	NULL,	NULL,	'2020-10-23 01:34:09',	'2020-10-23 01:34:09',	NULL),
(65,	'Parth Patoliya',	'patoliyaparth007@gmail.com',	'',	NULL,	NULL,	'en',	0,	'user',	'assets/default/user.png',	'Active',	0,	NULL,	1,	NULL,	1,	NULL,	NULL,	'3546868192037007',	'2020-10-24 05:41:47',	'2020-10-24 05:41:47',	NULL),
(66,	'Maabad Said',	'maabad.said@gmail.com',	'',	NULL,	NULL,	'en',	0,	'user',	'assets/default/user.png',	'Active',	0,	NULL,	1,	NULL,	1,	'001218.7721093d0d3445a2805f245ecad1045c.1754',	NULL,	NULL,	'2020-10-25 17:54:20',	'2020-10-25 18:05:02',	NULL),
(67,	'Salman',	'salman.chaudhry@hi5host.com',	'$2y$10$zR6DaPspOZ4tdIJEubo3XeGYKM6tiD7pRxNSdoAQBynoVNIxSfkzm',	'+965',	'97631404',	'en',	0,	'user',	'assets/default/user.png',	'Active',	0,	'bHa3BMYmzBxdDkgxJ5osvwBkpp0omU4d',	0,	NULL,	1,	NULL,	NULL,	NULL,	'2020-10-25 20:17:43',	'2020-10-25 20:17:43',	NULL);

DROP TABLE IF EXISTS `vehicles`;
CREATE TABLE `vehicles` (
  `id` bigint(20) unsigned NOT NULL AUTO_INCREMENT,
  `ryde_id` bigint(20) unsigned NOT NULL,
  `company_id` bigint(20) unsigned NOT NULL,
  `company_address_id` bigint(20) unsigned NOT NULL,
  `gearbox_id` bigint(20) unsigned NOT NULL,
  `engine_id` bigint(20) unsigned NOT NULL,
  `fuel_id` bigint(20) unsigned NOT NULL,
  `insurance_id` bigint(20) unsigned NOT NULL,
  `trim` varchar(191) COLLATE utf8mb4_unicode_ci NOT NULL,
  `van_number` varchar(191) COLLATE utf8mb4_unicode_ci NOT NULL,
  `plate_number` varchar(191) COLLATE utf8mb4_unicode_ci NOT NULL,
  `vehicle_type_id` bigint(20) unsigned NOT NULL,
  `daily_amount` double(10,2) NOT NULL,
  `hourly_amount` double(10,2) NOT NULL,
  `weekly_amount` double(10,2) NOT NULL,
  `monthly_amount` double(10,2) NOT NULL,
  `security_deposit` double(10,2) NOT NULL,
  `buy_price` int(20) DEFAULT NULL,
  `sold_price` int(20) DEFAULT NULL,
  `allowed_millage` int(20) DEFAULT NULL,
  `cost_per_extra_km` int(20) DEFAULT NULL,
  `status` enum('Active','InActive','Retired','Booked','Maintenance','Sold') COLLATE utf8mb4_unicode_ci NOT NULL,
  `created_at` timestamp NULL DEFAULT NULL,
  `updated_at` timestamp NULL DEFAULT NULL,
  `deleted_at` timestamp NULL DEFAULT NULL,
  PRIMARY KEY (`id`),
  KEY `vehicles_ryde_id_foreign` (`ryde_id`),
  KEY `vehicles_company_id_foreign` (`company_id`),
  KEY `vehicles_company_address_id_foreign` (`company_address_id`),
  KEY `vehicles_vehicle_type_id_foreign` (`vehicle_type_id`),
  KEY `vehicles_gearbox_id_foreign` (`gearbox_id`),
  KEY `vehicles_engine_id_foreign` (`engine_id`),
  KEY `vehicles_fuel_id_foreign` (`fuel_id`),
  KEY `vehicles_insurance_id_foreign` (`insurance_id`),
  CONSTRAINT `vehicles_company_address_id_foreign` FOREIGN KEY (`company_address_id`) REFERENCES `company_addresses` (`id`) ON DELETE CASCADE,
  CONSTRAINT `vehicles_company_id_foreign` FOREIGN KEY (`company_id`) REFERENCES `companies` (`id`) ON DELETE CASCADE,
  CONSTRAINT `vehicles_engine_id_foreign` FOREIGN KEY (`engine_id`) REFERENCES `engines` (`id`) ON DELETE CASCADE,
  CONSTRAINT `vehicles_fuel_id_foreign` FOREIGN KEY (`fuel_id`) REFERENCES `fuels` (`id`) ON DELETE CASCADE,
  CONSTRAINT `vehicles_gearbox_id_foreign` FOREIGN KEY (`gearbox_id`) REFERENCES `gearboxes` (`id`) ON DELETE CASCADE,
  CONSTRAINT `vehicles_insurance_id_foreign` FOREIGN KEY (`insurance_id`) REFERENCES `insurances` (`id`) ON DELETE CASCADE,
  CONSTRAINT `vehicles_ryde_id_foreign` FOREIGN KEY (`ryde_id`) REFERENCES `rydes` (`id`) ON DELETE CASCADE,
  CONSTRAINT `vehicles_vehicle_type_id_foreign` FOREIGN KEY (`vehicle_type_id`) REFERENCES `vehicle_types` (`id`) ON DELETE CASCADE
) ENGINE=InnoDB DEFAULT CHARSET=utf8mb4 COLLATE=utf8mb4_unicode_ci;

INSERT INTO `vehicles` (`id`, `ryde_id`, `company_id`, `company_address_id`, `gearbox_id`, `engine_id`, `fuel_id`, `insurance_id`, `trim`, `van_number`, `plate_number`, `vehicle_type_id`, `daily_amount`, `hourly_amount`, `weekly_amount`, `monthly_amount`, `security_deposit`, `buy_price`, `sold_price`, `allowed_millage`, `cost_per_extra_km`, `status`, `created_at`, `updated_at`, `deleted_at`) VALUES
(1,	1,	2,	1,	1,	1,	1,	1,	'I10',	'AAA-05-24',	'12345',	1,	500.00,	100.00,	400.00,	300.00,	1250.00,	1011,	NULL,	21,	10,	'Active',	'2020-08-04 22:01:44',	'2020-10-22 06:14:48',	NULL),
(2,	1,	2,	2,	1,	1,	2,	1,	'I10',	'AAA-05-241',	'123456d',	1,	200.00,	100.00,	150.00,	300.00,	1250.00,	NULL,	NULL,	NULL,	NULL,	'Active',	'2020-08-11 07:29:24',	'2020-08-17 16:02:06',	NULL),
(3,	2,	2,	1,	2,	1,	2,	2,	'XYLO',	'AAA-05-06',	'CCCCCC',	1,	400.00,	300.00,	100.00,	80.00,	1250.00,	NULL,	1111,	NULL,	NULL,	'Active',	'2020-08-21 14:32:30',	'2020-10-22 07:35:07',	NULL),
(4,	1,	2,	1,	1,	1,	1,	1,	'I10',	'AAA-05-24',	'123456',	1,	500.00,	100.00,	400.00,	300.00,	1250.00,	NULL,	NULL,	NULL,	NULL,	'Active',	'2020-09-08 06:28:08',	'2020-09-08 06:28:08',	NULL),
(5,	1,	2,	1,	2,	2,	2,	1,	'I10',	'AAA-05-24',	'123456111',	1,	80.00,	100.00,	70.00,	60.00,	1250.00,	NULL,	NULL,	NULL,	NULL,	'Retired',	'2020-09-22 09:58:41',	'2020-10-22 07:16:20',	NULL),
(6,	1,	2,	1,	2,	2,	2,	1,	'I10',	'AAA-05-24',	'123456323111',	1,	80.00,	100.00,	70.00,	60.00,	1250.00,	NULL,	NULL,	NULL,	NULL,	'Active',	'2020-09-22 10:05:08',	'2020-10-22 08:47:16',	NULL),
(7,	1,	2,	1,	1,	1,	1,	1,	'I10',	'AAA-05-24',	'12345',	1,	500.00,	100.00,	400.00,	300.00,	1250.00,	NULL,	500,	NULL,	NULL,	'Sold',	'2020-10-16 13:23:52',	'2020-10-22 09:02:37',	NULL),
(8,	2,	2,	1,	2,	1,	2,	2,	'XYLO',	'AAA-05-06',	'CCCCCC',	1,	400.00,	300.00,	100.00,	80.00,	1250.00,	NULL,	NULL,	NULL,	NULL,	'Active',	'2020-10-16 13:23:58',	'2020-10-22 09:03:02',	NULL);

DROP TABLE IF EXISTS `vehicle_extras`;
CREATE TABLE `vehicle_extras` (
  `id` bigint(20) unsigned NOT NULL AUTO_INCREMENT,
  `vehicle_id` bigint(20) unsigned NOT NULL,
  `global_extra_id` bigint(20) unsigned NOT NULL,
  `type` tinyint(3) unsigned NOT NULL COMMENT '1 For Daily,0 For 1 Time',
  `price` double(10,2) NOT NULL,
  `created_at` timestamp NULL DEFAULT NULL,
  `updated_at` timestamp NULL DEFAULT NULL,
  `deleted_at` timestamp NULL DEFAULT NULL,
  PRIMARY KEY (`id`),
  KEY `vehicle_extras_vehicle_id_foreign` (`vehicle_id`),
  KEY `vehicle_extras_global_extra_id_foreign` (`global_extra_id`),
  CONSTRAINT `vehicle_extras_global_extra_id_foreign` FOREIGN KEY (`global_extra_id`) REFERENCES `global_extras` (`id`) ON DELETE CASCADE,
  CONSTRAINT `vehicle_extras_vehicle_id_foreign` FOREIGN KEY (`vehicle_id`) REFERENCES `vehicles` (`id`) ON DELETE CASCADE
) ENGINE=InnoDB DEFAULT CHARSET=utf8mb4 COLLATE=utf8mb4_unicode_ci;

INSERT INTO `vehicle_extras` (`id`, `vehicle_id`, `global_extra_id`, `type`, `price`, `created_at`, `updated_at`, `deleted_at`) VALUES
(1,	1,	1,	1,	500.00,	'2020-08-04 22:01:44',	'2020-10-12 10:41:22',	NULL),
(2,	1,	2,	0,	10.00,	'2020-08-04 22:01:44',	'2020-10-12 10:41:22',	NULL),
(3,	1,	5,	2,	0.00,	'2020-08-04 23:09:49',	'2020-08-04 23:09:49',	NULL),
(4,	2,	1,	2,	0.00,	'2020-08-11 07:29:24',	'2020-08-11 07:29:24',	NULL),
(5,	2,	2,	1,	200.00,	'2020-08-11 07:29:24',	'2020-08-17 16:02:06',	NULL),
(6,	2,	5,	0,	20.00,	'2020-08-11 07:29:24',	'2020-08-17 16:02:06',	NULL),
(7,	3,	1,	2,	0.00,	'2020-08-21 14:32:30',	'2020-08-21 14:32:30',	NULL),
(8,	3,	2,	2,	0.00,	'2020-08-21 14:32:30',	'2020-08-21 14:32:30',	NULL),
(9,	3,	5,	2,	0.00,	'2020-08-21 14:32:30',	'2020-08-21 14:32:30',	NULL),
(10,	4,	1,	0,	500.00,	'2020-09-08 06:28:08',	'2020-09-08 06:28:08',	NULL),
(11,	4,	2,	1,	10.00,	'2020-09-08 06:28:08',	'2020-09-08 06:28:08',	NULL),
(12,	4,	5,	2,	0.00,	'2020-09-08 06:28:08',	'2020-09-08 06:28:08',	NULL),
(13,	5,	1,	0,	0.00,	'2020-09-22 09:58:41',	'2020-09-22 09:58:41',	NULL),
(14,	5,	2,	1,	0.00,	'2020-09-22 09:58:41',	'2020-09-22 09:58:41',	NULL),
(15,	5,	5,	1,	0.00,	'2020-09-22 09:58:41',	'2020-09-22 09:58:41',	NULL),
(16,	6,	1,	0,	0.00,	'2020-09-22 10:05:08',	'2020-09-22 10:05:08',	NULL),
(17,	6,	2,	1,	0.00,	'2020-09-22 10:05:08',	'2020-09-22 10:05:08',	NULL),
(18,	6,	5,	1,	0.00,	'2020-09-22 10:05:08',	'2020-09-22 10:05:08',	NULL),
(19,	7,	1,	1,	500.00,	'2020-10-16 13:23:52',	'2020-10-16 13:23:52',	NULL),
(20,	7,	2,	0,	10.00,	'2020-10-16 13:23:52',	'2020-10-16 13:23:52',	NULL),
(21,	7,	5,	2,	0.00,	'2020-10-16 13:23:52',	'2020-10-16 13:23:52',	NULL),
(22,	8,	1,	2,	0.00,	'2020-10-16 13:23:58',	'2020-10-16 13:23:58',	NULL),
(23,	8,	2,	2,	0.00,	'2020-10-16 13:23:58',	'2020-10-16 13:23:58',	NULL),
(24,	8,	5,	2,	0.00,	'2020-10-16 13:23:58',	'2020-10-16 13:23:58',	NULL);

DROP TABLE IF EXISTS `vehicle_features`;
CREATE TABLE `vehicle_features` (
  `id` bigint(20) unsigned NOT NULL AUTO_INCREMENT,
  `vehicle_id` bigint(20) unsigned NOT NULL,
  `feature_id` bigint(20) unsigned NOT NULL,
  `created_at` timestamp NULL DEFAULT NULL,
  `updated_at` timestamp NULL DEFAULT NULL,
  `deleted_at` timestamp NULL DEFAULT NULL,
  PRIMARY KEY (`id`),
  KEY `vehicle_features_vehicle_id_foreign` (`vehicle_id`),
  KEY `vehicle_features_feature_id_foreign` (`feature_id`),
  CONSTRAINT `vehicle_features_feature_id_foreign` FOREIGN KEY (`feature_id`) REFERENCES `features` (`id`) ON DELETE CASCADE,
  CONSTRAINT `vehicle_features_vehicle_id_foreign` FOREIGN KEY (`vehicle_id`) REFERENCES `vehicles` (`id`) ON DELETE CASCADE
) ENGINE=InnoDB DEFAULT CHARSET=utf8mb4 COLLATE=utf8mb4_unicode_ci;

INSERT INTO `vehicle_features` (`id`, `vehicle_id`, `feature_id`, `created_at`, `updated_at`, `deleted_at`) VALUES
(1,	1,	2,	'2020-08-04 22:01:44',	'2020-08-04 22:01:44',	NULL),
(2,	1,	3,	'2020-08-04 22:01:44',	'2020-08-04 22:01:44',	NULL),
(3,	2,	1,	'2020-08-11 07:29:24',	'2020-08-11 07:29:24',	NULL),
(4,	2,	2,	'2020-08-17 16:02:06',	'2020-08-17 16:02:06',	NULL),
(5,	3,	1,	'2020-08-21 14:32:30',	'2020-08-21 14:32:30',	NULL),
(6,	3,	2,	'2020-08-21 14:32:30',	'2020-08-21 14:32:30',	NULL),
(7,	4,	2,	'2020-09-08 06:28:08',	'2020-09-08 06:28:08',	NULL),
(8,	4,	3,	'2020-09-08 06:28:08',	'2020-09-08 06:28:08',	NULL),
(9,	6,	1,	'2020-09-22 10:05:08',	'2020-09-22 10:05:08',	NULL),
(10,	6,	2,	'2020-09-22 10:05:08',	'2020-09-22 10:05:08',	NULL),
(11,	6,	3,	'2020-09-22 10:05:08',	'2020-09-22 10:05:08',	NULL),
(12,	7,	2,	'2020-10-16 13:23:52',	'2020-10-16 13:23:52',	NULL),
(13,	7,	3,	'2020-10-16 13:23:52',	'2020-10-16 13:23:52',	NULL),
(14,	8,	1,	'2020-10-16 13:23:58',	'2020-10-16 13:23:58',	NULL),
(15,	8,	2,	'2020-10-16 13:23:58',	'2020-10-16 13:23:58',	NULL);

DROP TABLE IF EXISTS `vehicle_not_availability`;
CREATE TABLE `vehicle_not_availability` (
  `id` bigint(20) unsigned NOT NULL AUTO_INCREMENT,
  `vehicle_id` bigint(20) unsigned NOT NULL,
  `start_date` datetime NOT NULL,
  `end_date` datetime NOT NULL,
  `description` varchar(255) COLLATE utf8mb4_unicode_ci DEFAULT NULL,
  `created_at` timestamp NULL DEFAULT NULL,
  `updated_at` timestamp NULL DEFAULT NULL,
  PRIMARY KEY (`id`),
  KEY `vehicle_not_availability_vehicle_id_foreign` (`vehicle_id`),
  CONSTRAINT `vehicle_not_availability_vehicle_id_foreign` FOREIGN KEY (`vehicle_id`) REFERENCES `vehicles` (`id`) ON DELETE CASCADE
) ENGINE=InnoDB DEFAULT CHARSET=utf8mb4 COLLATE=utf8mb4_unicode_ci;

INSERT INTO `vehicle_not_availability` (`id`, `vehicle_id`, `start_date`, `end_date`, `description`, `created_at`, `updated_at`) VALUES
(3,	4,	'2020-10-22 12:40:00',	'2020-10-23 12:35:00',	'l',	'2020-10-22 07:08:20',	'2020-10-22 07:08:20'),
(4,	1,	'2020-10-22 12:45:00',	'2020-10-25 12:40:00',	'ssss',	'2020-10-22 07:14:22',	'2020-10-22 07:14:22');

DROP TABLE IF EXISTS `vehicle_options`;
CREATE TABLE `vehicle_options` (
  `id` bigint(20) unsigned NOT NULL AUTO_INCREMENT,
  `vehicles_id` bigint(20) unsigned NOT NULL,
  `option_id` bigint(20) unsigned NOT NULL,
  `created_at` timestamp NULL DEFAULT NULL,
  `updated_at` timestamp NULL DEFAULT NULL,
  PRIMARY KEY (`id`),
  KEY `ryde_options_ryde_id_foreign` (`vehicles_id`),
  KEY `ryde_options_option_id_foreign` (`option_id`),
  CONSTRAINT `ryde_options_option_id_foreign` FOREIGN KEY (`option_id`) REFERENCES `options` (`id`) ON DELETE CASCADE,
  CONSTRAINT `vehicle_options_ibfk_1` FOREIGN KEY (`vehicles_id`) REFERENCES `vehicles` (`id`) ON DELETE CASCADE
) ENGINE=InnoDB DEFAULT CHARSET=utf8mb4 COLLATE=utf8mb4_unicode_ci;

INSERT INTO `vehicle_options` (`id`, `vehicles_id`, `option_id`, `created_at`, `updated_at`) VALUES
(1,	1,	1,	'2020-08-04 07:25:34',	'2020-08-04 07:25:34'),
(2,	1,	2,	'2020-08-04 07:25:34',	'2020-08-04 07:25:34'),
(3,	1,	6,	'2020-08-04 07:25:34',	'2020-08-04 07:25:34'),
(4,	1,	14,	'2020-08-04 07:25:34',	'2020-08-04 07:25:34'),
(5,	1,	18,	'2020-08-04 07:25:34',	'2020-08-04 07:25:34'),
(6,	2,	1,	'2020-08-21 14:31:11',	'2020-08-21 14:31:11'),
(7,	2,	2,	'2020-08-21 14:31:11',	'2020-08-21 14:31:11'),
(8,	2,	14,	'2020-08-21 14:31:11',	'2020-08-21 14:31:11'),
(9,	2,	15,	'2020-08-21 14:31:11',	'2020-08-21 14:31:11'),
(15,	6,	13,	'2020-09-22 10:05:08',	'2020-09-22 10:05:08'),
(16,	6,	14,	'2020-09-22 10:05:08',	'2020-09-22 10:05:08'),
(17,	6,	15,	'2020-09-22 10:05:08',	'2020-09-22 10:05:08');

DROP TABLE IF EXISTS `vehicle_types`;
CREATE TABLE `vehicle_types` (
  `id` bigint(20) unsigned NOT NULL AUTO_INCREMENT,
  `vehicle_type_order` bigint(20) unsigned NOT NULL,
  `created_at` timestamp NULL DEFAULT NULL,
  `updated_at` timestamp NULL DEFAULT NULL,
  PRIMARY KEY (`id`)
) ENGINE=InnoDB DEFAULT CHARSET=utf8mb4 COLLATE=utf8mb4_unicode_ci;

INSERT INTO `vehicle_types` (`id`, `vehicle_type_order`, `created_at`, `updated_at`) VALUES
(1,	1,	'2020-08-04 06:33:19',	'2020-08-04 06:33:19');

DROP TABLE IF EXISTS `vehicle_type_translations`;
CREATE TABLE `vehicle_type_translations` (
  `id` bigint(20) unsigned NOT NULL AUTO_INCREMENT,
  `vehicle_type_id` bigint(20) unsigned NOT NULL,
  `name` varchar(191) COLLATE utf8mb4_unicode_ci NOT NULL,
  `locale` varchar(5) COLLATE utf8mb4_unicode_ci NOT NULL,
  `created_at` timestamp NULL DEFAULT NULL,
  `updated_at` timestamp NULL DEFAULT NULL,
  PRIMARY KEY (`id`),
  UNIQUE KEY `vehicle_type_translations_vehicle_type_id_locale_unique` (`vehicle_type_id`,`locale`),
  KEY `vehicle_type_translations_locale_index` (`locale`),
  CONSTRAINT `vehicle_type_translations_vehicle_type_id_foreign` FOREIGN KEY (`vehicle_type_id`) REFERENCES `vehicle_types` (`id`) ON DELETE CASCADE
) ENGINE=InnoDB DEFAULT CHARSET=utf8mb4 COLLATE=utf8mb4_unicode_ci;

INSERT INTO `vehicle_type_translations` (`id`, `vehicle_type_id`, `name`, `locale`, `created_at`, `updated_at`) VALUES
(1,	1,	'Car',	'en',	'2020-08-04 06:33:19',	'2020-08-04 06:33:19'),
(2,	1,	'سيارة',	'ar',	'2020-08-04 06:33:19',	'2020-08-04 06:33:19');

-- 2020-10-26 05:04:58
